subscription_id,customer_id,plan_id,subscription_start_date,renewal_date,billing_cycle,auto_renewal,subscription_status,churn_flag,churn_date,tenure_months
1,1,6,2024-09-15,2025-09-15,Annual,True,Active,False,,22
2,2,6,2024-10-05,2025-10-05,Annual,True,Active,False,,21
3,3,2,2025-08-29,2025-09-29,Monthly,True,Active,False,,11
4,4,2,2024-06-30,2024-07-30,Monthly,True,Active,False,,25
5,5,3,2024-09-23,2025-02-26,Monthly,False,Expired,True,2025-02-26,22
6,6,2,2024-09-05,2024-10-05,Monthly,True,Active,False,,22
7,7,5,2025-12-03,2026-12-03,Annual,True,Active,False,,7
8,8,5,2025-12-24,2026-12-24,Annual,True,Active,False,,7
9,9,2,2025-03-06,2025-04-06,Monthly,True,Active,False,,16
10,10,2,2024-08-13,2024-09-13,Monthly,True,Active,False,,23
11,11,4,2024-02-29,2024-03-29,Monthly,True,Active,False,,29
12,12,5,2025-05-09,2026-05-09,Annual,True,Active,False,,14
13,13,2,2025-03-23,2025-04-23,Monthly,True,Active,False,,16
14,14,4,2025-11-02,2025-12-02,Monthly,True,Active,False,,8
15,15,5,2024-01-29,2025-01-29,Annual,True,Active,False,,30
16,16,2,2025-03-03,2025-04-03,Monthly,True,Active,False,,16
17,17,5,2024-07-06,2025-07-06,Annual,True,Active,False,,24
18,18,1,2025-01-03,2025-02-03,Monthly,True,Active,False,,18
19,19,3,2024-05-26,2024-06-26,Monthly,True,Active,False,,26
20,20,5,2025-10-23,2026-10-23,Annual,True,Active,False,,9
21,21,2,2024-07-15,2024-08-15,Monthly,False,Active,False,,24
22,22,5,2025-08-28,2026-08-28,Annual,False,Active,False,,11
23,23,4,2025-02-01,2025-03-01,Monthly,False,Active,False,,17
24,24,2,2024-06-05,2024-07-05,Monthly,True,Active,False,,25
25,25,5,2024-02-12,2025-02-12,Annual,True,Active,False,,29
26,26,2,2024-12-18,2025-01-18,Monthly,True,Active,False,,19
27,27,5,2025-01-27,2026-01-27,Annual,True,Active,False,,18
28,28,6,2024-02-07,2025-02-07,Annual,True,Active,False,,29
29,29,2,2025-11-21,2025-12-21,Monthly,True,Active,False,,8
30,30,6,2024-04-18,2025-04-18,Annual,True,Active,False,,27
31,31,6,2024-08-04,2025-05-12,Annual,True,Cancelled,True,2025-05-12,23
32,32,6,2024-11-19,2025-11-19,Annual,False,Active,False,,20
33,33,3,2025-08-09,2025-09-09,Monthly,True,Active,False,,11
34,34,2,2025-05-22,2025-06-22,Monthly,True,Active,False,,14
35,35,5,2024-09-29,2025-09-29,Annual,True,Active,False,,22
36,36,5,2025-09-24,2026-09-24,Annual,True,Active,False,,10
37,37,2,2025-12-16,2026-01-16,Monthly,True,Active,False,,7
38,38,4,2024-05-18,2024-06-18,Monthly,True,Active,False,,26
39,39,3,2024-05-24,2024-06-24,Monthly,True,Active,False,,26
40,40,2,2024-09-08,2024-10-08,Monthly,True,Active,False,,22
41,41,5,2026-01-17,2027-01-17,Annual,True,Active,False,,6
42,42,3,2024-05-30,2024-06-30,Monthly,True,Active,False,,26
43,43,5,2024-09-22,2025-09-22,Annual,True,Active,False,,22
44,44,5,2025-01-31,2026-01-31,Annual,True,Active,False,,18
45,45,2,2024-09-11,2024-10-11,Monthly,False,Active,False,,22
46,46,3,2025-06-25,2025-07-25,Monthly,True,Active,False,,13
47,47,6,2024-07-11,2025-07-11,Annual,True,Active,False,,24
48,48,4,2025-11-21,2025-12-21,Monthly,True,Active,False,,8
49,49,5,2025-09-01,2026-09-01,Annual,True,Active,False,,10
50,50,1,2025-09-11,2026-01-18,Monthly,False,Expired,True,2026-01-18,10
51,51,5,2024-11-29,2025-11-29,Annual,True,Active,False,,20
52,52,5,2024-01-22,2025-01-22,Annual,True,Active,False,,30
53,53,5,2024-08-21,2025-08-21,Annual,True,Active,False,,23
54,54,6,2025-10-17,2026-10-17,Annual,True,Active,False,,9
55,55,5,2024-12-16,2025-12-16,Annual,True,Active,False,,19
56,56,2,2024-08-26,2024-09-26,Monthly,True,Active,False,,23
57,57,3,2024-09-29,2024-10-29,Monthly,True,Active,False,,22
58,58,3,2025-04-03,2025-08-30,Monthly,False,Expired,True,2025-08-30,15
59,59,1,2025-11-09,2025-12-09,Monthly,True,Active,False,,8
60,60,6,2025-09-26,2026-09-26,Annual,True,Active,False,,10
61,61,2,2024-11-20,2024-12-20,Monthly,True,Active,False,,20
62,62,5,2024-01-28,2025-01-28,Annual,True,Active,False,,30
63,63,5,2024-03-07,2025-03-07,Annual,True,Active,False,,28
64,64,6,2026-01-01,2027-01-01,Annual,False,Active,False,,6
65,65,2,2024-11-11,2024-12-11,Monthly,True,Active,False,,20
66,66,3,2024-07-17,2024-08-17,Monthly,True,Active,False,,24
67,67,2,2024-03-10,2024-04-10,Monthly,True,Active,False,,28
68,68,2,2024-08-24,2024-09-24,Monthly,True,Active,False,,23
69,69,2,2025-08-13,2025-09-13,Monthly,True,Active,False,,11
70,70,5,2025-11-17,2026-11-17,Annual,True,Active,False,,8
71,71,5,2024-04-24,2025-04-24,Annual,True,Active,False,,27
72,72,5,2024-08-01,2025-08-01,Annual,True,Active,False,,23
73,73,6,2024-01-07,2025-01-07,Annual,True,Active,False,,30
74,74,2,2024-02-11,2024-03-11,Monthly,True,Active,False,,29
75,75,4,2025-04-29,2025-05-29,Monthly,True,Active,False,,15
76,76,6,2025-02-16,2026-02-16,Annual,True,Active,False,,17
77,77,5,2025-11-21,2026-07-07,Annual,False,Expired,True,2026-07-07,8
78,78,6,2025-04-15,2026-04-15,Annual,True,Active,False,,15
79,79,3,2024-04-21,2024-05-21,Monthly,True,Active,False,,27
80,80,1,2025-08-21,2025-09-21,Monthly,True,Active,False,,11
81,81,2,2025-04-22,2025-10-14,Monthly,False,Expired,True,2025-10-14,15
82,82,2,2025-11-03,2026-04-11,Monthly,False,Cancelled,True,2026-04-11,8
83,83,2,2025-12-28,2026-01-28,Monthly,True,Active,False,,7
84,84,2,2025-01-05,2025-02-05,Monthly,True,Active,False,,18
85,85,5,2024-08-14,2025-08-14,Annual,True,Active,False,,23
86,86,5,2025-06-18,2026-06-18,Annual,False,Active,False,,13
87,87,4,2024-11-25,2025-03-25,Monthly,True,Cancelled,True,2025-03-25,20
88,88,2,2024-06-12,2024-07-12,Monthly,True,Active,False,,25
89,89,5,2024-06-11,2025-06-11,Annual,True,Active,False,,25
90,90,2,2025-05-05,2025-06-05,Monthly,True,Active,False,,14
91,91,2,2024-06-13,2024-07-13,Monthly,True,Active,False,,25
92,92,5,2024-06-05,2025-06-05,Annual,True,Active,False,,25
93,93,5,2025-06-22,2026-06-22,Annual,True,Active,False,,13
94,94,5,2024-11-20,2025-11-20,Annual,True,Active,False,,20
95,95,1,2024-03-10,2024-04-10,Monthly,True,Active,False,,28
96,96,2,2024-10-29,2024-11-29,Monthly,True,Active,False,,21
97,97,5,2024-09-28,2025-09-28,Annual,True,Active,False,,22
98,98,4,2024-12-12,2025-01-12,Monthly,True,Active,False,,19
99,99,2,2024-02-13,2024-03-13,Monthly,True,Active,False,,29
100,100,5,2025-03-02,2026-03-02,Annual,True,Active,False,,16
101,101,5,2024-02-25,2025-02-25,Annual,True,Active,False,,29
102,102,3,2025-06-01,2025-07-01,Monthly,True,Active,False,,13
103,103,5,2025-05-12,2026-05-12,Annual,True,Active,False,,14
104,104,3,2024-03-24,2024-04-24,Monthly,True,Active,False,,28
105,105,1,2025-07-05,2025-08-05,Monthly,True,Active,False,,12
106,106,3,2024-06-14,2024-07-14,Monthly,True,Active,False,,25
107,107,3,2024-10-01,2024-11-01,Monthly,True,Active,False,,21
108,108,3,2025-07-29,2025-08-29,Monthly,True,Active,False,,12
109,109,5,2025-06-19,2026-06-19,Annual,True,Active,False,,13
110,110,5,2025-02-05,2026-02-05,Annual,True,Active,False,,17
111,111,6,2024-05-12,2025-05-12,Annual,True,Active,False,,26
112,112,5,2024-08-03,2025-08-03,Annual,True,Active,False,,23
113,113,6,2025-01-11,2026-01-11,Annual,True,Active,False,,18
114,114,3,2025-09-20,2025-10-20,Monthly,True,Active,False,,10
115,115,2,2024-01-13,2024-02-13,Monthly,False,Active,False,,30
116,116,4,2025-07-10,2025-08-10,Monthly,True,Active,False,,12
117,117,2,2025-05-30,2025-06-30,Monthly,True,Active,False,,14
118,118,2,2025-07-10,2025-09-05,Monthly,True,Cancelled,True,2025-09-05,12
119,119,5,2025-03-05,2026-03-05,Annual,True,Active,False,,16
120,120,6,2025-09-10,2026-09-10,Annual,True,Active,False,,10
121,121,6,2025-02-13,2026-02-13,Annual,True,Active,False,,17
122,122,4,2024-02-12,2024-03-12,Monthly,True,Active,False,,29
123,123,2,2025-09-02,2025-10-02,Monthly,True,Active,False,,10
124,124,5,2024-12-11,2025-10-25,Annual,False,Expired,True,2025-10-25,19
125,125,2,2024-07-13,2024-08-13,Monthly,True,Active,False,,24
126,126,2,2025-11-26,2025-12-26,Monthly,True,Active,False,,8
127,127,3,2025-07-09,2025-08-09,Monthly,True,Active,False,,12
128,128,5,2024-12-21,2025-12-21,Annual,True,Active,False,,19
129,129,5,2025-02-18,2026-02-18,Annual,True,Active,False,,17
130,130,2,2025-03-13,2025-04-13,Monthly,True,Active,False,,16
131,131,1,2025-07-05,2025-08-05,Monthly,True,Active,False,,12
132,132,3,2025-03-19,2025-04-19,Monthly,False,Active,False,,16
133,133,2,2024-12-06,2025-01-06,Monthly,False,Active,False,,19
134,134,2,2025-01-13,2025-02-13,Monthly,True,Active,False,,18
135,135,4,2025-10-15,2025-11-15,Monthly,True,Active,False,,9
136,136,3,2025-03-06,2025-04-06,Monthly,True,Active,False,,16
137,137,2,2025-08-12,2025-09-12,Monthly,True,Active,False,,11
138,138,5,2024-05-23,2025-05-23,Annual,True,Active,False,,26
139,139,5,2024-12-20,2025-12-20,Annual,True,Active,False,,19
140,140,5,2025-09-25,2026-09-25,Annual,False,Active,False,,10
141,141,5,2024-11-27,2025-11-27,Annual,True,Active,False,,20
142,142,5,2024-03-08,2025-03-08,Annual,True,Active,False,,28
143,143,1,2024-05-20,2024-06-20,Monthly,True,Active,False,,26
144,144,5,2025-11-25,2026-11-25,Annual,True,Active,False,,8
145,145,3,2025-11-02,2025-12-02,Monthly,True,Active,False,,8
146,146,2,2025-01-13,2025-03-16,Monthly,False,Cancelled,True,2025-03-16,18
147,147,6,2025-03-07,2026-03-07,Annual,False,Active,False,,16
148,148,2,2025-08-07,2025-09-07,Monthly,True,Active,False,,11
149,149,3,2024-07-01,2024-08-01,Monthly,True,Active,False,,24
150,150,4,2025-11-16,2025-12-16,Monthly,True,Active,False,,8
151,151,5,2024-03-06,2025-03-06,Annual,True,Active,False,,28
152,152,2,2024-03-23,2024-04-23,Monthly,True,Active,False,,28
153,153,6,2025-06-14,2026-06-14,Annual,True,Active,False,,13
154,154,6,2025-09-15,2026-09-15,Annual,True,Active,False,,10
155,155,2,2024-07-04,2024-11-11,Monthly,False,Cancelled,True,2024-11-11,24
156,156,4,2025-04-28,2025-05-28,Monthly,True,Active,False,,15
157,157,3,2025-11-13,2025-12-13,Monthly,True,Active,False,,8
158,158,5,2024-05-20,2025-05-20,Annual,True,Active,False,,26
159,159,4,2025-07-15,2025-08-15,Monthly,True,Active,False,,12
160,160,2,2024-09-02,2024-10-02,Monthly,True,Active,False,,22
161,161,5,2025-03-13,2026-03-13,Annual,True,Active,False,,16
162,162,4,2024-01-21,2024-02-21,Monthly,True,Active,False,,30
163,163,4,2025-05-22,2025-06-22,Monthly,False,Active,False,,14
164,164,5,2024-03-10,2025-03-10,Annual,True,Active,False,,28
165,165,2,2024-09-30,2024-10-30,Monthly,True,Active,False,,22
166,166,6,2024-02-22,2025-02-22,Annual,True,Active,False,,29
167,167,2,2024-08-17,2024-09-17,Monthly,False,Active,False,,23
168,168,2,2024-07-16,2024-10-06,Monthly,False,Cancelled,True,2024-10-06,24
169,169,5,2025-04-14,2026-04-14,Annual,True,Active,False,,15
170,170,4,2025-06-15,2025-07-15,Monthly,True,Active,False,,13
171,171,4,2024-02-24,2024-03-24,Monthly,False,Active,False,,29
172,172,3,2025-06-13,2025-07-13,Monthly,False,Active,False,,13
173,173,6,2024-06-20,2025-06-20,Annual,True,Active,False,,25
174,174,3,2024-05-18,2024-06-18,Monthly,True,Active,False,,26
175,175,1,2024-08-01,2024-09-01,Monthly,True,Active,False,,23
176,176,3,2024-04-12,2024-05-12,Monthly,True,Active,False,,27
177,177,5,2025-01-26,2026-01-26,Annual,True,Active,False,,18
178,178,5,2025-12-13,2026-12-13,Annual,True,Active,False,,7
179,179,4,2025-09-06,2025-10-06,Monthly,True,Active,False,,10
180,180,2,2024-12-04,2025-01-04,Monthly,True,Active,False,,19
181,181,4,2025-10-17,2025-11-17,Monthly,True,Active,False,,9
182,182,2,2025-06-25,2025-07-25,Monthly,False,Active,False,,13
183,183,3,2024-04-15,2024-08-16,Monthly,False,Cancelled,True,2024-08-16,27
184,184,3,2024-04-04,2024-05-04,Monthly,True,Active,False,,27
185,185,4,2024-11-27,2025-01-24,Monthly,False,Expired,True,2025-01-24,20
186,186,5,2024-07-22,2025-07-22,Annual,True,Active,False,,24
187,187,5,2025-10-21,2026-10-21,Annual,True,Active,False,,9
188,188,2,2024-04-05,2024-05-05,Monthly,True,Active,False,,27
189,189,3,2024-09-19,2024-10-19,Monthly,True,Active,False,,22
190,190,4,2024-02-08,2024-03-08,Monthly,True,Active,False,,29
191,191,5,2024-03-20,2025-03-20,Annual,True,Active,False,,28
192,192,2,2024-12-23,2025-01-23,Monthly,True,Active,False,,19
193,193,5,2025-08-31,2026-08-31,Annual,True,Active,False,,11
194,194,4,2025-01-02,2025-02-02,Monthly,True,Active,False,,18
195,195,2,2025-10-01,2025-11-01,Monthly,True,Active,False,,9
196,196,5,2024-11-13,2025-11-13,Annual,True,Active,False,,20
197,197,5,2025-05-18,2026-05-18,Annual,True,Active,False,,14
198,198,3,2024-03-19,2024-04-19,Monthly,True,Active,False,,28
199,199,5,2025-07-12,2026-07-12,Annual,True,Active,False,,12
200,200,4,2025-12-30,2026-01-30,Monthly,True,Active,False,,7
201,201,3,2025-08-06,2025-09-06,Monthly,True,Active,False,,11
202,202,6,2024-02-25,2025-02-25,Annual,True,Active,False,,29
203,203,5,2024-04-27,2025-04-27,Annual,True,Active,False,,27
204,204,2,2025-07-13,2025-08-13,Monthly,True,Active,False,,12
205,205,4,2025-03-14,2025-05-30,Monthly,False,Cancelled,True,2025-05-30,16
206,206,5,2024-08-02,2025-08-02,Annual,True,Active,False,,23
207,207,2,2024-01-12,2024-02-12,Monthly,True,Active,False,,30
208,208,2,2024-02-12,2024-03-12,Monthly,True,Active,False,,29
209,209,5,2025-12-24,2026-12-24,Annual,True,Active,False,,7
210,210,3,2024-10-29,2024-11-29,Monthly,True,Active,False,,21
211,211,6,2024-08-05,2025-08-05,Annual,True,Active,False,,23
212,212,5,2024-11-03,2025-11-03,Annual,True,Active,False,,20
213,213,4,2025-01-17,2025-02-17,Monthly,True,Active,False,,18
214,214,3,2024-09-22,2024-10-22,Monthly,True,Active,False,,22
215,215,4,2025-06-20,2025-07-20,Monthly,True,Active,False,,13
216,216,3,2025-01-24,2025-02-24,Monthly,True,Active,False,,18
217,217,5,2025-11-22,2026-11-22,Annual,True,Active,False,,8
218,218,5,2025-09-22,2026-09-22,Annual,True,Active,False,,10
219,219,4,2024-08-15,2024-11-07,Monthly,False,Expired,True,2024-11-07,23
220,220,5,2025-05-19,2026-05-19,Annual,True,Active,False,,14
221,221,3,2025-07-02,2025-08-02,Monthly,True,Active,False,,12
222,222,3,2024-02-26,2024-03-26,Monthly,True,Active,False,,29
223,223,3,2025-11-02,2025-12-02,Monthly,True,Active,False,,8
224,224,2,2024-11-29,2025-03-18,Monthly,False,Cancelled,True,2025-03-18,20
225,225,4,2024-07-11,2024-08-11,Monthly,True,Active,False,,24
226,226,3,2025-05-19,2025-08-11,Monthly,False,Expired,True,2025-08-11,14
227,227,6,2024-04-29,2025-04-29,Annual,True,Active,False,,27
228,228,4,2024-10-06,2024-11-06,Monthly,True,Active,False,,21
229,229,5,2025-01-12,2026-01-12,Annual,True,Active,False,,18
230,230,3,2025-09-18,2025-10-18,Monthly,True,Active,False,,10
231,231,3,2024-07-02,2024-08-02,Monthly,True,Active,False,,24
232,232,2,2025-08-28,2025-09-28,Monthly,False,Cancelled,True,2025-09-28,11
233,233,3,2024-12-09,2025-01-09,Monthly,True,Active,False,,19
234,234,5,2025-06-28,2026-06-28,Annual,True,Active,False,,13
235,235,3,2025-11-18,2025-12-18,Monthly,True,Active,False,,8
236,236,3,2025-06-13,2025-07-13,Monthly,True,Active,False,,13
237,237,3,2024-09-19,2024-10-19,Monthly,False,Active,False,,22
238,238,3,2024-12-09,2025-01-09,Monthly,True,Active,False,,19
239,239,2,2024-11-12,2024-12-12,Monthly,True,Active,False,,20
240,240,5,2025-04-10,2026-04-10,Annual,True,Active,False,,15
241,241,3,2024-10-27,2024-11-27,Monthly,True,Active,False,,21
242,242,4,2025-08-29,2025-09-29,Monthly,True,Active,False,,11
243,243,5,2025-09-03,2026-09-03,Annual,True,Active,False,,10
244,244,5,2024-10-19,2025-10-19,Annual,True,Active,False,,21
245,245,1,2025-07-20,2025-08-20,Monthly,True,Active,False,,12
246,246,4,2026-01-12,2026-02-12,Monthly,True,Active,False,,6
247,247,3,2025-06-24,2025-07-24,Monthly,True,Active,False,,13
248,248,4,2024-05-27,2024-06-27,Monthly,True,Active,False,,26
249,249,2,2024-11-07,2024-12-07,Monthly,True,Active,False,,20
250,250,5,2024-02-18,2025-02-18,Annual,True,Active,False,,29
251,251,6,2024-08-04,2025-08-04,Annual,True,Active,False,,23
252,252,5,2025-04-05,2026-04-05,Annual,False,Active,False,,15
253,253,5,2025-03-07,2026-03-07,Annual,True,Active,False,,16
254,254,5,2025-08-11,2026-08-11,Annual,True,Active,False,,11
255,255,4,2024-03-30,2024-04-30,Monthly,True,Active,False,,28
256,256,5,2024-11-06,2025-11-06,Annual,True,Active,False,,20
257,257,6,2025-06-06,2026-06-06,Annual,True,Active,False,,13
258,258,5,2024-07-02,2025-07-02,Annual,True,Active,False,,24
259,259,5,2025-05-31,2026-05-31,Annual,True,Active,False,,14
260,260,2,2025-06-22,2025-11-02,Monthly,False,Expired,True,2025-11-02,13
261,261,5,2025-05-29,2026-05-29,Annual,False,Active,False,,14
262,262,3,2025-12-12,2026-01-12,Monthly,True,Active,False,,7
263,263,6,2024-07-23,2025-07-23,Annual,True,Active,False,,24
264,264,5,2025-12-01,2026-12-01,Annual,True,Active,False,,7
265,265,5,2024-10-01,2025-10-01,Annual,True,Active,False,,21
266,266,5,2025-11-16,2026-11-16,Annual,True,Active,False,,8
267,267,5,2024-09-03,2025-09-03,Annual,True,Active,False,,22
268,268,4,2024-03-27,2024-04-27,Monthly,True,Active,False,,28
269,269,2,2025-12-17,2026-01-17,Monthly,True,Active,False,,7
270,270,5,2024-10-26,2025-10-26,Annual,True,Active,False,,21
271,271,2,2024-10-17,2024-11-17,Monthly,True,Active,False,,21
272,272,3,2024-04-16,2024-05-16,Monthly,True,Active,False,,27
273,273,2,2025-04-17,2025-05-17,Monthly,True,Active,False,,15
274,274,2,2025-11-28,2025-12-28,Monthly,True,Active,False,,8
275,275,2,2024-06-23,2024-07-23,Monthly,True,Active,False,,25
276,276,1,2024-07-18,2024-08-18,Monthly,True,Active,False,,24
277,277,5,2024-11-05,2025-11-05,Annual,True,Active,False,,20
278,278,2,2024-11-02,2024-12-02,Monthly,True,Active,False,,20
279,279,3,2025-03-14,2025-04-14,Monthly,True,Active,False,,16
280,280,6,2025-02-27,2026-02-27,Annual,True,Active,False,,17
281,281,2,2024-05-30,2024-06-30,Monthly,True,Active,False,,26
282,282,6,2024-07-03,2025-07-03,Annual,True,Active,False,,24
283,283,3,2024-03-20,2024-04-20,Monthly,True,Active,False,,28
284,284,2,2024-03-24,2024-04-24,Monthly,True,Active,False,,28
285,285,2,2025-08-02,2025-09-02,Monthly,True,Active,False,,11
286,286,5,2026-01-08,2027-01-08,Annual,True,Active,False,,6
287,287,2,2025-10-02,2025-11-02,Monthly,True,Active,False,,9
288,288,3,2024-09-07,2024-10-07,Monthly,True,Active,False,,22
289,289,2,2025-01-14,2025-02-14,Monthly,True,Active,False,,18
290,290,5,2024-05-17,2025-05-17,Annual,True,Active,False,,26
291,291,6,2025-12-22,2026-12-22,Annual,True,Active,False,,7
292,292,4,2024-07-07,2024-08-07,Monthly,True,Active,False,,24
293,293,2,2024-04-03,2024-05-03,Monthly,True,Active,False,,27
294,294,2,2025-07-30,2025-12-07,Monthly,True,Cancelled,True,2025-12-07,12
295,295,3,2025-04-16,2025-05-16,Monthly,True,Active,False,,15
296,296,4,2026-01-05,2026-02-05,Monthly,True,Active,False,,6
297,297,3,2025-07-24,2025-08-24,Monthly,False,Active,False,,12
298,298,4,2024-08-20,2024-10-30,Monthly,False,Expired,True,2024-10-30,23
299,299,5,2025-07-30,2026-07-30,Annual,True,Active,False,,12
300,300,4,2025-08-22,2025-09-22,Monthly,True,Active,False,,11
301,301,5,2025-03-02,2026-03-02,Annual,True,Active,False,,16
302,302,3,2024-03-04,2024-04-04,Monthly,True,Active,False,,28
303,303,5,2024-07-30,2025-07-30,Annual,True,Active,False,,24
304,304,2,2025-03-06,2025-04-06,Monthly,True,Active,False,,16
305,305,2,2024-12-27,2025-03-09,Monthly,False,Cancelled,True,2025-03-09,19
306,306,3,2025-11-13,2025-12-13,Monthly,True,Active,False,,8
307,307,4,2024-02-10,2024-03-10,Monthly,True,Active,False,,29
308,308,4,2025-12-10,2026-01-10,Monthly,True,Active,False,,7
309,309,1,2024-09-03,2024-10-03,Monthly,True,Active,False,,22
310,310,2,2024-07-10,2024-08-10,Monthly,True,Active,False,,24
311,311,4,2025-08-29,2025-09-29,Monthly,True,Active,False,,11
312,312,4,2024-07-22,2024-08-22,Monthly,True,Active,False,,24
313,313,5,2024-04-21,2025-04-21,Annual,True,Active,False,,27
314,314,6,2024-07-30,2025-07-30,Annual,True,Active,False,,24
315,315,5,2025-06-24,2026-06-24,Annual,True,Active,False,,13
316,316,4,2024-01-26,2024-02-26,Monthly,True,Active,False,,30
317,317,2,2025-06-08,2025-07-08,Monthly,False,Active,False,,13
318,318,6,2025-02-27,2026-02-27,Annual,True,Active,False,,17
319,319,2,2024-10-03,2025-02-06,Monthly,False,Cancelled,True,2025-02-06,21
320,320,5,2025-05-28,2026-05-28,Annual,True,Active,False,,14
321,321,4,2024-10-07,2024-11-07,Monthly,True,Active,False,,21
322,322,3,2026-01-17,2026-02-17,Monthly,True,Active,False,,6
323,323,5,2025-05-09,2026-05-09,Annual,True,Active,False,,14
324,324,5,2024-04-04,2025-04-04,Annual,True,Active,False,,27
325,325,2,2024-12-26,2025-01-26,Monthly,False,Active,False,,19
326,326,2,2024-12-28,2025-01-28,Monthly,True,Active,False,,19
327,327,5,2025-10-26,2026-10-26,Annual,True,Active,False,,9
328,328,3,2025-01-20,2025-02-20,Monthly,True,Active,False,,18
329,329,5,2024-12-15,2025-12-15,Annual,True,Active,False,,19
330,330,5,2024-08-24,2025-08-24,Annual,True,Active,False,,23
331,331,4,2025-08-13,2025-09-13,Monthly,True,Active,False,,11
332,332,4,2025-06-13,2025-07-13,Monthly,True,Active,False,,13
333,333,6,2026-01-01,2027-01-01,Annual,True,Active,False,,6
334,334,2,2024-10-13,2024-11-13,Monthly,True,Active,False,,21
335,335,4,2025-05-07,2025-06-07,Monthly,True,Active,False,,14
336,336,5,2024-10-26,2025-10-26,Annual,True,Active,False,,21
337,337,5,2024-11-11,2025-11-11,Annual,True,Active,False,,20
338,338,5,2025-02-16,2026-02-16,Annual,True,Active,False,,17
339,339,5,2025-02-06,2026-02-06,Annual,True,Active,False,,17
340,340,3,2025-10-29,2025-11-29,Monthly,True,Active,False,,9
341,341,5,2025-07-19,2026-07-19,Annual,True,Active,False,,12
342,342,5,2024-07-27,2025-07-27,Annual,True,Active,False,,24
343,343,1,2025-09-02,2025-10-02,Monthly,True,Active,False,,10
344,344,2,2024-07-24,2024-08-24,Monthly,True,Active,False,,24
345,345,5,2025-12-21,2026-12-21,Annual,True,Active,False,,7
346,346,5,2024-07-16,2025-07-16,Annual,True,Active,False,,24
347,347,5,2025-01-02,2026-01-02,Annual,True,Active,False,,18
348,348,3,2025-01-29,2025-02-28,Monthly,True,Active,False,,18
349,349,5,2025-04-22,2026-04-22,Annual,True,Active,False,,15
350,350,2,2025-01-09,2025-02-09,Monthly,True,Active,False,,18
351,351,5,2024-09-20,2025-09-20,Annual,True,Active,False,,22
352,352,2,2024-11-07,2024-12-07,Monthly,False,Active,False,,20
353,353,2,2025-07-03,2025-08-03,Monthly,True,Active,False,,12
354,354,3,2025-08-17,2025-09-17,Monthly,True,Active,False,,11
355,355,6,2025-09-17,2026-06-23,Annual,False,Cancelled,True,2026-06-23,10
356,356,4,2024-04-18,2024-05-18,Monthly,True,Active,False,,27
357,357,2,2024-04-14,2024-10-05,Monthly,False,Cancelled,True,2024-10-05,27
358,358,3,2024-05-04,2024-06-04,Monthly,True,Active,False,,26
359,359,5,2024-12-05,2025-12-05,Annual,True,Active,False,,19
360,360,5,2024-10-26,2025-10-26,Annual,True,Active,False,,21
361,361,6,2024-05-28,2025-05-28,Annual,True,Active,False,,26
362,362,5,2024-08-14,2025-08-14,Annual,True,Active,False,,23
363,363,4,2025-03-19,2025-04-19,Monthly,True,Active,False,,16
364,364,5,2024-09-28,2025-09-28,Annual,True,Active,False,,22
365,365,2,2024-06-30,2024-07-30,Monthly,True,Active,False,,25
366,366,5,2025-04-19,2026-04-19,Annual,False,Active,False,,15
367,367,3,2025-04-29,2025-09-17,Monthly,False,Cancelled,True,2025-09-17,15
368,368,6,2024-05-11,2025-05-11,Annual,True,Active,False,,26
369,369,5,2025-10-07,2026-10-07,Annual,True,Active,False,,9
370,370,5,2024-03-22,2025-03-22,Annual,True,Active,False,,28
371,371,5,2025-06-04,2026-06-04,Annual,True,Active,False,,13
372,372,6,2025-03-06,2026-03-06,Annual,True,Active,False,,16
373,373,1,2025-11-11,2026-04-13,Monthly,False,Expired,True,2026-04-13,8
374,374,6,2024-10-23,2025-10-23,Annual,True,Active,False,,21
375,375,5,2024-12-01,2025-12-01,Annual,True,Active,False,,19
376,376,6,2024-11-12,2025-11-12,Annual,True,Active,False,,20
377,377,5,2024-08-09,2025-08-09,Annual,True,Active,False,,23
378,378,5,2025-11-19,2026-11-19,Annual,True,Active,False,,8
379,379,5,2024-03-30,2025-03-30,Annual,True,Active,False,,28
380,380,5,2024-07-14,2025-07-14,Annual,True,Active,False,,24
381,381,3,2024-01-30,2024-02-29,Monthly,True,Active,False,,30
382,382,3,2025-03-03,2025-04-03,Monthly,True,Active,False,,16
383,383,4,2024-02-02,2024-03-02,Monthly,True,Active,False,,29
384,384,2,2024-03-21,2024-04-21,Monthly,True,Active,False,,28
385,385,3,2025-04-11,2025-05-11,Monthly,True,Active,False,,15
386,386,3,2025-01-24,2025-02-24,Monthly,True,Active,False,,18
387,387,5,2025-03-19,2025-10-31,Annual,True,Cancelled,True,2025-10-31,16
388,388,3,2024-06-10,2024-07-10,Monthly,True,Active,False,,25
389,389,2,2024-01-25,2024-02-25,Monthly,True,Active,False,,30
390,390,3,2025-09-17,2026-01-14,Monthly,False,Cancelled,True,2026-01-14,10
391,391,2,2024-01-16,2024-02-16,Monthly,True,Active,False,,30
392,392,4,2024-08-10,2024-09-10,Monthly,True,Active,False,,23
393,393,2,2025-09-15,2025-10-15,Monthly,True,Active,False,,10
394,394,4,2024-12-08,2025-01-08,Monthly,True,Active,False,,19
395,395,3,2025-05-02,2025-09-14,Monthly,False,Expired,True,2025-09-14,14
396,396,5,2024-04-25,2025-04-25,Annual,False,Active,False,,27
397,397,4,2025-11-11,2026-02-09,Monthly,False,Expired,True,2026-02-09,8
398,398,2,2025-05-02,2025-06-02,Monthly,True,Active,False,,14
399,399,2,2025-07-26,2025-08-26,Monthly,True,Active,False,,12
400,400,1,2024-09-16,2024-10-16,Monthly,True,Active,False,,22
401,401,2,2025-05-04,2025-06-04,Monthly,True,Active,False,,14
402,402,2,2025-04-21,2025-09-12,Monthly,False,Cancelled,True,2025-09-12,15
403,403,6,2025-10-08,2026-10-08,Annual,True,Active,False,,9
404,404,3,2024-08-24,2024-09-24,Monthly,True,Active,False,,23
405,405,5,2025-02-05,2026-02-05,Annual,True,Active,False,,17
406,406,2,2025-09-03,2026-02-20,Monthly,False,Expired,True,2026-02-20,10
407,407,5,2024-06-17,2025-06-17,Annual,True,Active,False,,25
408,408,2,2025-04-07,2025-05-07,Monthly,True,Active,False,,15
409,409,5,2025-02-09,2026-02-09,Annual,True,Active,False,,17
410,410,2,2024-09-30,2024-10-30,Monthly,True,Active,False,,22
411,411,5,2025-12-16,2026-12-16,Annual,True,Active,False,,7
412,412,3,2025-08-30,2025-12-13,Monthly,True,Cancelled,True,2025-12-13,11
413,413,2,2024-09-01,2024-10-01,Monthly,True,Active,False,,22
414,414,6,2025-03-03,2026-03-03,Annual,True,Active,False,,16
415,415,5,2025-12-21,2026-12-21,Annual,True,Active,False,,7
416,416,5,2025-07-05,2026-07-05,Annual,True,Active,False,,12
417,417,5,2024-08-06,2025-08-06,Annual,True,Active,False,,23
418,418,5,2025-01-27,2026-01-27,Annual,True,Active,False,,18
419,419,5,2025-02-16,2026-02-16,Annual,True,Active,False,,17
420,420,2,2024-06-29,2024-07-29,Monthly,True,Active,False,,25
421,421,2,2024-11-21,2024-12-21,Monthly,True,Active,False,,20
422,422,5,2025-09-29,2026-09-29,Annual,True,Active,False,,10
423,423,2,2025-05-20,2025-07-05,Monthly,False,Expired,True,2025-07-05,14
424,424,6,2024-10-31,2025-10-31,Annual,True,Active,False,,21
425,425,3,2025-02-28,2025-03-28,Monthly,True,Active,False,,17
426,426,4,2025-06-03,2025-07-03,Monthly,True,Active,False,,13
427,427,4,2025-03-06,2025-04-06,Monthly,True,Active,False,,16
428,428,4,2024-01-10,2024-02-10,Monthly,True,Active,False,,30
429,429,2,2025-02-14,2025-03-14,Monthly,True,Active,False,,17
430,430,2,2024-11-10,2024-12-10,Monthly,True,Active,False,,20
431,431,6,2025-01-21,2026-01-21,Annual,True,Active,False,,18
432,432,2,2024-05-02,2024-06-02,Monthly,True,Active,False,,26
433,433,4,2025-12-04,2026-01-04,Monthly,True,Active,False,,7
434,434,5,2024-09-15,2025-09-15,Annual,True,Active,False,,22
435,435,5,2024-09-08,2025-09-08,Annual,True,Active,False,,22
436,436,5,2025-10-12,2026-10-12,Annual,True,Active,False,,9
437,437,6,2025-02-27,2026-02-27,Annual,True,Active,False,,17
438,438,4,2024-02-07,2024-03-07,Monthly,True,Active,False,,29
439,439,4,2024-06-30,2024-07-30,Monthly,True,Active,False,,25
440,440,2,2025-05-11,2025-08-10,Monthly,False,Cancelled,True,2025-08-10,14
441,441,3,2024-10-26,2024-11-26,Monthly,True,Active,False,,21
442,442,1,2025-08-13,2025-09-29,Monthly,False,Expired,True,2025-09-29,11
443,443,5,2025-07-09,2026-07-09,Annual,True,Active,False,,12
444,444,6,2025-11-09,2026-11-09,Annual,True,Active,False,,8
445,445,1,2025-01-14,2025-02-14,Monthly,True,Active,False,,18
446,446,3,2025-03-11,2025-04-11,Monthly,True,Active,False,,16
447,447,6,2025-11-10,2026-11-10,Annual,True,Active,False,,8
448,448,2,2024-11-03,2024-12-03,Monthly,True,Active,False,,20
449,449,3,2025-10-16,2025-11-16,Monthly,True,Active,False,,9
450,450,5,2025-03-28,2026-03-28,Annual,True,Active,False,,16
451,451,3,2025-12-15,2026-02-21,Monthly,False,Expired,True,2026-02-21,7
452,452,5,2024-12-17,2025-12-17,Annual,True,Active,False,,19
453,453,2,2025-08-06,2025-09-06,Monthly,True,Active,False,,11
454,454,6,2025-01-06,2026-01-06,Annual,True,Active,False,,18
455,455,2,2024-07-09,2024-08-09,Monthly,False,Active,False,,24
456,456,4,2024-10-30,2024-11-30,Monthly,True,Active,False,,21
457,457,2,2024-10-28,2024-11-28,Monthly,True,Active,False,,21
458,458,4,2024-12-26,2025-01-26,Monthly,True,Active,False,,19
459,459,3,2024-03-30,2024-04-30,Monthly,True,Active,False,,28
460,460,2,2024-07-18,2024-08-18,Monthly,True,Active,False,,24
461,461,2,2024-09-26,2024-10-26,Monthly,True,Active,False,,22
462,462,3,2025-11-10,2025-12-10,Monthly,True,Active,False,,8
463,463,4,2025-06-25,2025-07-25,Monthly,True,Active,False,,13
464,464,2,2025-09-06,2025-10-06,Monthly,True,Active,False,,10
465,465,4,2024-04-06,2024-05-06,Monthly,True,Active,False,,27
466,466,6,2024-11-18,2025-11-18,Annual,True,Active,False,,20
467,467,4,2024-04-03,2024-09-01,Monthly,True,Cancelled,True,2024-09-01,27
468,468,5,2024-11-08,2025-11-08,Annual,True,Active,False,,20
469,469,1,2024-10-09,2024-11-09,Monthly,True,Active,False,,21
470,470,2,2025-09-02,2025-10-02,Monthly,True,Active,False,,10
471,471,1,2025-04-11,2025-05-11,Monthly,True,Active,False,,15
472,472,2,2024-10-29,2024-11-29,Monthly,True,Active,False,,21
473,473,5,2025-04-12,2026-04-12,Annual,True,Active,False,,15
474,474,3,2025-02-15,2025-03-15,Monthly,True,Active,False,,17
475,475,4,2024-04-20,2024-05-20,Monthly,True,Active,False,,27
476,476,5,2025-06-21,2026-06-21,Annual,True,Active,False,,13
477,477,3,2026-01-11,2026-02-11,Monthly,True,Active,False,,6
478,478,6,2024-02-14,2025-02-14,Annual,True,Active,False,,29
479,479,2,2024-01-06,2024-02-06,Monthly,False,Active,False,,30
480,480,3,2025-11-03,2025-12-03,Monthly,True,Active,False,,8
481,481,5,2025-10-25,2026-10-25,Annual,True,Active,False,,9
482,482,2,2025-11-16,2025-12-16,Monthly,True,Active,False,,8
483,483,2,2024-06-15,2024-09-01,Monthly,True,Cancelled,True,2024-09-01,25
484,484,2,2025-09-18,2025-10-18,Monthly,True,Active,False,,10
485,485,4,2026-01-11,2026-06-01,Monthly,True,Cancelled,True,2026-06-01,6
486,486,1,2025-06-22,2025-07-22,Monthly,True,Active,False,,13
487,487,2,2024-01-08,2024-02-08,Monthly,True,Active,False,,30
488,488,4,2024-02-26,2024-03-26,Monthly,True,Active,False,,29
489,489,5,2024-09-08,2025-09-08,Annual,True,Active,False,,22
490,490,2,2024-06-19,2024-07-19,Monthly,True,Active,False,,25
491,491,5,2024-05-24,2025-05-24,Annual,True,Active,False,,26
492,492,5,2024-11-09,2025-11-09,Annual,True,Active,False,,20
493,493,2,2024-09-17,2024-10-17,Monthly,True,Active,False,,22
494,494,2,2025-03-20,2025-04-20,Monthly,True,Active,False,,16
495,495,5,2025-06-14,2026-06-14,Annual,True,Active,False,,13
496,496,5,2024-08-14,2025-08-14,Annual,True,Active,False,,23
497,497,4,2025-03-13,2025-04-13,Monthly,True,Active,False,,16
498,498,2,2024-08-06,2024-09-06,Monthly,True,Active,False,,23
499,499,5,2025-03-28,2026-03-28,Annual,True,Active,False,,16
500,500,5,2024-12-21,2025-12-21,Annual,True,Active,False,,19
501,501,5,2026-01-14,2027-01-14,Annual,True,Active,False,,6
502,502,2,2025-11-01,2026-01-28,Monthly,False,Expired,True,2026-01-28,8
503,503,5,2025-01-09,2026-01-09,Annual,True,Active,False,,18
504,504,2,2025-03-27,2025-04-27,Monthly,True,Active,False,,16
505,505,4,2025-09-04,2025-10-04,Monthly,False,Active,False,,10
506,506,3,2025-05-25,2025-06-25,Monthly,True,Active,False,,14
507,507,5,2025-08-24,2026-08-24,Annual,True,Active,False,,11
508,508,3,2024-04-04,2024-05-04,Monthly,True,Active,False,,27
509,509,5,2024-07-15,2025-07-15,Annual,True,Active,False,,24
510,510,5,2025-04-30,2026-04-30,Annual,True,Active,False,,15
511,511,4,2025-04-23,2025-05-23,Monthly,True,Active,False,,15
512,512,5,2024-02-17,2025-02-17,Annual,True,Active,False,,29
513,513,2,2025-06-21,2025-07-21,Monthly,True,Active,False,,13
514,514,4,2025-10-28,2025-11-28,Monthly,True,Active,False,,9
515,515,3,2024-05-05,2024-06-05,Monthly,True,Active,False,,26
516,516,5,2025-07-06,2026-07-06,Annual,True,Active,False,,12
517,517,2,2025-04-17,2025-05-17,Monthly,True,Active,False,,15
518,518,3,2024-08-19,2024-09-19,Monthly,True,Active,False,,23
519,519,6,2024-02-09,2025-02-09,Annual,True,Active,False,,29
520,520,4,2024-10-25,2024-11-25,Monthly,True,Active,False,,21
521,521,5,2025-05-01,2026-05-01,Annual,True,Active,False,,14
522,522,1,2024-09-05,2024-10-05,Monthly,True,Active,False,,22
523,523,2,2025-05-26,2025-06-26,Monthly,True,Active,False,,14
524,524,2,2025-06-11,2025-07-11,Monthly,True,Active,False,,13
525,525,5,2024-09-07,2025-09-07,Annual,True,Active,False,,22
526,526,4,2025-10-20,2025-12-13,Monthly,True,Cancelled,True,2025-12-13,9
527,527,5,2024-08-19,2025-08-19,Annual,True,Active,False,,23
528,528,2,2025-05-24,2025-06-24,Monthly,True,Active,False,,14
529,529,5,2024-12-11,2025-12-11,Annual,True,Active,False,,19
530,530,5,2025-08-10,2026-08-10,Annual,True,Active,False,,11
531,531,2,2024-02-29,2024-03-29,Monthly,False,Active,False,,29
532,532,2,2024-07-24,2024-08-24,Monthly,True,Active,False,,24
533,533,4,2025-09-10,2025-10-10,Monthly,True,Active,False,,10
534,534,2,2024-04-14,2024-05-14,Monthly,True,Active,False,,27
535,535,2,2025-08-09,2025-09-09,Monthly,False,Active,False,,11
536,536,3,2024-12-24,2025-01-24,Monthly,True,Active,False,,19
537,537,2,2025-09-30,2025-12-22,Monthly,True,Cancelled,True,2025-12-22,10
538,538,1,2024-06-06,2024-07-06,Monthly,True,Active,False,,25
539,539,3,2025-02-19,2025-03-19,Monthly,True,Active,False,,17
540,540,4,2024-02-13,2024-03-13,Monthly,True,Active,False,,29
541,541,2,2024-02-04,2024-03-04,Monthly,True,Active,False,,29
542,542,2,2025-11-04,2025-12-04,Monthly,True,Active,False,,8
543,543,3,2024-07-12,2024-08-12,Monthly,True,Active,False,,24
544,544,5,2025-08-08,2026-08-08,Annual,True,Active,False,,11
545,545,5,2025-07-29,2026-07-29,Annual,True,Active,False,,12
546,546,5,2024-05-27,2025-05-27,Annual,True,Active,False,,26
547,547,4,2024-12-22,2025-01-22,Monthly,True,Active,False,,19
548,548,2,2025-01-04,2025-02-04,Monthly,True,Active,False,,18
549,549,6,2024-12-23,2025-12-23,Annual,True,Active,False,,19
550,550,5,2024-08-16,2025-08-16,Annual,True,Active,False,,23
551,551,2,2024-05-13,2024-06-13,Monthly,True,Active,False,,26
552,552,5,2024-09-09,2025-09-09,Annual,True,Active,False,,22
553,553,5,2024-03-19,2025-03-19,Annual,True,Active,False,,28
554,554,2,2025-11-09,2025-12-09,Monthly,True,Active,False,,8
555,555,1,2025-06-30,2025-10-02,Monthly,True,Cancelled,True,2025-10-02,13
556,556,4,2025-01-10,2025-02-10,Monthly,True,Active,False,,18
557,557,2,2025-11-25,2026-03-05,Monthly,True,Cancelled,True,2026-03-05,8
558,558,3,2025-11-04,2025-12-04,Monthly,True,Active,False,,8
559,559,2,2024-03-31,2024-04-30,Monthly,True,Active,False,,28
560,560,3,2025-01-07,2025-06-18,Monthly,False,Expired,True,2025-06-18,18
561,561,3,2025-02-08,2025-03-08,Monthly,True,Active,False,,17
562,562,5,2025-07-15,2026-07-15,Annual,True,Active,False,,12
563,563,3,2024-12-24,2025-05-19,Monthly,False,Cancelled,True,2025-05-19,19
564,564,5,2025-01-03,2026-01-03,Annual,False,Active,False,,18
565,565,2,2025-10-10,2025-11-10,Monthly,True,Active,False,,9
566,566,2,2024-06-07,2024-07-07,Monthly,True,Active,False,,25
567,567,5,2024-10-25,2025-10-25,Annual,True,Active,False,,21
568,568,2,2025-07-29,2025-08-29,Monthly,True,Active,False,,12
569,569,5,2025-03-08,2026-03-08,Annual,True,Active,False,,16
570,570,6,2025-06-28,2026-06-28,Annual,True,Active,False,,13
571,571,5,2025-07-23,2026-07-23,Annual,True,Active,False,,12
572,572,4,2025-06-13,2025-07-13,Monthly,True,Active,False,,13
573,573,4,2024-07-29,2025-01-07,Monthly,False,Cancelled,True,2025-01-07,24
574,574,3,2025-10-14,2025-11-14,Monthly,True,Active,False,,9
575,575,5,2025-10-03,2026-10-03,Annual,True,Active,False,,9
576,576,5,2025-03-24,2026-03-24,Annual,True,Active,False,,16
577,577,5,2024-11-30,2025-11-30,Annual,True,Active,False,,20
578,578,4,2025-10-01,2025-11-01,Monthly,True,Active,False,,9
579,579,5,2025-01-17,2026-01-17,Annual,True,Active,False,,18
580,580,4,2025-10-04,2025-11-04,Monthly,True,Active,False,,9
581,581,2,2025-08-29,2025-09-29,Monthly,True,Active,False,,11
582,582,3,2025-06-18,2025-07-18,Monthly,True,Active,False,,13
583,583,4,2024-06-02,2024-07-02,Monthly,True,Active,False,,25
584,584,3,2025-07-26,2025-08-26,Monthly,True,Active,False,,12
585,585,2,2025-01-07,2025-07-04,Monthly,True,Cancelled,True,2025-07-04,18
586,586,2,2025-04-05,2025-05-05,Monthly,True,Active,False,,15
587,587,6,2024-06-09,2025-06-09,Annual,True,Active,False,,25
588,588,2,2024-06-10,2024-07-27,Monthly,False,Expired,True,2024-07-27,25
589,589,2,2025-06-12,2025-07-12,Monthly,True,Active,False,,13
590,590,3,2025-01-04,2025-02-04,Monthly,True,Active,False,,18
591,591,2,2024-08-14,2024-09-14,Monthly,True,Active,False,,23
592,592,2,2024-12-09,2025-01-09,Monthly,True,Active,False,,19
593,593,3,2025-05-25,2025-06-25,Monthly,True,Active,False,,14
594,594,5,2024-09-22,2025-09-22,Annual,True,Active,False,,22
595,595,6,2024-07-29,2025-07-29,Annual,True,Active,False,,24
596,596,3,2024-02-27,2024-03-27,Monthly,True,Active,False,,29
597,597,3,2025-08-22,2025-09-22,Monthly,True,Active,False,,11
598,598,1,2025-03-13,2025-04-13,Monthly,True,Active,False,,16
599,599,5,2025-06-16,2026-06-16,Annual,True,Active,False,,13
600,600,3,2025-02-02,2025-03-02,Monthly,True,Active,False,,17
601,601,2,2025-11-20,2025-12-20,Monthly,True,Active,False,,8
602,602,5,2025-05-24,2026-05-24,Annual,True,Active,False,,14
603,603,2,2024-06-14,2024-07-14,Monthly,True,Active,False,,25
604,604,2,2025-12-24,2026-01-24,Monthly,True,Active,False,,7
605,605,3,2024-09-25,2024-11-30,Monthly,True,Cancelled,True,2024-11-30,22
606,606,5,2025-02-10,2026-02-10,Annual,True,Active,False,,17
607,607,5,2025-10-03,2026-10-03,Annual,True,Active,False,,9
608,608,5,2024-10-04,2025-10-04,Annual,True,Active,False,,21
609,609,6,2025-04-05,2026-04-05,Annual,True,Active,False,,15
610,610,2,2025-01-16,2025-06-08,Monthly,True,Cancelled,True,2025-06-08,18
611,611,3,2024-07-03,2024-08-03,Monthly,True,Active,False,,24
612,612,5,2025-08-17,2026-08-17,Annual,True,Active,False,,11
613,613,6,2024-09-26,2025-05-27,Annual,False,Cancelled,True,2025-05-27,22
614,614,3,2025-07-02,2025-08-02,Monthly,True,Active,False,,12
615,615,2,2025-10-11,2025-11-11,Monthly,True,Active,False,,9
616,616,2,2025-02-10,2025-03-10,Monthly,True,Active,False,,17
617,617,5,2024-06-28,2025-06-28,Annual,True,Active,False,,25
618,618,3,2025-06-26,2025-07-26,Monthly,True,Active,False,,13
619,619,2,2024-07-03,2024-08-03,Monthly,True,Active,False,,24
620,620,2,2025-07-16,2025-10-29,Monthly,False,Expired,True,2025-10-29,12
621,621,5,2025-07-26,2026-07-26,Annual,True,Active,False,,12
622,622,3,2024-09-22,2024-10-22,Monthly,True,Active,False,,22
623,623,6,2024-12-01,2025-12-01,Annual,True,Active,False,,19
624,624,2,2024-02-03,2024-03-03,Monthly,True,Active,False,,29
625,625,6,2025-05-10,2025-12-24,Annual,True,Cancelled,True,2025-12-24,14
626,626,3,2024-08-18,2024-09-18,Monthly,False,Active,False,,23
627,627,5,2025-04-30,2026-04-30,Annual,True,Active,False,,15
628,628,4,2024-11-02,2024-12-02,Monthly,True,Active,False,,20
629,629,2,2024-08-25,2024-09-25,Monthly,False,Active,False,,23
630,630,2,2025-05-17,2025-06-17,Monthly,True,Active,False,,14
631,631,2,2025-10-28,2025-11-28,Monthly,True,Active,False,,9
632,632,2,2025-01-03,2025-02-03,Monthly,True,Active,False,,18
633,633,5,2024-11-13,2025-11-13,Annual,True,Active,False,,20
634,634,1,2025-11-08,2025-12-08,Monthly,False,Active,False,,8
635,635,2,2024-08-07,2024-09-07,Monthly,True,Active,False,,23
636,636,5,2025-05-14,2026-05-14,Annual,True,Active,False,,14
637,637,6,2024-06-05,2025-06-05,Annual,True,Active,False,,25
638,638,2,2024-07-16,2024-09-14,Monthly,False,Cancelled,True,2024-09-14,24
639,639,2,2024-08-07,2024-09-07,Monthly,True,Active,False,,23
640,640,4,2024-12-14,2025-01-14,Monthly,True,Active,False,,19
641,641,4,2025-12-30,2026-01-30,Monthly,True,Active,False,,7
642,642,2,2025-08-14,2025-09-14,Monthly,True,Active,False,,11
643,643,4,2025-10-31,2025-11-30,Monthly,True,Active,False,,9
644,644,5,2024-09-29,2025-09-29,Annual,True,Active,False,,22
645,645,5,2025-08-03,2026-08-03,Annual,True,Active,False,,11
646,646,5,2025-05-01,2026-05-01,Annual,True,Active,False,,14
647,647,3,2025-12-21,2026-01-21,Monthly,True,Active,False,,7
648,648,5,2025-07-15,2026-07-15,Annual,True,Active,False,,12
649,649,4,2024-07-03,2024-08-03,Monthly,True,Active,False,,24
650,650,6,2025-11-08,2026-11-08,Annual,True,Active,False,,8
651,651,4,2024-08-01,2024-09-01,Monthly,False,Active,False,,23
652,652,2,2025-08-12,2025-09-12,Monthly,True,Active,False,,11
653,653,2,2025-04-13,2025-05-13,Monthly,True,Active,False,,15
654,654,2,2025-07-19,2025-08-19,Monthly,True,Active,False,,12
655,655,2,2024-08-22,2024-09-22,Monthly,True,Active,False,,23
656,656,5,2024-05-13,2025-05-13,Annual,True,Active,False,,26
657,657,4,2024-10-12,2024-11-12,Monthly,True,Active,False,,21
658,658,5,2024-02-19,2025-02-19,Annual,True,Active,False,,29
659,659,5,2025-06-06,2026-06-06,Annual,True,Active,False,,13
660,660,6,2025-04-20,2026-04-20,Annual,True,Active,False,,15
661,661,1,2025-11-06,2025-12-06,Monthly,True,Active,False,,8
662,662,2,2025-01-27,2025-02-27,Monthly,True,Active,False,,18
663,663,4,2024-02-18,2024-03-18,Monthly,True,Active,False,,29
664,664,3,2025-10-11,2025-11-11,Monthly,False,Active,False,,9
665,665,5,2024-04-01,2025-04-01,Annual,True,Active,False,,27
666,666,5,2025-06-09,2026-06-09,Annual,True,Active,False,,13
667,667,6,2025-05-05,2026-05-05,Annual,True,Active,False,,14
668,668,6,2025-09-01,2026-09-01,Annual,True,Active,False,,10
669,669,4,2024-06-16,2024-07-16,Monthly,True,Active,False,,25
670,670,3,2025-02-04,2025-03-04,Monthly,True,Active,False,,17
671,671,5,2025-01-15,2026-01-15,Annual,True,Active,False,,18
672,672,2,2024-08-12,2024-09-12,Monthly,True,Active,False,,23
673,673,2,2025-04-01,2025-05-25,Monthly,False,Expired,True,2025-05-25,15
674,674,2,2025-02-02,2025-03-02,Monthly,True,Active,False,,17
675,675,5,2025-08-02,2026-08-02,Annual,True,Active,False,,11
676,676,1,2025-09-16,2025-10-16,Monthly,True,Active,False,,10
677,677,5,2024-03-28,2025-03-28,Annual,True,Active,False,,28
678,678,2,2025-04-04,2025-05-04,Monthly,True,Active,False,,15
679,679,6,2024-10-19,2025-10-19,Annual,True,Active,False,,21
680,680,2,2024-11-03,2024-12-03,Monthly,True,Active,False,,20
681,681,3,2025-02-28,2025-03-28,Monthly,True,Active,False,,17
682,682,5,2025-03-12,2026-03-12,Annual,True,Active,False,,16
683,683,5,2024-05-22,2025-05-22,Annual,True,Active,False,,26
684,684,3,2025-12-11,2026-02-01,Monthly,True,Cancelled,True,2026-02-01,7
685,685,5,2025-07-19,2026-03-26,Annual,True,Cancelled,True,2026-03-26,12
686,686,5,2024-01-20,2025-01-20,Annual,True,Active,False,,30
687,687,2,2024-12-02,2025-03-06,Monthly,False,Cancelled,True,2025-03-06,19
688,688,5,2025-10-30,2026-10-30,Annual,True,Active,False,,9
689,689,3,2025-04-27,2025-05-27,Monthly,True,Active,False,,15
690,690,3,2025-10-03,2025-11-03,Monthly,True,Active,False,,9
691,691,2,2025-10-23,2025-11-23,Monthly,True,Active,False,,9
692,692,3,2025-02-07,2025-03-07,Monthly,True,Active,False,,17
693,693,3,2024-10-08,2024-11-08,Monthly,True,Active,False,,21
694,694,6,2024-03-22,2025-03-22,Annual,True,Active,False,,28
695,695,6,2024-07-08,2025-07-08,Annual,True,Active,False,,24
696,696,2,2025-01-26,2025-04-17,Monthly,True,Cancelled,True,2025-04-17,18
697,697,5,2025-04-16,2026-04-16,Annual,True,Active,False,,15
698,698,4,2024-07-16,2024-08-16,Monthly,True,Active,False,,24
699,699,2,2025-01-22,2025-03-15,Monthly,False,Cancelled,True,2025-03-15,18
700,700,5,2025-07-16,2026-07-16,Annual,True,Active,False,,12
701,701,3,2025-12-18,2026-01-18,Monthly,True,Active,False,,7
702,702,1,2024-07-14,2024-08-14,Monthly,True,Active,False,,24
703,703,5,2024-05-22,2025-05-22,Annual,True,Active,False,,26
704,704,5,2024-02-25,2025-02-25,Annual,True,Active,False,,29
705,705,5,2025-01-27,2026-01-27,Annual,True,Active,False,,18
706,706,2,2024-02-19,2024-03-19,Monthly,True,Active,False,,29
707,707,4,2024-03-19,2024-04-19,Monthly,False,Active,False,,28
708,708,4,2025-07-15,2025-08-15,Monthly,True,Active,False,,12
709,709,2,2024-03-31,2024-04-30,Monthly,True,Active,False,,28
710,710,3,2025-12-21,2026-01-21,Monthly,True,Active,False,,7
711,711,4,2024-06-15,2024-07-15,Monthly,True,Active,False,,25
712,712,5,2025-12-17,2026-12-17,Annual,True,Active,False,,7
713,713,1,2024-02-25,2024-07-05,Monthly,False,Expired,True,2024-07-05,29
714,714,5,2025-07-21,2026-07-21,Annual,True,Active,False,,12
715,715,6,2024-11-09,2025-11-09,Annual,True,Active,False,,20
716,716,6,2024-09-19,2025-09-19,Annual,True,Active,False,,22
717,717,4,2025-02-28,2025-03-28,Monthly,True,Active,False,,17
718,718,4,2024-07-12,2024-08-12,Monthly,True,Active,False,,24
719,719,3,2025-02-27,2025-03-27,Monthly,True,Active,False,,17
720,720,5,2024-10-12,2025-08-28,Annual,True,Cancelled,True,2025-08-28,21
721,721,3,2024-08-03,2024-09-03,Monthly,True,Active,False,,23
722,722,2,2024-09-11,2024-10-11,Monthly,True,Active,False,,22
723,723,6,2025-09-08,2026-09-08,Annual,True,Active,False,,10
724,724,3,2024-09-29,2024-11-29,Monthly,True,Cancelled,True,2024-11-29,22
725,725,2,2025-07-02,2025-08-02,Monthly,True,Active,False,,12
726,726,5,2025-10-08,2026-10-08,Annual,True,Active,False,,9
727,727,5,2025-08-24,2026-08-24,Annual,True,Active,False,,11
728,728,5,2025-02-10,2026-02-10,Annual,True,Active,False,,17
729,729,5,2024-06-08,2025-06-08,Annual,True,Active,False,,25
730,730,6,2024-08-15,2025-08-15,Annual,True,Active,False,,23
731,731,4,2024-09-17,2024-10-17,Monthly,True,Active,False,,22
732,732,4,2025-01-07,2025-02-07,Monthly,True,Active,False,,18
733,733,5,2024-02-16,2025-02-16,Annual,True,Active,False,,29
734,734,2,2024-07-26,2024-08-26,Monthly,True,Active,False,,24
735,735,3,2024-05-15,2024-06-15,Monthly,True,Active,False,,26
736,736,2,2024-10-20,2024-11-20,Monthly,True,Active,False,,21
737,737,4,2025-06-25,2025-07-25,Monthly,True,Active,False,,13
738,738,2,2025-05-26,2025-06-26,Monthly,True,Active,False,,14
739,739,3,2025-01-30,2025-02-28,Monthly,True,Active,False,,18
740,740,3,2025-11-21,2025-12-21,Monthly,True,Active,False,,8
741,741,6,2024-04-05,2025-04-05,Annual,True,Active,False,,27
742,742,2,2024-08-07,2024-09-07,Monthly,True,Active,False,,23
743,743,2,2025-02-13,2025-03-13,Monthly,True,Active,False,,17
744,744,3,2024-10-31,2025-02-06,Monthly,False,Expired,True,2025-02-06,21
745,745,6,2024-10-14,2025-10-14,Annual,True,Active,False,,21
746,746,6,2024-08-26,2025-08-26,Annual,True,Active,False,,23
747,747,4,2025-09-08,2025-10-08,Monthly,True,Active,False,,10
748,748,6,2025-01-11,2026-01-11,Annual,True,Active,False,,18
749,749,5,2024-08-09,2025-08-09,Annual,True,Active,False,,23
750,750,5,2024-05-19,2025-05-19,Annual,True,Active,False,,26
751,751,2,2024-10-01,2024-11-01,Monthly,True,Active,False,,21
752,752,5,2024-04-29,2025-04-29,Annual,True,Active,False,,27
753,753,5,2025-06-23,2026-06-23,Annual,True,Active,False,,13
754,754,2,2025-10-12,2025-11-12,Monthly,True,Active,False,,9
755,755,5,2025-02-10,2026-02-10,Annual,True,Active,False,,17
756,756,2,2025-06-18,2025-07-18,Monthly,True,Active,False,,13
757,757,5,2024-11-10,2025-11-10,Annual,True,Active,False,,20
758,758,2,2024-04-15,2024-05-15,Monthly,True,Active,False,,27
759,759,3,2024-10-30,2024-11-30,Monthly,True,Active,False,,21
760,760,3,2024-11-30,2024-12-30,Monthly,True,Active,False,,20
761,761,2,2024-04-08,2024-05-08,Monthly,True,Active,False,,27
762,762,5,2025-03-23,2026-03-23,Annual,True,Active,False,,16
763,763,3,2025-09-13,2025-10-13,Monthly,True,Active,False,,10
764,764,3,2025-10-02,2025-11-02,Monthly,True,Active,False,,9
765,765,2,2024-02-18,2024-03-18,Monthly,True,Active,False,,29
766,766,2,2024-11-19,2025-04-10,Monthly,True,Cancelled,True,2025-04-10,20
767,767,3,2025-04-06,2025-07-21,Monthly,False,Expired,True,2025-07-21,15
768,768,5,2025-05-28,2026-05-28,Annual,True,Active,False,,14
769,769,5,2025-04-18,2026-04-18,Annual,True,Active,False,,15
770,770,3,2025-04-10,2025-06-24,Monthly,False,Cancelled,True,2025-06-24,15
771,771,2,2025-08-21,2025-09-21,Monthly,True,Active,False,,11
772,772,5,2025-08-28,2026-08-28,Annual,True,Active,False,,11
773,773,3,2024-06-26,2024-07-26,Monthly,True,Active,False,,25
774,774,3,2024-11-25,2024-12-25,Monthly,True,Active,False,,20
775,775,3,2024-09-06,2024-10-06,Monthly,True,Active,False,,22
776,776,2,2024-02-01,2024-03-01,Monthly,True,Active,False,,29
777,777,5,2024-03-19,2025-03-19,Annual,True,Active,False,,28
778,778,2,2025-07-19,2025-08-19,Monthly,True,Active,False,,12
779,779,5,2024-07-11,2025-07-11,Annual,False,Active,False,,24
780,780,2,2024-09-14,2024-10-14,Monthly,False,Active,False,,22
781,781,4,2025-01-07,2025-03-15,Monthly,True,Cancelled,True,2025-03-15,18
782,782,5,2024-04-02,2025-04-02,Annual,True,Active,False,,27
783,783,2,2025-12-19,2026-01-19,Monthly,True,Active,False,,7
784,784,5,2024-01-22,2025-01-22,Annual,True,Active,False,,30
785,785,5,2025-12-04,2026-12-04,Annual,True,Active,False,,7
786,786,2,2024-08-04,2024-09-04,Monthly,True,Active,False,,23
787,787,2,2024-10-24,2024-11-24,Monthly,True,Active,False,,21
788,788,2,2025-06-21,2025-07-21,Monthly,True,Active,False,,13
789,789,4,2024-03-15,2024-08-31,Monthly,False,Expired,True,2024-08-31,28
790,790,2,2024-09-30,2025-03-13,Monthly,False,Expired,True,2025-03-13,22
791,791,2,2025-06-21,2025-07-21,Monthly,True,Active,False,,13
792,792,2,2025-11-04,2025-12-04,Monthly,True,Active,False,,8
793,793,2,2025-06-25,2025-07-25,Monthly,True,Active,False,,13
794,794,5,2024-03-06,2025-03-06,Annual,True,Active,False,,28
795,795,5,2026-01-11,2027-01-11,Annual,True,Active,False,,6
796,796,6,2024-11-04,2025-11-04,Annual,True,Active,False,,20
797,797,4,2025-12-16,2026-01-16,Monthly,True,Active,False,,7
798,798,4,2026-01-25,2026-02-25,Monthly,True,Active,False,,6
799,799,5,2024-03-07,2025-03-07,Annual,True,Active,False,,28
800,800,4,2025-06-01,2025-07-01,Monthly,True,Active,False,,13
801,801,6,2025-09-07,2026-09-07,Annual,True,Active,False,,10
802,802,2,2025-06-08,2025-07-08,Monthly,True,Active,False,,13
803,803,4,2024-07-21,2024-12-16,Monthly,False,Cancelled,True,2024-12-16,24
804,804,5,2024-06-13,2025-06-13,Annual,True,Active,False,,25
805,805,6,2024-04-28,2025-04-28,Annual,True,Active,False,,27
806,806,2,2024-06-12,2024-07-12,Monthly,True,Active,False,,25
807,807,3,2024-05-11,2024-06-11,Monthly,True,Active,False,,26
808,808,2,2024-08-12,2024-09-12,Monthly,True,Active,False,,23
809,809,2,2024-06-16,2024-07-16,Monthly,True,Active,False,,25
810,810,2,2025-03-18,2025-04-18,Monthly,True,Active,False,,16
811,811,6,2025-03-26,2026-03-26,Annual,True,Active,False,,16
812,812,1,2024-11-28,2024-12-28,Monthly,False,Active,False,,20
813,813,6,2025-06-18,2026-06-18,Annual,True,Active,False,,13
814,814,4,2025-12-26,2026-01-26,Monthly,True,Active,False,,7
815,815,6,2024-07-24,2025-07-24,Annual,True,Active,False,,24
816,816,6,2024-11-30,2025-11-30,Annual,True,Active,False,,20
817,817,6,2025-01-19,2026-01-19,Annual,True,Active,False,,18
818,818,6,2025-06-12,2026-06-12,Annual,True,Active,False,,13
819,819,4,2024-12-01,2025-01-01,Monthly,True,Active,False,,19
820,820,2,2024-04-06,2024-05-06,Monthly,True,Active,False,,27
821,821,6,2024-07-16,2025-07-16,Annual,True,Active,False,,24
822,822,3,2024-02-13,2024-04-25,Monthly,False,Cancelled,True,2024-04-25,29
823,823,4,2024-04-06,2024-05-06,Monthly,True,Active,False,,27
824,824,5,2024-09-02,2025-09-02,Annual,True,Active,False,,22
825,825,2,2024-12-23,2025-01-23,Monthly,True,Active,False,,19
826,826,5,2025-05-11,2026-05-11,Annual,False,Active,False,,14
827,827,2,2025-08-04,2025-09-04,Monthly,True,Active,False,,11
828,828,1,2025-04-24,2025-05-24,Monthly,True,Active,False,,15
829,829,5,2025-05-09,2026-05-09,Annual,True,Active,False,,14
830,830,2,2025-10-09,2026-03-26,Monthly,True,Cancelled,True,2026-03-26,9
831,831,4,2024-03-29,2024-04-29,Monthly,True,Active,False,,28
832,832,4,2025-09-20,2025-10-20,Monthly,True,Active,False,,10
833,833,3,2024-04-26,2024-05-26,Monthly,True,Active,False,,27
834,834,5,2024-12-09,2025-12-09,Annual,True,Active,False,,19
835,835,6,2024-09-16,2025-09-16,Annual,True,Active,False,,22
836,836,2,2024-08-22,2024-09-22,Monthly,True,Active,False,,23
837,837,1,2024-08-29,2024-09-29,Monthly,True,Active,False,,23
838,838,5,2024-09-01,2025-09-01,Annual,True,Active,False,,22
839,839,2,2025-07-22,2025-08-22,Monthly,True,Active,False,,12
840,840,5,2024-03-06,2025-03-06,Annual,True,Active,False,,28
841,841,2,2025-06-25,2025-07-25,Monthly,True,Active,False,,13
842,842,5,2025-09-24,2026-09-24,Annual,True,Active,False,,10
843,843,5,2024-04-26,2025-04-26,Annual,True,Active,False,,27
844,844,5,2025-04-24,2026-04-24,Annual,True,Active,False,,15
845,845,4,2025-03-30,2025-04-30,Monthly,True,Active,False,,16
846,846,3,2024-02-28,2024-03-28,Monthly,True,Active,False,,29
847,847,1,2024-12-05,2025-01-05,Monthly,True,Active,False,,19
848,848,6,2025-09-03,2026-09-03,Annual,True,Active,False,,10
849,849,2,2025-06-25,2025-07-25,Monthly,True,Active,False,,13
850,850,6,2024-08-19,2025-08-19,Annual,True,Active,False,,23
851,851,4,2024-10-08,2024-11-08,Monthly,True,Active,False,,21
852,852,6,2025-10-18,2026-10-18,Annual,True,Active,False,,9
853,853,4,2025-03-15,2025-04-15,Monthly,True,Active,False,,16
854,854,2,2025-04-18,2025-05-18,Monthly,True,Active,False,,15
855,855,2,2025-09-06,2025-10-06,Monthly,True,Active,False,,10
856,856,5,2024-02-29,2025-02-28,Annual,True,Active,False,,29
857,857,2,2024-04-17,2024-07-01,Monthly,True,Cancelled,True,2024-07-01,27
858,858,4,2024-02-20,2024-03-20,Monthly,True,Active,False,,29
859,859,5,2024-07-21,2025-07-21,Annual,True,Active,False,,24
860,860,2,2024-05-31,2024-06-30,Monthly,True,Active,False,,26
861,861,3,2025-03-31,2025-04-30,Monthly,True,Active,False,,16
862,862,6,2025-08-04,2026-08-04,Annual,True,Active,False,,11
863,863,5,2025-05-02,2026-05-02,Annual,True,Active,False,,14
864,864,3,2024-10-09,2024-11-09,Monthly,True,Active,False,,21
865,865,6,2025-11-12,2026-11-12,Annual,True,Active,False,,8
866,866,2,2025-01-23,2025-02-23,Monthly,True,Active,False,,18
867,867,4,2025-03-26,2025-04-26,Monthly,True,Active,False,,16
868,868,3,2024-05-01,2024-06-01,Monthly,True,Active,False,,26
869,869,3,2024-07-27,2024-08-27,Monthly,True,Active,False,,24
870,870,3,2026-01-06,2026-02-06,Monthly,True,Active,False,,6
871,871,2,2025-05-22,2025-06-22,Monthly,True,Active,False,,14
872,872,2,2025-12-27,2026-01-27,Monthly,True,Active,False,,7
873,873,4,2024-08-22,2024-09-22,Monthly,True,Active,False,,23
874,874,2,2024-02-06,2024-03-06,Monthly,True,Active,False,,29
875,875,2,2025-08-26,2025-09-26,Monthly,True,Active,False,,11
876,876,2,2024-04-17,2024-05-17,Monthly,True,Active,False,,27
877,877,5,2024-06-28,2025-06-28,Annual,True,Active,False,,25
878,878,3,2026-01-08,2026-02-08,Monthly,True,Active,False,,6
879,879,2,2025-04-07,2025-05-07,Monthly,True,Active,False,,15
880,880,4,2025-04-25,2025-05-25,Monthly,True,Active,False,,15
881,881,2,2024-06-04,2024-07-21,Monthly,True,Cancelled,True,2024-07-21,25
882,882,5,2024-04-17,2025-04-17,Annual,True,Active,False,,27
883,883,2,2024-05-01,2024-06-21,Monthly,True,Cancelled,True,2024-06-21,26
884,884,2,2025-04-04,2025-05-04,Monthly,True,Active,False,,15
885,885,3,2025-10-03,2025-11-07,Monthly,False,Expired,True,2025-11-07,9
886,886,5,2025-01-08,2026-01-08,Annual,True,Active,False,,18
887,887,5,2025-01-17,2026-01-17,Annual,True,Active,False,,18
888,888,2,2024-11-24,2024-12-24,Monthly,True,Active,False,,20
889,889,5,2025-10-29,2026-10-29,Annual,True,Active,False,,9
890,890,2,2024-12-16,2025-01-16,Monthly,True,Active,False,,19
891,891,3,2024-06-11,2024-07-11,Monthly,False,Active,False,,25
892,892,6,2025-05-31,2026-05-31,Annual,True,Active,False,,14
893,893,3,2024-11-14,2024-12-14,Monthly,True,Active,False,,20
894,894,4,2025-10-27,2025-11-27,Monthly,True,Active,False,,9
895,895,2,2025-04-24,2025-05-24,Monthly,True,Active,False,,15
896,896,4,2025-11-29,2025-12-29,Monthly,True,Active,False,,8
897,897,4,2024-04-02,2024-05-02,Monthly,True,Active,False,,27
898,898,5,2024-08-14,2025-08-14,Annual,True,Active,False,,23
899,899,2,2026-01-05,2026-05-19,Monthly,True,Cancelled,True,2026-05-19,6
900,900,4,2024-11-08,2024-12-08,Monthly,True,Active,False,,20
901,901,5,2024-03-11,2025-03-11,Annual,True,Active,False,,28
902,902,6,2024-08-13,2025-08-13,Annual,True,Active,False,,23
903,903,5,2025-09-21,2026-09-21,Annual,True,Active,False,,10
904,904,2,2024-10-23,2024-11-23,Monthly,True,Active,False,,21
905,905,4,2025-11-20,2025-12-20,Monthly,True,Active,False,,8
906,906,4,2024-10-21,2024-11-21,Monthly,True,Active,False,,21
907,907,5,2024-07-15,2025-07-15,Annual,True,Active,False,,24
908,908,4,2024-08-02,2024-09-02,Monthly,True,Active,False,,23
909,909,5,2024-04-24,2025-04-24,Annual,True,Active,False,,27
910,910,5,2024-04-04,2025-04-04,Annual,True,Active,False,,27
911,911,5,2025-01-06,2026-01-06,Annual,True,Active,False,,18
912,912,2,2024-05-30,2024-06-30,Monthly,True,Active,False,,26
913,913,3,2025-07-24,2025-08-24,Monthly,False,Active,False,,12
914,914,3,2024-03-20,2024-04-20,Monthly,True,Active,False,,28
915,915,3,2024-12-13,2025-04-03,Monthly,True,Cancelled,True,2025-04-03,19
916,916,2,2024-02-04,2024-03-04,Monthly,True,Active,False,,29
917,917,6,2025-10-28,2026-10-28,Annual,True,Active,False,,9
918,918,2,2025-10-28,2025-11-28,Monthly,True,Active,False,,9
919,919,2,2025-04-10,2025-07-26,Monthly,False,Cancelled,True,2025-07-26,15
920,920,5,2024-02-19,2025-02-19,Annual,True,Active,False,,29
921,921,2,2025-11-30,2025-12-30,Monthly,True,Active,False,,8
922,922,4,2024-05-21,2024-06-21,Monthly,True,Active,False,,26
923,923,2,2025-12-16,2026-01-16,Monthly,True,Active,False,,7
924,924,5,2025-05-18,2026-05-18,Annual,True,Active,False,,14
925,925,3,2025-06-10,2025-07-10,Monthly,True,Active,False,,13
926,926,4,2025-07-21,2025-08-21,Monthly,True,Active,False,,12
927,927,3,2024-12-16,2025-01-16,Monthly,True,Active,False,,19
928,928,5,2024-07-05,2025-07-05,Annual,True,Active,False,,24
929,929,3,2024-03-03,2024-04-03,Monthly,True,Active,False,,28
930,930,4,2025-10-15,2025-11-15,Monthly,True,Active,False,,9
931,931,2,2025-10-27,2025-11-27,Monthly,True,Active,False,,9
932,932,3,2024-05-21,2024-06-21,Monthly,True,Active,False,,26
933,933,3,2024-08-23,2024-09-23,Monthly,True,Active,False,,23
934,934,2,2024-03-04,2024-04-04,Monthly,True,Active,False,,28
935,935,3,2024-06-16,2024-07-16,Monthly,True,Active,False,,25
936,936,5,2025-04-07,2026-04-07,Annual,True,Active,False,,15
937,937,4,2024-05-06,2024-06-06,Monthly,True,Active,False,,26
938,938,3,2024-05-26,2024-11-03,Monthly,True,Cancelled,True,2024-11-03,26
939,939,5,2024-08-24,2025-08-24,Annual,True,Active,False,,23
940,940,4,2024-04-26,2024-05-26,Monthly,True,Active,False,,27
941,941,3,2025-11-12,2025-12-12,Monthly,True,Active,False,,8
942,942,6,2025-05-15,2026-05-15,Annual,True,Active,False,,14
943,943,6,2024-02-09,2025-02-09,Annual,True,Active,False,,29
944,944,5,2024-11-24,2025-11-24,Annual,True,Active,False,,20
945,945,2,2024-07-08,2024-08-08,Monthly,False,Active,False,,24
946,946,2,2025-05-09,2025-06-09,Monthly,True,Active,False,,14
947,947,4,2025-03-23,2025-04-23,Monthly,True,Active,False,,16
948,948,3,2025-11-14,2025-12-14,Monthly,True,Active,False,,8
949,949,6,2025-09-30,2026-09-30,Annual,True,Active,False,,10
950,950,4,2024-12-10,2025-01-10,Monthly,True,Active,False,,19
951,951,1,2025-03-01,2025-04-01,Monthly,True,Active,False,,16
952,952,5,2024-02-24,2025-02-24,Annual,True,Active,False,,29
953,953,5,2024-11-10,2025-11-10,Annual,True,Active,False,,20
954,954,2,2025-10-10,2025-11-10,Monthly,True,Active,False,,9
955,955,2,2025-08-26,2025-12-29,Monthly,False,Expired,True,2025-12-29,11
956,956,1,2024-03-25,2024-04-25,Monthly,True,Active,False,,28
957,957,5,2024-12-04,2025-12-04,Annual,True,Active,False,,19
958,958,5,2024-08-31,2025-08-31,Annual,True,Active,False,,23
959,959,2,2024-04-10,2024-05-10,Monthly,True,Active,False,,27
960,960,2,2024-07-09,2024-08-09,Monthly,True,Active,False,,24
961,961,5,2024-06-20,2025-06-20,Annual,True,Active,False,,25
962,962,6,2025-07-07,2026-07-07,Annual,True,Active,False,,12
963,963,6,2025-03-09,2026-03-09,Annual,True,Active,False,,16
964,964,2,2024-11-18,2024-12-18,Monthly,True,Active,False,,20
965,965,2,2024-05-18,2024-06-18,Monthly,True,Active,False,,26
966,966,6,2025-06-28,2026-06-28,Annual,True,Active,False,,13
967,967,5,2024-07-25,2025-07-25,Annual,True,Active,False,,24
968,968,6,2024-11-26,2025-11-26,Annual,True,Active,False,,20
969,969,5,2024-10-01,2025-10-01,Annual,True,Active,False,,21
970,970,4,2025-03-04,2025-04-04,Monthly,True,Active,False,,16
971,971,4,2025-07-31,2025-08-31,Monthly,True,Active,False,,12
972,972,3,2024-06-19,2024-12-13,Monthly,False,Cancelled,True,2024-12-13,25
973,973,5,2024-06-25,2025-04-30,Annual,False,Cancelled,True,2025-04-30,25
974,974,2,2025-10-20,2025-11-20,Monthly,True,Active,False,,9
975,975,5,2024-01-09,2025-01-09,Annual,True,Active,False,,30
976,976,5,2024-08-29,2025-08-29,Annual,True,Active,False,,23
977,977,5,2025-12-11,2026-12-11,Annual,True,Active,False,,7
978,978,3,2025-07-16,2025-09-12,Monthly,False,Expired,True,2025-09-12,12
979,979,2,2024-09-29,2024-12-18,Monthly,True,Cancelled,True,2024-12-18,22
980,980,4,2025-02-19,2025-03-19,Monthly,True,Active,False,,17
981,981,2,2025-03-06,2025-06-21,Monthly,False,Expired,True,2025-06-21,16
982,982,2,2025-05-21,2025-06-21,Monthly,False,Active,False,,14
983,983,5,2024-07-26,2025-07-26,Annual,False,Active,False,,24
984,984,2,2024-10-04,2024-11-04,Monthly,True,Active,False,,21
985,985,6,2024-11-09,2025-11-09,Annual,True,Active,False,,20
986,986,4,2024-08-18,2024-09-18,Monthly,True,Active,False,,23
987,987,5,2024-04-02,2025-04-02,Annual,True,Active,False,,27
988,988,2,2024-03-23,2024-04-23,Monthly,True,Active,False,,28
989,989,5,2025-06-18,2026-06-18,Annual,True,Active,False,,13
990,990,5,2024-03-08,2025-03-08,Annual,True,Active,False,,28
991,991,5,2024-12-05,2025-12-05,Annual,True,Active,False,,19
992,992,2,2024-06-19,2024-07-19,Monthly,True,Active,False,,25
993,993,3,2024-03-12,2024-04-12,Monthly,True,Active,False,,28
994,994,5,2025-02-14,2026-02-14,Annual,True,Active,False,,17
995,995,5,2024-05-14,2025-05-14,Annual,True,Active,False,,26
996,996,5,2025-07-26,2026-07-26,Annual,True,Active,False,,12
997,997,4,2025-12-11,2026-01-11,Monthly,True,Active,False,,7
998,998,3,2025-04-10,2025-05-10,Monthly,False,Active,False,,15
999,999,1,2025-09-04,2025-10-04,Monthly,True,Active,False,,10
1000,1000,2,2024-06-22,2024-07-22,Monthly,True,Active,False,,25
1001,1001,3,2024-09-16,2024-10-16,Monthly,True,Active,False,,22
1002,1002,6,2024-10-28,2025-10-28,Annual,True,Active,False,,21
1003,1003,4,2024-04-26,2024-05-26,Monthly,True,Active,False,,27
1004,1004,5,2026-01-17,2026-07-26,Annual,True,Cancelled,True,2026-07-26,6
1005,1005,2,2025-08-05,2025-09-05,Monthly,True,Active,False,,11
1006,1006,4,2025-10-22,2025-11-22,Monthly,True,Active,False,,9
1007,1007,4,2024-09-14,2024-10-14,Monthly,True,Active,False,,22
1008,1008,2,2025-03-22,2025-04-22,Monthly,True,Active,False,,16
1009,1009,3,2024-03-26,2024-04-26,Monthly,True,Active,False,,28
1010,1010,2,2024-08-07,2024-09-07,Monthly,True,Active,False,,23
1011,1011,5,2025-06-13,2026-06-13,Annual,True,Active,False,,13
1012,1012,3,2024-06-26,2024-07-26,Monthly,False,Active,False,,25
1013,1013,2,2024-03-23,2024-04-23,Monthly,True,Active,False,,28
1014,1014,2,2025-01-16,2025-02-16,Monthly,True,Active,False,,18
1015,1015,2,2025-06-05,2025-07-05,Monthly,True,Active,False,,13
1016,1016,5,2024-07-20,2025-07-20,Annual,False,Active,False,,24
1017,1017,2,2024-10-24,2024-11-24,Monthly,True,Active,False,,21
1018,1018,5,2024-11-20,2025-11-20,Annual,True,Active,False,,20
1019,1019,4,2025-09-21,2025-10-21,Monthly,True,Active,False,,10
1020,1020,5,2025-01-25,2026-01-25,Annual,True,Active,False,,18
1021,1021,3,2025-06-26,2025-07-26,Monthly,True,Active,False,,13
1022,1022,5,2025-06-08,2026-06-08,Annual,True,Active,False,,13
1023,1023,4,2025-09-04,2025-10-04,Monthly,False,Active,False,,10
1024,1024,2,2024-08-17,2024-09-17,Monthly,True,Active,False,,23
1025,1025,4,2024-03-19,2024-04-19,Monthly,True,Active,False,,28
1026,1026,4,2024-04-05,2024-05-05,Monthly,True,Active,False,,27
1027,1027,1,2025-11-02,2025-12-02,Monthly,True,Active,False,,8
1028,1028,2,2024-12-08,2025-01-08,Monthly,True,Active,False,,19
1029,1029,5,2024-02-19,2025-02-19,Annual,True,Active,False,,29
1030,1030,3,2025-03-28,2025-04-28,Monthly,True,Active,False,,16
1031,1031,4,2024-03-29,2024-04-29,Monthly,True,Active,False,,28
1032,1032,5,2025-03-01,2026-03-01,Annual,True,Active,False,,16
1033,1033,2,2024-10-19,2024-11-19,Monthly,True,Active,False,,21
1034,1034,3,2024-06-06,2024-07-06,Monthly,True,Active,False,,25
1035,1035,5,2024-06-05,2025-06-05,Annual,True,Active,False,,25
1036,1036,5,2024-11-30,2025-11-30,Annual,True,Active,False,,20
1037,1037,2,2024-06-29,2024-07-29,Monthly,True,Active,False,,25
1038,1038,1,2025-12-27,2026-01-27,Monthly,True,Active,False,,7
1039,1039,5,2024-12-12,2025-12-12,Annual,True,Active,False,,19
1040,1040,2,2024-01-03,2024-02-03,Monthly,True,Active,False,,30
1041,1041,2,2024-01-28,2024-02-28,Monthly,True,Active,False,,30
1042,1042,5,2025-10-04,2026-10-04,Annual,True,Active,False,,9
1043,1043,2,2025-03-06,2025-04-06,Monthly,True,Active,False,,16
1044,1044,6,2024-09-15,2025-09-15,Annual,True,Active,False,,22
1045,1045,4,2025-04-22,2025-05-22,Monthly,True,Active,False,,15
1046,1046,1,2025-10-22,2025-11-22,Monthly,True,Active,False,,9
1047,1047,4,2025-07-04,2025-09-26,Monthly,False,Cancelled,True,2025-09-26,12
1048,1048,2,2024-10-17,2024-11-17,Monthly,True,Active,False,,21
1049,1049,1,2025-03-13,2025-04-13,Monthly,True,Active,False,,16
1050,1050,3,2024-09-14,2024-10-14,Monthly,True,Active,False,,22
1051,1051,4,2025-11-29,2026-04-18,Monthly,False,Cancelled,True,2026-04-18,8
1052,1052,4,2025-09-20,2025-11-14,Monthly,True,Cancelled,True,2025-11-14,10
1053,1053,2,2024-10-04,2024-11-04,Monthly,True,Active,False,,21
1054,1054,5,2024-02-22,2025-02-22,Annual,True,Active,False,,29
1055,1055,2,2025-08-11,2025-09-11,Monthly,True,Active,False,,11
1056,1056,3,2025-02-11,2025-03-11,Monthly,True,Active,False,,17
1057,1057,3,2025-08-11,2025-09-11,Monthly,True,Active,False,,11
1058,1058,2,2024-06-20,2024-07-20,Monthly,True,Active,False,,25
1059,1059,4,2024-02-27,2024-03-27,Monthly,True,Active,False,,29
1060,1060,2,2024-04-09,2024-05-09,Monthly,True,Active,False,,27
1061,1061,5,2025-08-08,2026-08-08,Annual,True,Active,False,,11
1062,1062,2,2025-12-28,2026-01-28,Monthly,True,Active,False,,7
1063,1063,2,2024-11-01,2024-12-01,Monthly,True,Active,False,,20
1064,1064,4,2025-07-13,2025-09-18,Monthly,True,Cancelled,True,2025-09-18,12
1065,1065,5,2025-07-05,2026-07-05,Annual,True,Active,False,,12
1066,1066,6,2025-01-30,2026-01-30,Annual,True,Active,False,,18
1067,1067,3,2025-02-01,2025-03-01,Monthly,True,Active,False,,17
1068,1068,5,2025-10-21,2026-10-21,Annual,True,Active,False,,9
1069,1069,2,2024-11-28,2024-12-28,Monthly,True,Active,False,,20
1070,1070,5,2025-10-15,2026-10-15,Annual,True,Active,False,,9
1071,1071,5,2024-09-06,2025-09-06,Annual,True,Active,False,,22
1072,1072,3,2025-03-30,2025-04-30,Monthly,True,Active,False,,16
1073,1073,5,2025-01-26,2026-01-26,Annual,True,Active,False,,18
1074,1074,5,2025-12-02,2026-12-02,Annual,True,Active,False,,7
1075,1075,6,2024-08-11,2025-08-11,Annual,True,Active,False,,23
1076,1076,3,2025-02-03,2025-03-03,Monthly,True,Active,False,,17
1077,1077,2,2024-08-26,2024-09-26,Monthly,True,Active,False,,23
1078,1078,3,2025-04-30,2025-05-30,Monthly,True,Active,False,,15
1079,1079,6,2025-07-08,2026-07-08,Annual,True,Active,False,,12
1080,1080,3,2025-08-08,2025-09-08,Monthly,False,Active,False,,11
1081,1081,2,2024-04-01,2024-05-01,Monthly,True,Active,False,,27
1082,1082,2,2025-08-08,2025-09-08,Monthly,True,Active,False,,11
1083,1083,2,2025-10-24,2025-11-24,Monthly,True,Active,False,,9
1084,1084,4,2025-03-06,2025-04-06,Monthly,True,Active,False,,16
1085,1085,4,2024-11-16,2024-12-16,Monthly,True,Active,False,,20
1086,1086,2,2025-01-02,2025-02-11,Monthly,True,Cancelled,True,2025-02-11,18
1087,1087,5,2025-08-29,2026-08-29,Annual,True,Active,False,,11
1088,1088,6,2024-02-09,2025-02-09,Annual,True,Active,False,,29
1089,1089,3,2024-05-30,2024-07-16,Monthly,False,Cancelled,True,2024-07-16,26
1090,1090,2,2024-04-20,2024-05-20,Monthly,False,Active,False,,27
1091,1091,3,2025-05-02,2025-06-02,Monthly,True,Active,False,,14
1092,1092,4,2025-12-27,2026-01-27,Monthly,True,Active,False,,7
1093,1093,5,2025-12-22,2026-07-11,Annual,True,Cancelled,True,2026-07-11,7
1094,1094,5,2025-01-16,2026-01-16,Annual,True,Active,False,,18
1095,1095,4,2025-03-30,2025-04-30,Monthly,True,Active,False,,16
1096,1096,2,2024-08-31,2024-09-30,Monthly,True,Active,False,,23
1097,1097,4,2025-05-07,2025-06-07,Monthly,True,Active,False,,14
1098,1098,6,2024-12-21,2025-12-21,Annual,True,Active,False,,19
1099,1099,5,2025-04-09,2026-04-09,Annual,True,Active,False,,15
1100,1100,6,2024-03-24,2025-03-24,Annual,True,Active,False,,28
1101,1101,2,2024-04-18,2024-05-18,Monthly,True,Active,False,,27
1102,1102,3,2024-10-15,2024-11-15,Monthly,True,Active,False,,21
1103,1103,5,2025-02-20,2026-02-20,Annual,False,Active,False,,17
1104,1104,3,2025-03-04,2025-04-04,Monthly,True,Active,False,,16
1105,1105,3,2025-10-25,2025-11-25,Monthly,True,Active,False,,9
1106,1106,4,2024-05-18,2024-06-18,Monthly,True,Active,False,,26
1107,1107,4,2024-04-23,2024-05-23,Monthly,True,Active,False,,27
1108,1108,5,2025-02-18,2026-02-18,Annual,False,Active,False,,17
1109,1109,1,2025-10-11,2025-11-11,Monthly,True,Active,False,,9
1110,1110,2,2025-06-29,2025-07-29,Monthly,True,Active,False,,13
1111,1111,6,2025-06-12,2026-06-12,Annual,True,Active,False,,13
1112,1112,3,2024-11-04,2025-02-04,Monthly,False,Expired,True,2025-02-04,20
1113,1113,2,2025-04-30,2025-05-30,Monthly,True,Active,False,,15
1114,1114,6,2024-05-28,2025-05-28,Annual,True,Active,False,,26
1115,1115,5,2024-12-01,2025-12-01,Annual,True,Active,False,,19
1116,1116,2,2025-02-09,2025-03-09,Monthly,True,Active,False,,17
1117,1117,3,2025-10-06,2025-11-06,Monthly,True,Active,False,,9
1118,1118,6,2025-11-17,2026-11-17,Annual,True,Active,False,,8
1119,1119,2,2024-07-18,2024-08-18,Monthly,True,Active,False,,24
1120,1120,1,2024-09-21,2024-10-21,Monthly,True,Active,False,,22
1121,1121,2,2025-08-18,2025-09-18,Monthly,False,Active,False,,11
1122,1122,2,2024-12-15,2025-01-15,Monthly,True,Active,False,,19
1123,1123,5,2025-01-09,2026-01-09,Annual,True,Active,False,,18
1124,1124,3,2024-08-12,2024-09-12,Monthly,True,Active,False,,23
1125,1125,2,2024-09-18,2025-02-22,Monthly,True,Cancelled,True,2025-02-22,22
1126,1126,5,2025-02-18,2026-02-18,Annual,True,Active,False,,17
1127,1127,4,2025-06-16,2025-07-16,Monthly,True,Active,False,,13
1128,1128,2,2024-05-08,2024-06-08,Monthly,False,Active,False,,26
1129,1129,1,2024-06-26,2024-07-26,Monthly,True,Active,False,,25
1130,1130,5,2024-09-05,2025-09-05,Annual,True,Active,False,,22
1131,1131,4,2025-10-01,2025-11-01,Monthly,True,Active,False,,9
1132,1132,5,2024-10-12,2025-10-12,Annual,True,Active,False,,21
1133,1133,3,2025-07-09,2025-08-09,Monthly,True,Active,False,,12
1134,1134,5,2025-04-05,2026-04-05,Annual,True,Active,False,,15
1135,1135,5,2025-10-14,2026-10-14,Annual,True,Active,False,,9
1136,1136,6,2025-12-02,2026-12-02,Annual,True,Active,False,,7
1137,1137,5,2024-10-03,2025-10-03,Annual,True,Active,False,,21
1138,1138,1,2025-08-01,2025-12-03,Monthly,False,Cancelled,True,2025-12-03,11
1139,1139,3,2025-04-01,2025-05-01,Monthly,True,Active,False,,15
1140,1140,1,2024-09-07,2024-11-08,Monthly,False,Expired,True,2024-11-08,22
1141,1141,4,2024-04-08,2024-05-08,Monthly,True,Active,False,,27
1142,1142,2,2025-06-10,2025-07-10,Monthly,True,Active,False,,13
1143,1143,5,2024-12-21,2025-12-21,Annual,True,Active,False,,19
1144,1144,5,2024-07-15,2025-07-15,Annual,True,Active,False,,24
1145,1145,6,2024-09-09,2025-07-01,Annual,True,Cancelled,True,2025-07-01,22
1146,1146,4,2024-09-06,2024-10-06,Monthly,False,Active,False,,22
1147,1147,2,2024-11-10,2024-12-10,Monthly,True,Active,False,,20
1148,1148,5,2025-02-22,2026-02-22,Annual,True,Active,False,,17
1149,1149,3,2025-06-01,2025-07-01,Monthly,False,Active,False,,13
1150,1150,5,2024-12-14,2025-12-14,Annual,True,Active,False,,19
1151,1151,2,2024-11-25,2024-12-25,Monthly,True,Active,False,,20
1152,1152,3,2024-05-03,2024-06-03,Monthly,True,Active,False,,26
1153,1153,6,2024-04-20,2025-04-20,Annual,True,Active,False,,27
1154,1154,6,2024-08-31,2025-06-17,Annual,True,Cancelled,True,2025-06-17,23
1155,1155,2,2024-04-10,2024-05-10,Monthly,True,Active,False,,27
1156,1156,5,2024-10-12,2025-10-12,Annual,True,Active,False,,21
1157,1157,2,2024-12-27,2025-01-27,Monthly,True,Active,False,,19
1158,1158,1,2024-11-24,2024-12-24,Monthly,True,Active,False,,20
1159,1159,6,2024-02-11,2025-02-11,Annual,True,Active,False,,29
1160,1160,2,2025-03-28,2025-04-28,Monthly,True,Active,False,,16
1161,1161,5,2024-07-25,2025-07-25,Annual,True,Active,False,,24
1162,1162,2,2025-06-12,2025-07-12,Monthly,True,Active,False,,13
1163,1163,4,2025-12-26,2026-01-26,Monthly,True,Active,False,,7
1164,1164,2,2025-03-22,2025-09-06,Monthly,True,Cancelled,True,2025-09-06,16
1165,1165,5,2024-07-21,2025-07-21,Annual,True,Active,False,,24
1166,1166,2,2024-03-06,2024-07-29,Monthly,False,Expired,True,2024-07-29,28
1167,1167,4,2025-05-15,2025-06-15,Monthly,True,Active,False,,14
1168,1168,5,2024-11-28,2025-11-28,Annual,True,Active,False,,20
1169,1169,5,2024-08-19,2025-08-19,Annual,True,Active,False,,23
1170,1170,2,2024-03-26,2024-04-26,Monthly,True,Active,False,,28
1171,1171,2,2025-08-10,2025-09-10,Monthly,True,Active,False,,11
1172,1172,2,2025-02-06,2025-03-06,Monthly,True,Active,False,,17
1173,1173,5,2025-10-06,2026-10-06,Annual,True,Active,False,,9
1174,1174,2,2024-05-17,2024-06-17,Monthly,True,Active,False,,26
1175,1175,5,2025-07-14,2026-07-14,Annual,True,Active,False,,12
1176,1176,3,2024-06-26,2024-07-26,Monthly,True,Active,False,,25
1177,1177,6,2024-09-25,2025-09-25,Annual,True,Active,False,,22
1178,1178,5,2025-05-17,2026-05-17,Annual,True,Active,False,,14
1179,1179,4,2025-11-10,2025-12-10,Monthly,True,Active,False,,8
1180,1180,2,2025-03-17,2025-04-17,Monthly,True,Active,False,,16
1181,1181,5,2024-12-18,2025-12-18,Annual,True,Active,False,,19
1182,1182,3,2024-04-22,2024-05-22,Monthly,True,Active,False,,27
1183,1183,6,2025-01-25,2026-01-25,Annual,True,Active,False,,18
1184,1184,1,2025-11-16,2025-12-16,Monthly,True,Active,False,,8
1185,1185,6,2025-09-16,2026-07-30,Annual,True,Cancelled,True,2026-07-30,10
1186,1186,2,2024-05-03,2024-06-03,Monthly,True,Active,False,,26
1187,1187,3,2025-01-05,2025-02-05,Monthly,True,Active,False,,18
1188,1188,5,2025-12-10,2026-12-10,Annual,True,Active,False,,7
1189,1189,5,2025-12-24,2026-12-24,Annual,True,Active,False,,7
1190,1190,5,2024-10-12,2025-10-12,Annual,True,Active,False,,21
1191,1191,2,2025-03-26,2025-04-26,Monthly,True,Active,False,,16
1192,1192,2,2024-08-29,2024-09-29,Monthly,True,Active,False,,23
1193,1193,2,2025-03-23,2025-04-23,Monthly,True,Active,False,,16
1194,1194,6,2024-11-02,2025-11-02,Annual,True,Active,False,,20
1195,1195,5,2025-07-04,2026-07-04,Annual,True,Active,False,,12
1196,1196,3,2026-01-02,2026-02-02,Monthly,True,Active,False,,6
1197,1197,2,2024-10-31,2024-11-30,Monthly,True,Active,False,,21
1198,1198,4,2025-08-23,2025-09-23,Monthly,True,Active,False,,11
1199,1199,2,2024-05-07,2024-06-07,Monthly,True,Active,False,,26
1200,1200,1,2024-06-09,2024-07-09,Monthly,True,Active,False,,25
1201,1201,2,2024-03-04,2024-04-04,Monthly,False,Active,False,,28
1202,1202,5,2025-06-05,2026-06-05,Annual,True,Active,False,,13
1203,1203,5,2024-01-29,2025-01-29,Annual,True,Active,False,,30
1204,1204,2,2025-06-12,2025-11-04,Monthly,True,Cancelled,True,2025-11-04,13
1205,1205,2,2024-02-23,2024-03-23,Monthly,True,Active,False,,29
1206,1206,4,2024-07-06,2024-08-06,Monthly,True,Active,False,,24
1207,1207,5,2026-01-17,2027-01-17,Annual,True,Active,False,,6
1208,1208,3,2024-11-13,2024-12-13,Monthly,True,Active,False,,20
1209,1209,5,2025-01-26,2026-01-26,Annual,True,Active,False,,18
1210,1210,2,2025-05-01,2025-06-01,Monthly,True,Active,False,,14
1211,1211,2,2025-05-15,2025-06-15,Monthly,True,Active,False,,14
1212,1212,2,2025-04-14,2025-05-14,Monthly,True,Active,False,,15
1213,1213,5,2024-02-21,2025-02-21,Annual,True,Active,False,,29
1214,1214,5,2024-11-28,2025-11-28,Annual,True,Active,False,,20
1215,1215,4,2025-04-11,2025-05-11,Monthly,True,Active,False,,15
1216,1216,2,2024-03-11,2024-04-11,Monthly,True,Active,False,,28
1217,1217,2,2024-04-25,2024-05-25,Monthly,True,Active,False,,27
1218,1218,2,2025-10-20,2025-11-20,Monthly,True,Active,False,,9
1219,1219,3,2024-08-23,2024-09-23,Monthly,True,Active,False,,23
1220,1220,5,2024-02-16,2025-02-16,Annual,True,Active,False,,29
1221,1221,2,2024-06-05,2024-07-05,Monthly,False,Active,False,,25
1222,1222,6,2025-06-17,2026-06-17,Annual,True,Active,False,,13
1223,1223,5,2025-03-27,2026-03-27,Annual,True,Active,False,,16
1224,1224,3,2024-02-09,2024-03-09,Monthly,True,Active,False,,29
1225,1225,5,2024-12-10,2025-12-10,Annual,True,Active,False,,19
1226,1226,3,2024-09-27,2024-10-27,Monthly,True,Active,False,,22
1227,1227,1,2025-07-28,2025-10-17,Monthly,False,Cancelled,True,2025-10-17,12
1228,1228,5,2024-04-26,2025-04-26,Annual,True,Active,False,,27
1229,1229,5,2025-09-22,2026-09-22,Annual,True,Active,False,,10
1230,1230,2,2024-05-24,2024-06-24,Monthly,True,Active,False,,26
1231,1231,5,2025-10-02,2026-10-02,Annual,True,Active,False,,9
1232,1232,2,2025-03-02,2025-04-19,Monthly,False,Expired,True,2025-04-19,16
1233,1233,1,2025-10-01,2025-11-01,Monthly,True,Active,False,,9
1234,1234,3,2024-12-10,2025-02-25,Monthly,False,Expired,True,2025-02-25,19
1235,1235,5,2024-12-06,2025-12-06,Annual,True,Active,False,,19
1236,1236,5,2025-11-25,2026-11-25,Annual,True,Active,False,,8
1237,1237,3,2024-09-22,2024-10-22,Monthly,True,Active,False,,22
1238,1238,2,2024-12-22,2025-01-22,Monthly,True,Active,False,,19
1239,1239,2,2025-02-15,2025-07-12,Monthly,False,Expired,True,2025-07-12,17
1240,1240,5,2025-03-11,2026-03-11,Annual,True,Active,False,,16
1241,1241,3,2025-05-24,2025-06-24,Monthly,True,Active,False,,14
1242,1242,5,2025-03-13,2026-03-13,Annual,True,Active,False,,16
1243,1243,4,2025-09-07,2025-10-07,Monthly,True,Active,False,,10
1244,1244,5,2025-02-22,2026-02-22,Annual,True,Active,False,,17
1245,1245,5,2024-05-01,2025-05-01,Annual,True,Active,False,,26
1246,1246,2,2025-03-22,2025-04-22,Monthly,True,Active,False,,16
1247,1247,5,2025-09-15,2026-09-15,Annual,True,Active,False,,10
1248,1248,1,2025-09-12,2025-10-12,Monthly,True,Active,False,,10
1249,1249,5,2025-03-09,2026-03-09,Annual,True,Active,False,,16
1250,1250,2,2025-06-07,2025-07-07,Monthly,True,Active,False,,13
1251,1251,6,2024-11-12,2025-11-12,Annual,True,Active,False,,20
1252,1252,1,2025-06-10,2025-07-10,Monthly,False,Active,False,,13
1253,1253,2,2025-01-13,2025-02-13,Monthly,True,Active,False,,18
1254,1254,5,2025-04-17,2026-04-17,Annual,False,Active,False,,15
1255,1255,2,2025-03-20,2025-04-20,Monthly,True,Active,False,,16
1256,1256,4,2024-04-03,2024-05-03,Monthly,True,Active,False,,27
1257,1257,5,2024-05-22,2025-05-22,Annual,True,Active,False,,26
1258,1258,6,2024-12-17,2025-12-17,Annual,True,Active,False,,19
1259,1259,5,2025-03-28,2025-10-26,Annual,True,Cancelled,True,2025-10-26,16
1260,1260,6,2025-05-12,2026-05-12,Annual,True,Active,False,,14
1261,1261,2,2024-06-11,2024-07-11,Monthly,True,Active,False,,25
1262,1262,6,2025-12-22,2026-12-22,Annual,True,Active,False,,7
1263,1263,2,2025-06-15,2025-07-15,Monthly,True,Active,False,,13
1264,1264,4,2024-03-17,2024-04-17,Monthly,True,Active,False,,28
1265,1265,4,2024-07-16,2024-08-16,Monthly,True,Active,False,,24
1266,1266,5,2024-05-08,2025-05-08,Annual,True,Active,False,,26
1267,1267,2,2025-06-12,2025-07-12,Monthly,True,Active,False,,13
1268,1268,5,2024-01-25,2024-12-27,Annual,False,Cancelled,True,2024-12-27,30
1269,1269,3,2024-09-22,2024-10-22,Monthly,True,Active,False,,22
1270,1270,3,2024-07-25,2024-08-25,Monthly,True,Active,False,,24
1271,1271,4,2025-01-13,2025-02-13,Monthly,True,Active,False,,18
1272,1272,3,2024-05-30,2024-07-25,Monthly,True,Cancelled,True,2024-07-25,26
1273,1273,2,2025-06-19,2025-07-19,Monthly,False,Active,False,,13
1274,1274,2,2025-11-05,2025-12-05,Monthly,True,Active,False,,8
1275,1275,5,2024-08-23,2025-05-02,Annual,False,Expired,True,2025-05-02,23
1276,1276,5,2026-01-29,2027-01-29,Annual,True,Active,False,,6
1277,1277,4,2024-08-26,2024-09-26,Monthly,True,Active,False,,23
1278,1278,2,2025-07-03,2025-08-03,Monthly,True,Active,False,,12
1279,1279,3,2024-12-31,2025-01-31,Monthly,True,Active,False,,19
1280,1280,2,2024-03-21,2024-04-21,Monthly,True,Active,False,,28
1281,1281,6,2024-01-28,2025-01-28,Annual,True,Active,False,,30
1282,1282,2,2025-08-18,2025-09-18,Monthly,True,Active,False,,11
1283,1283,3,2024-11-23,2024-12-23,Monthly,False,Active,False,,20
1284,1284,3,2024-11-18,2025-04-08,Monthly,True,Cancelled,True,2025-04-08,20
1285,1285,2,2024-05-07,2024-06-07,Monthly,True,Active,False,,26
1286,1286,3,2026-01-06,2026-02-06,Monthly,True,Active,False,,6
1287,1287,2,2024-10-31,2024-11-30,Monthly,True,Active,False,,21
1288,1288,5,2025-10-28,2026-10-28,Annual,True,Active,False,,9
1289,1289,4,2025-02-13,2025-03-13,Monthly,False,Active,False,,17
1290,1290,6,2025-08-09,2026-08-09,Annual,True,Active,False,,11
1291,1291,5,2024-10-26,2025-10-26,Annual,True,Active,False,,21
1292,1292,4,2024-10-13,2024-11-13,Monthly,False,Active,False,,21
1293,1293,3,2025-02-25,2025-03-25,Monthly,True,Active,False,,17
1294,1294,2,2024-05-08,2024-06-08,Monthly,True,Active,False,,26
1295,1295,1,2024-04-20,2024-05-20,Monthly,True,Active,False,,27
1296,1296,3,2025-06-30,2025-07-30,Monthly,True,Active,False,,13
1297,1297,2,2025-08-06,2025-12-27,Monthly,False,Expired,True,2025-12-27,11
1298,1298,5,2024-08-13,2025-08-13,Annual,True,Active,False,,23
1299,1299,5,2025-01-10,2026-01-10,Annual,True,Active,False,,18
1300,1300,3,2024-06-15,2024-07-15,Monthly,True,Active,False,,25
1301,1301,2,2025-04-06,2025-05-06,Monthly,False,Active,False,,15
1302,1302,4,2024-05-10,2024-06-10,Monthly,True,Active,False,,26
1303,1303,2,2025-10-29,2025-11-29,Monthly,True,Active,False,,9
1304,1304,5,2025-03-09,2026-03-09,Annual,True,Active,False,,16
1305,1305,4,2025-01-19,2025-02-19,Monthly,True,Active,False,,18
1306,1306,3,2024-06-02,2024-07-02,Monthly,True,Active,False,,25
1307,1307,1,2025-05-19,2025-06-19,Monthly,True,Active,False,,14
1308,1308,3,2024-02-23,2024-04-26,Monthly,True,Cancelled,True,2024-04-26,29
1309,1309,5,2025-11-07,2026-11-07,Annual,True,Active,False,,8
1310,1310,4,2024-06-25,2024-07-25,Monthly,True,Active,False,,25
1311,1311,5,2025-03-17,2026-03-17,Annual,True,Active,False,,16
1312,1312,3,2025-02-27,2025-03-27,Monthly,True,Active,False,,17
1313,1313,2,2025-03-27,2025-09-19,Monthly,False,Expired,True,2025-09-19,16
1314,1314,3,2025-08-20,2025-09-20,Monthly,True,Active,False,,11
1315,1315,2,2025-11-28,2025-12-28,Monthly,True,Active,False,,8
1316,1316,5,2024-12-25,2025-12-25,Annual,True,Active,False,,19
1317,1317,6,2024-08-01,2025-08-01,Annual,True,Active,False,,23
1318,1318,5,2024-07-07,2025-07-07,Annual,True,Active,False,,24
1319,1319,5,2025-01-11,2026-01-11,Annual,True,Active,False,,18
1320,1320,5,2024-02-01,2025-02-01,Annual,False,Active,False,,29
1321,1321,6,2025-11-22,2026-11-22,Annual,True,Active,False,,8
1322,1322,5,2024-09-06,2025-09-06,Annual,False,Active,False,,22
1323,1323,5,2024-07-14,2025-07-14,Annual,True,Active,False,,24
1324,1324,3,2025-07-18,2025-08-18,Monthly,True,Active,False,,12
1325,1325,2,2024-04-10,2024-05-31,Monthly,False,Cancelled,True,2024-05-31,27
1326,1326,3,2024-08-21,2024-09-21,Monthly,True,Active,False,,23
1327,1327,5,2024-04-28,2025-04-28,Annual,True,Active,False,,27
1328,1328,2,2025-03-01,2025-05-10,Monthly,False,Expired,True,2025-05-10,16
1329,1329,3,2025-03-18,2025-04-18,Monthly,True,Active,False,,16
1330,1330,5,2025-02-23,2026-02-23,Annual,True,Active,False,,17
1331,1331,5,2024-10-03,2025-10-03,Annual,True,Active,False,,21
1332,1332,2,2025-09-15,2025-10-15,Monthly,True,Active,False,,10
1333,1333,5,2025-05-08,2026-05-08,Annual,True,Active,False,,14
1334,1334,6,2025-03-04,2026-03-04,Annual,True,Active,False,,16
1335,1335,4,2024-03-15,2024-08-14,Monthly,False,Cancelled,True,2024-08-14,28
1336,1336,5,2024-05-26,2025-05-26,Annual,True,Active,False,,26
1337,1337,4,2025-02-07,2025-03-07,Monthly,True,Active,False,,17
1338,1338,5,2025-03-21,2026-03-21,Annual,True,Active,False,,16
1339,1339,5,2024-11-28,2025-11-28,Annual,True,Active,False,,20
1340,1340,3,2025-08-25,2026-02-18,Monthly,False,Expired,True,2026-02-18,11
1341,1341,3,2024-04-07,2024-05-07,Monthly,True,Active,False,,27
1342,1342,4,2025-11-03,2025-12-03,Monthly,False,Active,False,,8
1343,1343,3,2025-01-24,2025-02-24,Monthly,True,Active,False,,18
1344,1344,6,2025-08-01,2026-08-01,Annual,True,Active,False,,11
1345,1345,5,2025-07-28,2026-07-28,Annual,True,Active,False,,12
1346,1346,3,2025-01-16,2025-02-16,Monthly,True,Active,False,,18
1347,1347,5,2025-04-13,2026-04-13,Annual,True,Active,False,,15
1348,1348,2,2024-06-30,2024-07-30,Monthly,True,Active,False,,25
1349,1349,2,2025-01-18,2025-02-18,Monthly,True,Active,False,,18
1350,1350,4,2024-02-03,2024-06-17,Monthly,True,Cancelled,True,2024-06-17,29
1351,1351,5,2025-04-01,2026-04-01,Annual,True,Active,False,,15
1352,1352,6,2024-03-11,2025-03-11,Annual,False,Active,False,,28
1353,1353,2,2025-09-05,2025-10-05,Monthly,True,Active,False,,10
1354,1354,2,2024-11-02,2024-12-02,Monthly,True,Active,False,,20
1355,1355,4,2025-05-01,2025-06-01,Monthly,True,Active,False,,14
1356,1356,2,2025-07-29,2025-12-27,Monthly,False,Expired,True,2025-12-27,12
1357,1357,2,2025-11-17,2025-12-17,Monthly,True,Active,False,,8
1358,1358,5,2025-01-08,2026-01-08,Annual,True,Active,False,,18
1359,1359,5,2025-11-27,2026-11-27,Annual,True,Active,False,,8
1360,1360,2,2024-09-03,2024-10-03,Monthly,True,Active,False,,22
1361,1361,4,2025-03-15,2025-04-15,Monthly,True,Active,False,,16
1362,1362,3,2024-11-02,2024-12-02,Monthly,True,Active,False,,20
1363,1363,2,2025-07-31,2025-08-31,Monthly,True,Active,False,,12
1364,1364,3,2024-12-12,2025-01-12,Monthly,True,Active,False,,19
1365,1365,4,2024-10-05,2024-11-05,Monthly,True,Active,False,,21
1366,1366,3,2025-05-15,2025-06-15,Monthly,True,Active,False,,14
1367,1367,6,2025-01-30,2026-01-30,Annual,True,Active,False,,18
1368,1368,5,2024-08-20,2025-08-20,Annual,True,Active,False,,23
1369,1369,3,2025-11-19,2025-12-19,Monthly,False,Active,False,,8
1370,1370,4,2024-02-02,2024-03-02,Monthly,True,Active,False,,29
1371,1371,4,2024-06-15,2024-07-15,Monthly,True,Active,False,,25
1372,1372,1,2024-09-29,2024-10-29,Monthly,True,Active,False,,22
1373,1373,5,2025-08-27,2026-08-27,Annual,True,Active,False,,11
1374,1374,2,2024-02-29,2024-04-13,Monthly,True,Cancelled,True,2024-04-13,29
1375,1375,6,2024-02-16,2025-02-16,Annual,True,Active,False,,29
1376,1376,4,2024-02-06,2024-03-09,Monthly,False,Expired,True,2024-03-09,29
1377,1377,4,2025-07-19,2025-08-19,Monthly,True,Active,False,,12
1378,1378,2,2024-12-11,2025-01-11,Monthly,True,Active,False,,19
1379,1379,2,2025-11-28,2026-02-11,Monthly,True,Cancelled,True,2026-02-11,8
1380,1380,5,2024-03-04,2025-03-04,Annual,True,Active,False,,28
1381,1381,5,2024-02-14,2025-02-14,Annual,True,Active,False,,29
1382,1382,5,2024-06-18,2025-06-18,Annual,True,Active,False,,25
1383,1383,3,2025-08-07,2025-09-07,Monthly,True,Active,False,,11
1384,1384,3,2025-09-10,2025-10-10,Monthly,True,Active,False,,10
1385,1385,2,2024-10-28,2024-11-28,Monthly,False,Active,False,,21
1386,1386,2,2024-03-07,2024-04-16,Monthly,True,Cancelled,True,2024-04-16,28
1387,1387,4,2024-08-04,2024-09-04,Monthly,False,Active,False,,23
1388,1388,2,2025-08-22,2025-09-22,Monthly,True,Active,False,,11
1389,1389,4,2024-08-21,2024-09-21,Monthly,True,Active,False,,23
1390,1390,6,2024-10-06,2025-10-03,Annual,False,Cancelled,True,2025-10-03,21
1391,1391,5,2024-08-29,2025-08-29,Annual,True,Active,False,,23
1392,1392,4,2025-01-24,2025-02-24,Monthly,True,Active,False,,18
1393,1393,4,2025-08-09,2025-09-09,Monthly,True,Active,False,,11
1394,1394,2,2024-02-23,2024-03-23,Monthly,True,Active,False,,29
1395,1395,1,2025-03-03,2025-04-03,Monthly,True,Active,False,,16
1396,1396,5,2025-02-04,2026-02-04,Annual,True,Active,False,,17
1397,1397,6,2025-05-19,2026-04-02,Annual,True,Cancelled,True,2026-04-02,14
1398,1398,4,2025-06-26,2025-07-26,Monthly,True,Active,False,,13
1399,1399,2,2025-09-17,2025-10-17,Monthly,True,Active,False,,10
1400,1400,4,2024-01-15,2024-02-15,Monthly,True,Active,False,,30
1401,1401,2,2025-10-05,2025-11-05,Monthly,True,Active,False,,9
1402,1402,5,2025-09-25,2026-09-25,Annual,True,Active,False,,10
1403,1403,5,2024-10-22,2025-10-22,Annual,True,Active,False,,21
1404,1404,2,2026-01-06,2026-02-06,Monthly,True,Active,False,,6
1405,1405,5,2024-03-18,2025-03-18,Annual,True,Active,False,,28
1406,1406,2,2024-05-18,2024-06-18,Monthly,False,Active,False,,26
1407,1407,6,2024-02-09,2025-01-02,Annual,True,Cancelled,True,2025-01-02,29
1408,1408,5,2024-12-14,2025-12-14,Annual,True,Active,False,,19
1409,1409,2,2025-12-18,2026-01-18,Monthly,True,Active,False,,7
1410,1410,6,2024-07-04,2025-07-04,Annual,True,Active,False,,24
1411,1411,5,2024-02-13,2025-02-13,Annual,True,Active,False,,29
1412,1412,1,2024-04-28,2024-05-28,Monthly,True,Active,False,,27
1413,1413,4,2024-12-31,2025-01-31,Monthly,True,Active,False,,19
1414,1414,2,2024-09-25,2024-10-25,Monthly,True,Active,False,,22
1415,1415,4,2024-02-23,2024-03-23,Monthly,True,Active,False,,29
1416,1416,5,2024-06-28,2025-06-28,Annual,True,Active,False,,25
1417,1417,2,2025-12-19,2026-01-19,Monthly,True,Active,False,,7
1418,1418,6,2025-11-21,2026-11-21,Annual,True,Active,False,,8
1419,1419,2,2024-12-26,2025-01-26,Monthly,True,Active,False,,19
1420,1420,2,2024-02-10,2024-03-10,Monthly,True,Active,False,,29
1421,1421,1,2025-07-23,2025-08-23,Monthly,True,Active,False,,12
1422,1422,6,2024-05-21,2025-05-21,Annual,False,Active,False,,26
1423,1423,2,2024-01-23,2024-02-23,Monthly,False,Active,False,,30
1424,1424,6,2025-03-17,2026-03-17,Annual,True,Active,False,,16
1425,1425,6,2024-06-12,2025-06-12,Annual,True,Active,False,,25
1426,1426,6,2024-06-11,2025-06-11,Annual,True,Active,False,,25
1427,1427,2,2024-07-30,2024-08-30,Monthly,True,Active,False,,24
1428,1428,2,2025-10-11,2025-11-11,Monthly,True,Active,False,,9
1429,1429,4,2025-06-18,2025-07-18,Monthly,False,Active,False,,13
1430,1430,2,2024-04-04,2024-05-04,Monthly,True,Active,False,,27
1431,1431,5,2026-01-14,2027-01-14,Annual,True,Active,False,,6
1432,1432,5,2025-08-24,2026-08-24,Annual,True,Active,False,,11
1433,1433,2,2025-07-09,2025-08-09,Monthly,False,Active,False,,12
1434,1434,2,2025-12-17,2026-01-17,Monthly,True,Active,False,,7
1435,1435,2,2024-03-27,2024-04-27,Monthly,True,Active,False,,28
1436,1436,2,2025-06-19,2025-07-19,Monthly,True,Active,False,,13
1437,1437,6,2025-03-31,2026-03-31,Annual,True,Active,False,,16
1438,1438,2,2024-09-25,2025-01-19,Monthly,False,Cancelled,True,2025-01-19,22
1439,1439,3,2025-08-08,2025-09-08,Monthly,True,Active,False,,11
1440,1440,2,2024-04-14,2024-05-14,Monthly,True,Active,False,,27
1441,1441,6,2024-05-30,2025-05-30,Annual,True,Active,False,,26
1442,1442,4,2025-03-16,2025-04-16,Monthly,True,Active,False,,16
1443,1443,6,2025-01-05,2026-01-05,Annual,True,Active,False,,18
1444,1444,3,2025-06-07,2025-10-08,Monthly,False,Cancelled,True,2025-10-08,13
1445,1445,2,2024-06-05,2024-07-05,Monthly,True,Active,False,,25
1446,1446,2,2025-07-21,2025-08-21,Monthly,True,Active,False,,12
1447,1447,2,2024-02-14,2024-03-14,Monthly,True,Active,False,,29
1448,1448,2,2024-04-17,2024-05-17,Monthly,True,Active,False,,27
1449,1449,2,2025-03-18,2025-04-18,Monthly,True,Active,False,,16
1450,1450,4,2025-03-08,2025-04-08,Monthly,True,Active,False,,16
1451,1451,5,2024-10-27,2025-10-27,Annual,True,Active,False,,21
1452,1452,5,2024-01-30,2025-01-30,Annual,True,Active,False,,30
1453,1453,3,2024-07-26,2024-08-26,Monthly,True,Active,False,,24
1454,1454,5,2025-06-10,2026-06-10,Annual,True,Active,False,,13
1455,1455,5,2025-04-04,2026-04-04,Annual,True,Active,False,,15
1456,1456,2,2025-10-20,2025-11-20,Monthly,True,Active,False,,9
1457,1457,1,2025-10-09,2025-11-09,Monthly,True,Active,False,,9
1458,1458,5,2024-05-02,2025-05-02,Annual,True,Active,False,,26
1459,1459,5,2024-09-12,2025-09-12,Annual,True,Active,False,,22
1460,1460,5,2025-03-11,2026-03-11,Annual,True,Active,False,,16
1461,1461,5,2024-06-26,2025-06-26,Annual,True,Active,False,,25
1462,1462,2,2025-07-14,2025-08-14,Monthly,True,Active,False,,12
1463,1463,1,2025-06-04,2025-07-04,Monthly,True,Active,False,,13
1464,1464,5,2024-04-12,2025-04-12,Annual,True,Active,False,,27
1465,1465,5,2024-12-10,2025-12-10,Annual,True,Active,False,,19
1466,1466,5,2025-03-05,2026-03-05,Annual,True,Active,False,,16
1467,1467,2,2025-04-22,2025-05-22,Monthly,True,Active,False,,15
1468,1468,2,2025-02-07,2025-03-07,Monthly,True,Active,False,,17
1469,1469,2,2024-12-21,2025-01-21,Monthly,True,Active,False,,19
1470,1470,2,2025-07-06,2025-08-06,Monthly,True,Active,False,,12
1471,1471,4,2024-02-22,2024-03-22,Monthly,True,Active,False,,29
1472,1472,5,2025-09-16,2026-09-16,Annual,True,Active,False,,10
1473,1473,4,2024-11-09,2024-12-09,Monthly,True,Active,False,,20
1474,1474,5,2025-06-30,2026-06-30,Annual,True,Active,False,,13
1475,1475,6,2024-07-11,2025-07-11,Annual,True,Active,False,,24
1476,1476,4,2024-05-15,2024-06-15,Monthly,True,Active,False,,26
1477,1477,4,2024-08-17,2024-09-17,Monthly,True,Active,False,,23
1478,1478,6,2025-11-18,2026-11-18,Annual,True,Active,False,,8
1479,1479,5,2026-01-16,2027-01-16,Annual,True,Active,False,,6
1480,1480,2,2024-11-16,2024-12-16,Monthly,True,Active,False,,20
1481,1481,3,2025-07-10,2025-10-02,Monthly,False,Expired,True,2025-10-02,12
1482,1482,2,2025-05-28,2025-06-28,Monthly,True,Active,False,,14
1483,1483,5,2024-03-14,2025-03-14,Annual,True,Active,False,,28
1484,1484,3,2025-11-04,2026-01-09,Monthly,False,Expired,True,2026-01-09,8
1485,1485,5,2025-04-14,2026-04-14,Annual,True,Active,False,,15
1486,1486,5,2025-09-14,2026-09-14,Annual,True,Active,False,,10
1487,1487,2,2024-12-14,2025-01-14,Monthly,True,Active,False,,19
1488,1488,5,2024-01-25,2025-01-25,Annual,True,Active,False,,30
1489,1489,4,2025-03-31,2025-04-30,Monthly,True,Active,False,,16
1490,1490,5,2025-07-19,2026-07-19,Annual,True,Active,False,,12
1491,1491,5,2025-05-17,2026-05-17,Annual,True,Active,False,,14
1492,1492,2,2025-08-24,2025-09-24,Monthly,True,Active,False,,11
1493,1493,2,2025-11-22,2025-12-22,Monthly,True,Active,False,,8
1494,1494,5,2024-09-08,2025-09-08,Annual,True,Active,False,,22
1495,1495,4,2025-08-31,2025-09-30,Monthly,True,Active,False,,11
1496,1496,4,2024-04-26,2024-05-26,Monthly,True,Active,False,,27
1497,1497,6,2025-08-12,2026-08-12,Annual,True,Active,False,,11
1498,1498,5,2024-03-16,2024-12-28,Annual,True,Cancelled,True,2024-12-28,28
1499,1499,2,2025-01-04,2025-02-04,Monthly,False,Active,False,,18
1500,1500,2,2025-07-21,2025-12-03,Monthly,False,Expired,True,2025-12-03,12
1501,1501,1,2025-08-27,2025-09-27,Monthly,True,Active,False,,11
1502,1502,5,2025-07-05,2026-07-05,Annual,True,Active,False,,12
1503,1503,5,2025-01-09,2026-01-09,Annual,True,Active,False,,18
1504,1504,2,2024-11-21,2024-12-21,Monthly,True,Active,False,,20
1505,1505,3,2024-08-26,2024-09-26,Monthly,True,Active,False,,23
1506,1506,5,2024-01-10,2025-01-10,Annual,True,Active,False,,30
1507,1507,2,2024-04-18,2024-06-21,Monthly,True,Cancelled,True,2024-06-21,27
1508,1508,5,2024-09-30,2025-09-30,Annual,True,Active,False,,22
1509,1509,5,2025-02-07,2026-02-07,Annual,True,Active,False,,17
1510,1510,5,2025-01-11,2026-01-11,Annual,True,Active,False,,18
1511,1511,5,2024-02-20,2025-02-20,Annual,True,Active,False,,29
1512,1512,5,2025-12-07,2026-12-07,Annual,True,Active,False,,7
1513,1513,4,2025-09-14,2025-10-14,Monthly,True,Active,False,,10
1514,1514,2,2024-08-07,2024-09-07,Monthly,True,Active,False,,23
1515,1515,5,2025-09-27,2026-09-27,Annual,True,Active,False,,10
1516,1516,2,2026-01-19,2026-02-19,Monthly,True,Active,False,,6
1517,1517,5,2025-09-17,2026-09-17,Annual,True,Active,False,,10
1518,1518,5,2025-02-02,2026-02-02,Annual,True,Active,False,,17
1519,1519,4,2024-12-31,2025-01-31,Monthly,True,Active,False,,19
1520,1520,2,2025-03-16,2025-04-16,Monthly,True,Active,False,,16
1521,1521,2,2025-11-27,2025-12-27,Monthly,True,Active,False,,8
1522,1522,3,2024-02-04,2024-03-04,Monthly,True,Active,False,,29
1523,1523,5,2024-12-31,2025-12-31,Annual,True,Active,False,,19
1524,1524,5,2025-05-31,2026-05-31,Annual,False,Active,False,,14
1525,1525,3,2025-02-07,2025-03-07,Monthly,True,Active,False,,17
1526,1526,2,2024-07-05,2024-12-18,Monthly,False,Cancelled,True,2024-12-18,24
1527,1527,2,2024-05-03,2024-06-03,Monthly,True,Active,False,,26
1528,1528,6,2025-01-23,2026-01-23,Annual,True,Active,False,,18
1529,1529,5,2025-04-22,2026-02-03,Annual,True,Cancelled,True,2026-02-03,15
1530,1530,6,2025-07-02,2026-07-02,Annual,True,Active,False,,12
1531,1531,5,2024-11-22,2025-11-22,Annual,True,Active,False,,20
1532,1532,4,2024-11-20,2025-03-06,Monthly,False,Cancelled,True,2025-03-06,20
1533,1533,5,2024-03-18,2025-03-18,Annual,True,Active,False,,28
1534,1534,3,2024-10-07,2024-11-07,Monthly,True,Active,False,,21
1535,1535,5,2025-07-02,2026-07-02,Annual,True,Active,False,,12
1536,1536,3,2024-09-19,2024-10-19,Monthly,True,Active,False,,22
1537,1537,4,2025-03-28,2025-04-28,Monthly,True,Active,False,,16
1538,1538,2,2024-02-02,2024-03-02,Monthly,True,Active,False,,29
1539,1539,2,2024-07-07,2024-08-07,Monthly,True,Active,False,,24
1540,1540,2,2025-06-04,2025-07-04,Monthly,True,Active,False,,13
1541,1541,5,2025-05-12,2026-05-12,Annual,True,Active,False,,14
1542,1542,3,2024-10-06,2024-11-06,Monthly,True,Active,False,,21
1543,1543,4,2024-12-04,2025-02-04,Monthly,False,Expired,True,2025-02-04,19
1544,1544,5,2025-06-24,2026-06-24,Annual,True,Active,False,,13
1545,1545,6,2024-02-09,2025-02-09,Annual,False,Active,False,,29
1546,1546,2,2025-10-22,2025-11-22,Monthly,True,Active,False,,9
1547,1547,4,2024-04-01,2024-05-01,Monthly,True,Active,False,,27
1548,1548,2,2025-02-08,2025-03-08,Monthly,False,Active,False,,17
1549,1549,3,2024-12-04,2025-04-07,Monthly,False,Cancelled,True,2025-04-07,19
1550,1550,2,2024-01-22,2024-02-22,Monthly,True,Active,False,,30
1551,1551,2,2025-07-30,2025-08-30,Monthly,True,Active,False,,12
1552,1552,3,2024-10-22,2024-11-22,Monthly,True,Active,False,,21
1553,1553,2,2025-04-25,2025-05-25,Monthly,True,Active,False,,15
1554,1554,3,2024-08-10,2024-11-22,Monthly,True,Cancelled,True,2024-11-22,23
1555,1555,2,2025-01-13,2025-02-13,Monthly,True,Active,False,,18
1556,1556,4,2025-12-15,2026-01-15,Monthly,True,Active,False,,7
1557,1557,2,2024-07-04,2024-08-04,Monthly,True,Active,False,,24
1558,1558,2,2025-10-27,2025-11-27,Monthly,True,Active,False,,9
1559,1559,4,2025-11-01,2025-12-01,Monthly,True,Active,False,,8
1560,1560,5,2024-11-30,2025-11-30,Annual,True,Active,False,,20
1561,1561,5,2024-03-05,2025-03-05,Annual,True,Active,False,,28
1562,1562,5,2025-06-15,2026-06-15,Annual,True,Active,False,,13
1563,1563,5,2024-02-17,2024-09-16,Annual,False,Cancelled,True,2024-09-16,29
1564,1564,1,2025-05-18,2025-06-18,Monthly,False,Active,False,,14
1565,1565,6,2024-03-03,2025-03-03,Annual,True,Active,False,,28
1566,1566,5,2025-09-15,2026-09-15,Annual,True,Active,False,,10
1567,1567,6,2024-02-24,2025-02-24,Annual,True,Active,False,,29
1568,1568,4,2024-12-24,2025-01-24,Monthly,True,Active,False,,19
1569,1569,4,2024-02-14,2024-03-14,Monthly,False,Active,False,,29
1570,1570,4,2024-05-31,2024-06-30,Monthly,True,Active,False,,26
1571,1571,1,2024-04-14,2024-05-14,Monthly,True,Active,False,,27
1572,1572,5,2025-09-10,2026-07-30,Annual,True,Cancelled,True,2026-07-30,10
1573,1573,5,2025-10-28,2026-10-28,Annual,True,Active,False,,9
1574,1574,2,2024-07-05,2024-08-05,Monthly,True,Active,False,,24
1575,1575,2,2025-07-23,2025-08-23,Monthly,True,Active,False,,12
1576,1576,5,2025-11-20,2026-11-20,Annual,True,Active,False,,8
1577,1577,2,2025-11-24,2025-12-24,Monthly,True,Active,False,,8
1578,1578,6,2024-11-21,2025-11-21,Annual,True,Active,False,,20
1579,1579,4,2025-10-03,2025-11-03,Monthly,True,Active,False,,9
1580,1580,6,2024-10-06,2025-10-06,Annual,True,Active,False,,21
1581,1581,2,2024-11-23,2024-12-23,Monthly,True,Active,False,,20
1582,1582,5,2024-05-11,2025-05-11,Annual,True,Active,False,,26
1583,1583,5,2024-05-19,2025-05-19,Annual,True,Active,False,,26
1584,1584,2,2025-10-09,2025-11-09,Monthly,True,Active,False,,9
1585,1585,2,2025-04-21,2025-05-21,Monthly,True,Active,False,,15
1586,1586,5,2024-10-23,2025-10-23,Annual,True,Active,False,,21
1587,1587,5,2025-07-03,2026-07-03,Annual,True,Active,False,,12
1588,1588,1,2024-07-21,2024-08-21,Monthly,True,Active,False,,24
1589,1589,2,2025-06-19,2025-07-19,Monthly,True,Active,False,,13
1590,1590,2,2025-12-21,2026-01-21,Monthly,True,Active,False,,7
1591,1591,6,2025-08-04,2026-08-04,Annual,True,Active,False,,11
1592,1592,5,2025-07-05,2026-07-05,Annual,True,Active,False,,12
1593,1593,1,2025-05-31,2025-06-30,Monthly,True,Active,False,,14
1594,1594,3,2024-03-30,2024-04-30,Monthly,True,Active,False,,28
1595,1595,4,2025-03-26,2025-04-26,Monthly,True,Active,False,,16
1596,1596,1,2025-10-10,2025-11-10,Monthly,True,Active,False,,9
1597,1597,3,2024-10-12,2024-11-12,Monthly,True,Active,False,,21
1598,1598,5,2024-11-24,2025-11-24,Annual,True,Active,False,,20
1599,1599,3,2024-03-18,2024-04-18,Monthly,True,Active,False,,28
1600,1600,6,2026-01-07,2027-01-07,Annual,True,Active,False,,6
1601,1601,4,2024-04-24,2024-05-24,Monthly,True,Active,False,,27
1602,1602,2,2025-10-01,2025-11-01,Monthly,False,Active,False,,9
1603,1603,2,2024-12-23,2025-01-23,Monthly,True,Active,False,,19
1604,1604,5,2024-05-10,2025-05-10,Annual,True,Active,False,,26
1605,1605,3,2024-04-18,2024-05-18,Monthly,True,Active,False,,27
1606,1606,3,2025-03-28,2025-07-02,Monthly,True,Cancelled,True,2025-07-02,16
1607,1607,5,2025-05-13,2026-05-13,Annual,True,Active,False,,14
1608,1608,3,2025-01-30,2025-02-28,Monthly,True,Active,False,,18
1609,1609,2,2024-02-07,2024-03-07,Monthly,True,Active,False,,29
1610,1610,5,2025-05-04,2026-05-04,Annual,True,Active,False,,14
1611,1611,4,2025-07-06,2025-12-04,Monthly,False,Cancelled,True,2025-12-04,12
1612,1612,3,2025-01-05,2025-02-05,Monthly,True,Active,False,,18
1613,1613,4,2025-05-22,2025-06-22,Monthly,True,Active,False,,14
1614,1614,2,2025-12-10,2026-05-27,Monthly,True,Cancelled,True,2026-05-27,7
1615,1615,6,2025-11-13,2026-07-30,Annual,True,Cancelled,True,2026-07-30,8
1616,1616,3,2024-09-09,2024-10-09,Monthly,True,Active,False,,22
1617,1617,4,2025-02-04,2025-03-04,Monthly,False,Active,False,,17
1618,1618,2,2024-02-04,2024-03-04,Monthly,True,Active,False,,29
1619,1619,6,2025-07-09,2026-07-09,Annual,True,Active,False,,12
1620,1620,3,2025-10-02,2026-03-17,Monthly,False,Cancelled,True,2026-03-17,9
1621,1621,2,2025-03-10,2025-04-10,Monthly,True,Active,False,,16
1622,1622,4,2025-10-06,2025-11-06,Monthly,True,Active,False,,9
1623,1623,4,2024-10-22,2024-11-22,Monthly,True,Active,False,,21
1624,1624,2,2025-07-05,2025-08-05,Monthly,True,Active,False,,12
1625,1625,3,2025-10-09,2025-11-09,Monthly,True,Active,False,,9
1626,1626,5,2025-07-15,2026-07-15,Annual,True,Active,False,,12
1627,1627,5,2025-04-03,2026-04-03,Annual,True,Active,False,,15
1628,1628,3,2025-12-01,2026-02-21,Monthly,False,Expired,True,2026-02-21,7
1629,1629,3,2025-10-21,2025-11-21,Monthly,True,Active,False,,9
1630,1630,2,2025-09-02,2025-10-02,Monthly,True,Active,False,,10
1631,1631,5,2024-11-08,2025-11-08,Annual,True,Active,False,,20
1632,1632,5,2025-03-29,2026-03-29,Annual,True,Active,False,,16
1633,1633,2,2024-06-07,2024-07-07,Monthly,True,Active,False,,25
1634,1634,2,2025-08-09,2025-09-09,Monthly,False,Active,False,,11
1635,1635,3,2024-03-21,2024-04-21,Monthly,True,Active,False,,28
1636,1636,2,2024-02-06,2024-03-06,Monthly,True,Active,False,,29
1637,1637,4,2024-10-21,2024-11-21,Monthly,True,Active,False,,21
1638,1638,2,2024-03-07,2024-04-07,Monthly,True,Active,False,,28
1639,1639,2,2025-12-29,2026-01-29,Monthly,True,Active,False,,7
1640,1640,5,2025-03-02,2026-03-02,Annual,True,Active,False,,16
1641,1641,2,2025-05-14,2025-06-14,Monthly,True,Active,False,,14
1642,1642,2,2024-10-03,2024-11-03,Monthly,True,Active,False,,21
1643,1643,6,2024-04-15,2025-04-15,Annual,True,Active,False,,27
1644,1644,6,2024-05-22,2025-05-22,Annual,True,Active,False,,26
1645,1645,5,2024-03-28,2025-03-28,Annual,True,Active,False,,28
1646,1646,2,2025-04-25,2025-05-25,Monthly,True,Active,False,,15
1647,1647,2,2025-11-22,2025-12-22,Monthly,True,Active,False,,8
1648,1648,4,2024-06-13,2024-10-16,Monthly,False,Cancelled,True,2024-10-16,25
1649,1649,3,2024-12-03,2025-05-21,Monthly,True,Cancelled,True,2025-05-21,19
1650,1650,6,2025-07-20,2026-07-20,Annual,True,Active,False,,12
1651,1651,1,2025-02-23,2025-03-23,Monthly,True,Active,False,,17
1652,1652,2,2024-08-11,2024-09-11,Monthly,True,Active,False,,23
1653,1653,2,2025-02-12,2025-03-12,Monthly,True,Active,False,,17
1654,1654,3,2024-12-06,2025-01-06,Monthly,True,Active,False,,19
1655,1655,3,2024-12-14,2025-01-14,Monthly,True,Active,False,,19
1656,1656,2,2024-10-04,2024-11-04,Monthly,True,Active,False,,21
1657,1657,3,2024-01-22,2024-02-22,Monthly,True,Active,False,,30
1658,1658,5,2024-08-27,2025-08-27,Annual,True,Active,False,,23
1659,1659,5,2024-02-16,2025-02-16,Annual,True,Active,False,,29
1660,1660,3,2024-12-27,2025-01-27,Monthly,True,Active,False,,19
1661,1661,5,2025-08-03,2026-08-03,Annual,True,Active,False,,11
1662,1662,5,2025-05-13,2026-05-13,Annual,True,Active,False,,14
1663,1663,2,2024-08-12,2024-09-12,Monthly,True,Active,False,,23
1664,1664,2,2025-01-21,2025-02-21,Monthly,True,Active,False,,18
1665,1665,3,2025-08-30,2025-09-30,Monthly,True,Active,False,,11
1666,1666,1,2025-07-20,2025-08-20,Monthly,True,Active,False,,12
1667,1667,2,2025-04-24,2025-05-24,Monthly,True,Active,False,,15
1668,1668,3,2025-11-25,2025-12-25,Monthly,True,Active,False,,8
1669,1669,5,2025-03-26,2026-03-26,Annual,True,Active,False,,16
1670,1670,6,2025-09-01,2026-09-01,Annual,True,Active,False,,10
1671,1671,4,2025-12-25,2026-01-25,Monthly,True,Active,False,,7
1672,1672,6,2024-06-18,2025-06-18,Annual,True,Active,False,,25
1673,1673,3,2024-06-03,2024-07-03,Monthly,True,Active,False,,25
1674,1674,3,2024-04-22,2024-05-22,Monthly,True,Active,False,,27
1675,1675,4,2024-08-23,2024-09-23,Monthly,True,Active,False,,23
1676,1676,2,2024-04-24,2024-05-24,Monthly,True,Active,False,,27
1677,1677,3,2024-03-30,2024-04-30,Monthly,True,Active,False,,28
1678,1678,5,2024-03-07,2025-03-07,Annual,True,Active,False,,28
1679,1679,5,2024-08-30,2025-08-30,Annual,True,Active,False,,23
1680,1680,2,2024-11-25,2024-12-25,Monthly,True,Active,False,,20
1681,1681,5,2024-07-14,2025-07-14,Annual,True,Active,False,,24
1682,1682,3,2025-06-01,2025-07-01,Monthly,True,Active,False,,13
1683,1683,5,2024-04-05,2025-04-05,Annual,True,Active,False,,27
1684,1684,6,2024-05-25,2025-05-25,Annual,True,Active,False,,26
1685,1685,4,2024-10-13,2025-02-23,Monthly,False,Cancelled,True,2025-02-23,21
1686,1686,5,2025-04-12,2026-04-12,Annual,True,Active,False,,15
1687,1687,4,2024-08-03,2024-12-06,Monthly,False,Expired,True,2024-12-06,23
1688,1688,4,2025-07-20,2025-08-20,Monthly,True,Active,False,,12
1689,1689,4,2025-12-24,2026-01-24,Monthly,True,Active,False,,7
1690,1690,5,2025-06-06,2026-06-06,Annual,True,Active,False,,13
1691,1691,4,2024-06-15,2024-07-15,Monthly,False,Active,False,,25
1692,1692,3,2025-03-23,2025-04-23,Monthly,True,Active,False,,16
1693,1693,3,2024-10-14,2024-11-14,Monthly,True,Active,False,,21
1694,1694,6,2025-08-15,2026-08-15,Annual,True,Active,False,,11
1695,1695,2,2024-12-04,2025-01-04,Monthly,False,Active,False,,19
1696,1696,2,2024-08-13,2024-09-13,Monthly,True,Active,False,,23
1697,1697,4,2025-03-06,2025-04-06,Monthly,True,Active,False,,16
1698,1698,3,2025-04-06,2025-05-06,Monthly,True,Active,False,,15
1699,1699,6,2025-08-30,2026-08-30,Annual,True,Active,False,,11
1700,1700,5,2024-08-10,2025-08-10,Annual,True,Active,False,,23
1701,1701,3,2024-11-14,2024-12-14,Monthly,True,Active,False,,20
1702,1702,2,2024-06-27,2024-07-27,Monthly,True,Active,False,,25
1703,1703,2,2025-07-16,2025-08-16,Monthly,True,Active,False,,12
1704,1704,5,2025-02-01,2026-02-01,Annual,True,Active,False,,17
1705,1705,2,2024-07-27,2024-08-27,Monthly,True,Active,False,,24
1706,1706,6,2024-05-27,2025-05-27,Annual,True,Active,False,,26
1707,1707,3,2024-04-26,2024-05-26,Monthly,True,Active,False,,27
1708,1708,3,2024-02-22,2024-03-22,Monthly,True,Active,False,,29
1709,1709,3,2025-05-01,2025-06-01,Monthly,True,Active,False,,14
1710,1710,3,2024-10-27,2024-11-27,Monthly,True,Active,False,,21
1711,1711,3,2024-12-05,2025-01-05,Monthly,True,Active,False,,19
1712,1712,5,2024-08-11,2025-08-11,Annual,True,Active,False,,23
1713,1713,4,2024-08-03,2024-09-03,Monthly,True,Active,False,,23
1714,1714,2,2024-08-16,2024-09-16,Monthly,True,Active,False,,23
1715,1715,5,2024-04-28,2025-04-28,Annual,True,Active,False,,27
1716,1716,5,2024-01-29,2025-01-29,Annual,True,Active,False,,30
1717,1717,5,2024-07-05,2025-07-05,Annual,True,Active,False,,24
1718,1718,3,2024-04-18,2024-05-18,Monthly,True,Active,False,,27
1719,1719,5,2024-04-20,2025-04-20,Annual,True,Active,False,,27
1720,1720,4,2025-02-01,2025-03-01,Monthly,True,Active,False,,17
1721,1721,5,2025-07-27,2026-07-27,Annual,True,Active,False,,12
1722,1722,2,2024-03-15,2024-04-15,Monthly,True,Active,False,,28
1723,1723,1,2025-03-05,2025-08-13,Monthly,False,Expired,True,2025-08-13,16
1724,1724,5,2025-07-20,2026-07-20,Annual,True,Active,False,,12
1725,1725,3,2024-05-24,2024-11-09,Monthly,False,Cancelled,True,2024-11-09,26
1726,1726,5,2024-11-23,2025-11-23,Annual,True,Active,False,,20
1727,1727,2,2025-09-16,2025-10-16,Monthly,True,Active,False,,10
1728,1728,3,2026-01-19,2026-06-04,Monthly,False,Expired,True,2026-06-04,6
1729,1729,4,2024-04-28,2024-05-28,Monthly,True,Active,False,,27
1730,1730,3,2024-05-26,2024-06-26,Monthly,True,Active,False,,26
1731,1731,2,2025-10-02,2025-11-02,Monthly,True,Active,False,,9
1732,1732,3,2024-12-07,2025-01-07,Monthly,True,Active,False,,19
1733,1733,2,2025-04-27,2025-05-27,Monthly,True,Active,False,,15
1734,1734,2,2024-01-19,2024-02-19,Monthly,False,Active,False,,30
1735,1735,5,2024-12-23,2025-12-23,Annual,True,Active,False,,19
1736,1736,2,2025-05-19,2025-06-19,Monthly,True,Active,False,,14
1737,1737,5,2025-07-03,2026-07-03,Annual,True,Active,False,,12
1738,1738,5,2025-08-02,2026-08-02,Annual,True,Active,False,,11
1739,1739,2,2025-09-12,2025-10-12,Monthly,True,Active,False,,10
1740,1740,5,2025-01-27,2026-01-27,Annual,False,Active,False,,18
1741,1741,5,2024-11-03,2025-11-03,Annual,True,Active,False,,20
1742,1742,4,2024-11-02,2024-12-02,Monthly,True,Active,False,,20
1743,1743,5,2025-01-24,2026-01-24,Annual,False,Active,False,,18
1744,1744,5,2025-06-30,2026-06-30,Annual,True,Active,False,,13
1745,1745,4,2025-07-14,2025-08-14,Monthly,True,Active,False,,12
1746,1746,6,2024-05-11,2025-05-11,Annual,True,Active,False,,26
1747,1747,4,2024-07-11,2024-08-11,Monthly,True,Active,False,,24
1748,1748,5,2025-06-26,2026-06-26,Annual,True,Active,False,,13
1749,1749,2,2025-11-22,2025-12-22,Monthly,True,Active,False,,8
1750,1750,5,2024-11-07,2025-11-07,Annual,True,Active,False,,20
1751,1751,5,2024-03-28,2025-03-28,Annual,True,Active,False,,28
1752,1752,2,2025-01-19,2025-02-19,Monthly,True,Active,False,,18
1753,1753,5,2025-09-28,2026-09-28,Annual,True,Active,False,,10
1754,1754,3,2024-11-02,2024-12-02,Monthly,True,Active,False,,20
1755,1755,5,2025-06-20,2026-06-20,Annual,True,Active,False,,13
1756,1756,3,2024-02-28,2024-03-28,Monthly,True,Active,False,,29
1757,1757,2,2024-09-22,2024-10-22,Monthly,True,Active,False,,22
1758,1758,3,2025-04-01,2025-05-01,Monthly,True,Active,False,,15
1759,1759,3,2024-04-06,2024-05-06,Monthly,True,Active,False,,27
1760,1760,2,2024-09-26,2024-10-26,Monthly,True,Active,False,,22
1761,1761,3,2025-11-12,2025-12-12,Monthly,True,Active,False,,8
1762,1762,4,2025-01-06,2025-04-17,Monthly,False,Cancelled,True,2025-04-17,18
1763,1763,2,2025-02-04,2025-03-04,Monthly,True,Active,False,,17
1764,1764,4,2025-10-28,2025-11-28,Monthly,False,Active,False,,9
1765,1765,2,2024-11-21,2024-12-21,Monthly,True,Active,False,,20
1766,1766,5,2024-08-12,2025-08-12,Annual,True,Active,False,,23
1767,1767,3,2024-11-07,2024-12-07,Monthly,True,Active,False,,20
1768,1768,3,2025-02-13,2025-03-13,Monthly,True,Active,False,,17
1769,1769,5,2024-03-07,2025-03-07,Annual,True,Active,False,,28
1770,1770,6,2025-03-14,2026-03-14,Annual,True,Active,False,,16
1771,1771,5,2025-08-13,2026-08-13,Annual,True,Active,False,,11
1772,1772,2,2025-01-08,2025-02-08,Monthly,True,Active,False,,18
1773,1773,6,2025-10-19,2026-10-19,Annual,True,Active,False,,9
1774,1774,4,2024-06-13,2024-08-17,Monthly,True,Cancelled,True,2024-08-17,25
1775,1775,6,2025-11-22,2026-11-22,Annual,True,Active,False,,8
1776,1776,5,2025-12-18,2026-12-18,Annual,True,Active,False,,7
1777,1777,1,2024-06-17,2024-07-17,Monthly,True,Active,False,,25
1778,1778,3,2024-10-28,2024-11-28,Monthly,True,Active,False,,21
1779,1779,2,2025-03-30,2025-04-30,Monthly,True,Active,False,,16
1780,1780,2,2024-04-12,2024-05-12,Monthly,True,Active,False,,27
1781,1781,3,2024-06-25,2024-07-25,Monthly,True,Active,False,,25
1782,1782,2,2025-07-29,2025-08-29,Monthly,True,Active,False,,12
1783,1783,4,2025-05-27,2025-06-27,Monthly,False,Active,False,,14
1784,1784,4,2025-05-31,2025-06-30,Monthly,True,Active,False,,14
1785,1785,5,2026-01-01,2027-01-01,Annual,True,Active,False,,6
1786,1786,5,2025-08-13,2026-08-13,Annual,True,Active,False,,11
1787,1787,6,2025-10-01,2026-10-01,Annual,True,Active,False,,9
1788,1788,3,2025-10-08,2025-11-08,Monthly,True,Active,False,,9
1789,1789,3,2025-08-10,2025-09-10,Monthly,True,Active,False,,11
1790,1790,2,2025-07-30,2025-08-30,Monthly,True,Active,False,,12
1791,1791,6,2025-04-04,2026-04-04,Annual,True,Active,False,,15
1792,1792,2,2024-06-29,2024-07-29,Monthly,True,Active,False,,25
1793,1793,2,2024-10-08,2024-11-08,Monthly,True,Active,False,,21
1794,1794,4,2024-10-24,2024-11-24,Monthly,False,Active,False,,21
1795,1795,2,2024-09-30,2024-10-30,Monthly,True,Active,False,,22
1796,1796,2,2024-12-04,2025-01-04,Monthly,True,Active,False,,19
1797,1797,5,2025-11-17,2026-11-17,Annual,True,Active,False,,8
1798,1798,3,2025-07-15,2025-08-15,Monthly,True,Active,False,,12
1799,1799,2,2024-04-13,2024-05-13,Monthly,True,Active,False,,27
1800,1800,6,2025-08-02,2026-08-02,Annual,True,Active,False,,11
1801,1801,5,2024-07-27,2025-07-27,Annual,True,Active,False,,24
1802,1802,5,2024-07-16,2025-07-16,Annual,True,Active,False,,24
1803,1803,3,2024-11-25,2024-12-25,Monthly,True,Active,False,,20
1804,1804,5,2024-12-13,2025-12-13,Annual,True,Active,False,,19
1805,1805,5,2025-02-27,2026-02-27,Annual,True,Active,False,,17
1806,1806,4,2024-05-04,2024-06-04,Monthly,True,Active,False,,26
1807,1807,5,2025-03-17,2026-03-17,Annual,True,Active,False,,16
1808,1808,2,2024-12-09,2025-01-09,Monthly,True,Active,False,,19
1809,1809,4,2025-06-13,2025-07-13,Monthly,True,Active,False,,13
1810,1810,3,2025-11-28,2026-05-24,Monthly,False,Expired,True,2026-05-24,8
1811,1811,3,2024-08-24,2024-09-24,Monthly,True,Active,False,,23
1812,1812,5,2024-03-20,2025-03-20,Annual,False,Active,False,,28
1813,1813,5,2026-01-14,2027-01-14,Annual,True,Active,False,,6
1814,1814,2,2024-10-12,2024-11-12,Monthly,True,Active,False,,21
1815,1815,5,2025-02-17,2026-02-17,Annual,True,Active,False,,17
1816,1816,5,2025-10-17,2026-10-17,Annual,True,Active,False,,9
1817,1817,5,2024-03-07,2025-03-07,Annual,True,Active,False,,28
1818,1818,3,2025-12-16,2026-01-16,Monthly,True,Active,False,,7
1819,1819,5,2024-01-18,2025-01-18,Annual,True,Active,False,,30
1820,1820,5,2025-10-30,2026-10-30,Annual,True,Active,False,,9
1821,1821,3,2024-08-23,2024-09-23,Monthly,False,Active,False,,23
1822,1822,2,2024-05-13,2024-06-13,Monthly,True,Active,False,,26
1823,1823,5,2025-02-13,2026-02-13,Annual,True,Active,False,,17
1824,1824,2,2024-03-02,2024-04-02,Monthly,True,Active,False,,28
1825,1825,4,2024-01-30,2024-02-29,Monthly,True,Active,False,,30
1826,1826,5,2024-02-25,2025-02-25,Annual,True,Active,False,,29
1827,1827,4,2025-03-09,2025-04-09,Monthly,True,Active,False,,16
1828,1828,2,2025-02-16,2025-03-16,Monthly,True,Active,False,,17
1829,1829,2,2024-04-05,2024-05-05,Monthly,False,Active,False,,27
1830,1830,5,2025-04-10,2026-04-10,Annual,True,Active,False,,15
1831,1831,6,2025-01-12,2026-01-12,Annual,True,Active,False,,18
1832,1832,5,2024-06-10,2025-06-10,Annual,True,Active,False,,25
1833,1833,3,2024-05-30,2024-06-30,Monthly,True,Active,False,,26
1834,1834,5,2025-10-23,2026-10-23,Annual,True,Active,False,,9
1835,1835,6,2025-08-21,2026-08-21,Annual,True,Active,False,,11
1836,1836,3,2025-01-20,2025-02-20,Monthly,True,Active,False,,18
1837,1837,3,2025-12-25,2026-01-25,Monthly,True,Active,False,,7
1838,1838,4,2024-08-21,2024-09-21,Monthly,True,Active,False,,23
1839,1839,4,2025-03-20,2025-04-20,Monthly,True,Active,False,,16
1840,1840,5,2024-01-15,2025-01-15,Annual,True,Active,False,,30
1841,1841,2,2025-01-05,2025-02-05,Monthly,True,Active,False,,18
1842,1842,2,2024-07-03,2024-08-03,Monthly,True,Active,False,,24
1843,1843,2,2025-11-03,2025-12-03,Monthly,False,Active,False,,8
1844,1844,6,2025-02-25,2026-02-25,Annual,True,Active,False,,17
1845,1845,3,2025-09-12,2025-10-12,Monthly,True,Active,False,,10
1846,1846,5,2026-01-03,2027-01-03,Annual,False,Active,False,,6
1847,1847,2,2024-07-06,2024-08-06,Monthly,True,Active,False,,24
1848,1848,2,2025-08-28,2025-09-28,Monthly,True,Active,False,,11
1849,1849,5,2024-05-13,2025-05-13,Annual,True,Active,False,,26
1850,1850,3,2025-10-19,2025-11-19,Monthly,True,Active,False,,9
1851,1851,3,2024-03-27,2024-04-27,Monthly,False,Active,False,,28
1852,1852,2,2025-10-18,2025-11-18,Monthly,True,Active,False,,9
1853,1853,5,2025-07-13,2026-07-13,Annual,True,Active,False,,12
1854,1854,5,2025-10-14,2026-10-14,Annual,True,Active,False,,9
1855,1855,3,2025-11-16,2025-12-16,Monthly,False,Active,False,,8
1856,1856,5,2024-04-18,2025-04-18,Annual,True,Active,False,,27
1857,1857,4,2025-07-23,2025-08-23,Monthly,True,Active,False,,12
1858,1858,5,2024-09-06,2025-09-06,Annual,True,Active,False,,22
1859,1859,3,2024-09-23,2024-10-23,Monthly,True,Active,False,,22
1860,1860,3,2024-02-22,2024-03-22,Monthly,True,Active,False,,29
1861,1861,5,2024-07-14,2025-07-14,Annual,True,Active,False,,24
1862,1862,5,2026-01-14,2027-01-14,Annual,True,Active,False,,6
1863,1863,4,2025-11-12,2026-03-05,Monthly,False,Expired,True,2026-03-05,8
1864,1864,5,2024-10-11,2025-10-11,Annual,True,Active,False,,21
1865,1865,5,2024-06-30,2025-06-30,Annual,True,Active,False,,25
1866,1866,4,2024-01-30,2024-02-29,Monthly,True,Active,False,,30
1867,1867,2,2024-12-31,2025-01-31,Monthly,True,Active,False,,19
1868,1868,5,2025-09-16,2026-09-16,Annual,True,Active,False,,10
1869,1869,2,2024-08-05,2024-09-05,Monthly,True,Active,False,,23
1870,1870,6,2025-02-06,2026-02-06,Annual,True,Active,False,,17
1871,1871,4,2024-03-28,2024-04-28,Monthly,False,Active,False,,28
1872,1872,2,2024-03-22,2024-04-22,Monthly,True,Active,False,,28
1873,1873,4,2024-03-22,2024-04-22,Monthly,True,Active,False,,28
1874,1874,5,2024-11-07,2025-11-07,Annual,True,Active,False,,20
1875,1875,2,2024-12-30,2025-01-30,Monthly,True,Active,False,,19
1876,1876,2,2025-04-15,2025-05-15,Monthly,True,Active,False,,15
1877,1877,3,2025-02-17,2025-03-17,Monthly,True,Active,False,,17
1878,1878,3,2025-08-28,2025-09-28,Monthly,True,Active,False,,11
1879,1879,5,2025-07-13,2026-01-17,Annual,True,Cancelled,True,2026-01-17,12
1880,1880,5,2024-03-24,2025-03-24,Annual,True,Active,False,,28
1881,1881,3,2025-06-11,2025-07-11,Monthly,True,Active,False,,13
1882,1882,3,2025-12-12,2026-03-03,Monthly,False,Cancelled,True,2026-03-03,7
1883,1883,5,2024-12-30,2025-12-30,Annual,True,Active,False,,19
1884,1884,6,2025-11-17,2026-11-17,Annual,True,Active,False,,8
1885,1885,5,2024-05-25,2025-05-25,Annual,True,Active,False,,26
1886,1886,5,2024-05-16,2025-05-16,Annual,True,Active,False,,26
1887,1887,5,2024-05-18,2025-05-18,Annual,True,Active,False,,26
1888,1888,1,2024-05-18,2024-06-18,Monthly,True,Active,False,,26
1889,1889,3,2024-10-22,2024-11-22,Monthly,True,Active,False,,21
1890,1890,2,2024-12-08,2025-01-08,Monthly,True,Active,False,,19
1891,1891,2,2024-01-07,2024-02-07,Monthly,True,Active,False,,30
1892,1892,5,2024-12-14,2025-12-14,Annual,True,Active,False,,19
1893,1893,3,2024-11-07,2024-12-07,Monthly,True,Active,False,,20
1894,1894,2,2025-08-29,2026-01-24,Monthly,True,Cancelled,True,2026-01-24,11
1895,1895,6,2025-09-24,2026-09-24,Annual,True,Active,False,,10
1896,1896,6,2025-02-17,2026-02-17,Annual,True,Active,False,,17
1897,1897,5,2025-02-07,2026-02-07,Annual,True,Active,False,,17
1898,1898,2,2025-03-23,2025-08-15,Monthly,True,Cancelled,True,2025-08-15,16
1899,1899,5,2024-04-12,2025-04-12,Annual,True,Active,False,,27
1900,1900,2,2024-08-13,2025-01-18,Monthly,False,Expired,True,2025-01-18,23
1901,1901,4,2024-02-02,2024-03-02,Monthly,True,Active,False,,29
1902,1902,5,2024-12-06,2025-12-06,Annual,True,Active,False,,19
1903,1903,2,2025-10-08,2025-11-08,Monthly,True,Active,False,,9
1904,1904,2,2025-05-14,2025-06-14,Monthly,True,Active,False,,14
1905,1905,4,2025-05-11,2025-09-03,Monthly,True,Cancelled,True,2025-09-03,14
1906,1906,5,2024-09-29,2025-09-29,Annual,True,Active,False,,22
1907,1907,5,2025-08-28,2026-08-28,Annual,True,Active,False,,11
1908,1908,5,2024-09-30,2025-09-30,Annual,True,Active,False,,22
1909,1909,3,2025-10-06,2025-11-06,Monthly,True,Active,False,,9
1910,1910,5,2026-01-05,2027-01-05,Annual,True,Active,False,,6
1911,1911,4,2024-04-02,2024-05-02,Monthly,True,Active,False,,27
1912,1912,6,2025-06-26,2026-06-26,Annual,True,Active,False,,13
1913,1913,5,2025-03-29,2026-03-29,Annual,True,Active,False,,16
1914,1914,1,2024-08-21,2024-09-21,Monthly,True,Active,False,,23
1915,1915,3,2025-12-10,2026-01-10,Monthly,False,Active,False,,7
1916,1916,5,2025-03-10,2026-03-10,Annual,True,Active,False,,16
1917,1917,5,2024-03-11,2025-03-11,Annual,True,Active,False,,28
1918,1918,6,2025-05-22,2026-05-22,Annual,True,Active,False,,14
1919,1919,3,2025-12-30,2026-01-30,Monthly,True,Active,False,,7
1920,1920,2,2024-08-18,2024-09-18,Monthly,True,Active,False,,23
1921,1921,5,2025-07-29,2026-07-29,Annual,True,Active,False,,12
1922,1922,5,2024-03-27,2025-03-27,Annual,True,Active,False,,28
1923,1923,5,2025-10-30,2026-10-30,Annual,True,Active,False,,9
1924,1924,2,2026-01-06,2026-07-03,Monthly,False,Cancelled,True,2026-07-03,6
1925,1925,5,2025-06-15,2026-06-15,Annual,True,Active,False,,13
1926,1926,6,2024-05-09,2025-05-09,Annual,True,Active,False,,26
1927,1927,5,2025-10-17,2026-04-24,Annual,True,Cancelled,True,2026-04-24,9
1928,1928,2,2025-06-22,2025-07-22,Monthly,True,Active,False,,13
1929,1929,3,2024-05-14,2024-06-14,Monthly,True,Active,False,,26
1930,1930,5,2025-10-07,2026-10-07,Annual,True,Active,False,,9
1931,1931,2,2025-01-12,2025-05-08,Monthly,False,Expired,True,2025-05-08,18
1932,1932,6,2025-04-19,2026-04-19,Annual,True,Active,False,,15
1933,1933,2,2024-04-18,2024-05-18,Monthly,True,Active,False,,27
1934,1934,6,2025-08-13,2026-08-13,Annual,True,Active,False,,11
1935,1935,4,2025-01-19,2025-02-19,Monthly,True,Active,False,,18
1936,1936,3,2024-06-28,2024-07-28,Monthly,True,Active,False,,25
1937,1937,2,2024-09-19,2024-10-19,Monthly,False,Active,False,,22
1938,1938,2,2025-07-27,2025-08-27,Monthly,True,Active,False,,12
1939,1939,5,2024-05-21,2025-05-21,Annual,True,Active,False,,26
1940,1940,2,2024-11-20,2024-12-20,Monthly,True,Active,False,,20
1941,1941,2,2025-09-28,2025-10-28,Monthly,True,Active,False,,10
1942,1942,4,2024-04-23,2024-05-23,Monthly,True,Active,False,,27
1943,1943,5,2024-09-27,2025-09-27,Annual,True,Active,False,,22
1944,1944,4,2024-04-04,2024-05-04,Monthly,False,Active,False,,27
1945,1945,4,2024-05-30,2024-06-30,Monthly,True,Active,False,,26
1946,1946,3,2024-02-27,2024-03-27,Monthly,True,Active,False,,29
1947,1947,2,2025-04-25,2025-05-25,Monthly,True,Active,False,,15
1948,1948,3,2024-10-06,2024-11-06,Monthly,True,Active,False,,21
1949,1949,5,2025-04-20,2026-04-20,Annual,True,Active,False,,15
1950,1950,5,2025-02-01,2026-02-01,Annual,False,Active,False,,17
1951,1951,1,2025-10-20,2025-11-20,Monthly,True,Active,False,,9
1952,1952,2,2024-03-20,2024-04-20,Monthly,False,Active,False,,28
1953,1953,3,2025-08-30,2025-09-30,Monthly,True,Active,False,,11
1954,1954,3,2025-03-16,2025-04-16,Monthly,True,Active,False,,16
1955,1955,5,2025-02-15,2026-02-15,Annual,True,Active,False,,17
1956,1956,2,2024-03-02,2024-04-02,Monthly,False,Active,False,,28
1957,1957,1,2024-03-14,2024-04-14,Monthly,True,Active,False,,28
1958,1958,5,2025-11-21,2026-11-21,Annual,True,Active,False,,8
1959,1959,5,2025-10-14,2026-10-14,Annual,True,Active,False,,9
1960,1960,5,2024-10-18,2025-10-18,Annual,True,Active,False,,21
1961,1961,5,2025-04-07,2026-04-07,Annual,True,Active,False,,15
1962,1962,2,2026-01-04,2026-02-04,Monthly,True,Active,False,,6
1963,1963,5,2024-09-23,2025-09-23,Annual,True,Active,False,,22
1964,1964,2,2025-06-23,2025-07-23,Monthly,True,Active,False,,13
1965,1965,2,2025-11-10,2025-12-30,Monthly,True,Cancelled,True,2025-12-30,8
1966,1966,6,2024-02-04,2025-02-04,Annual,True,Active,False,,29
1967,1967,2,2024-02-15,2024-03-26,Monthly,False,Expired,True,2024-03-26,29
1968,1968,3,2025-07-06,2025-08-06,Monthly,True,Active,False,,12
1969,1969,4,2025-07-07,2025-08-07,Monthly,True,Active,False,,12
1970,1970,6,2024-07-10,2025-07-10,Annual,True,Active,False,,24
1971,1971,2,2025-11-29,2026-04-12,Monthly,False,Expired,True,2026-04-12,8
1972,1972,3,2025-06-02,2025-07-02,Monthly,False,Active,False,,13
1973,1973,3,2024-11-01,2024-12-01,Monthly,False,Active,False,,20
1974,1974,3,2024-09-01,2024-10-01,Monthly,True,Active,False,,22
1975,1975,2,2024-11-20,2024-12-20,Monthly,True,Active,False,,20
1976,1976,6,2025-12-19,2026-12-19,Annual,True,Active,False,,7
1977,1977,3,2024-05-14,2024-06-14,Monthly,True,Active,False,,26
1978,1978,3,2024-01-31,2024-02-29,Monthly,True,Active,False,,30
1979,1979,4,2025-11-20,2025-12-20,Monthly,False,Active,False,,8
1980,1980,5,2025-08-27,2026-08-27,Annual,True,Active,False,,11
1981,1981,2,2024-03-16,2024-04-16,Monthly,False,Active,False,,28
1982,1982,2,2024-02-05,2024-03-05,Monthly,True,Active,False,,29
1983,1983,2,2024-11-19,2024-12-19,Monthly,True,Active,False,,20
1984,1984,4,2024-07-06,2024-08-06,Monthly,False,Active,False,,24
1985,1985,6,2024-03-31,2025-03-31,Annual,True,Active,False,,28
1986,1986,5,2025-12-29,2026-12-29,Annual,False,Active,False,,7
1987,1987,5,2024-11-02,2025-11-02,Annual,True,Active,False,,20
1988,1988,5,2024-09-04,2025-09-04,Annual,True,Active,False,,22
1989,1989,6,2025-06-13,2026-06-13,Annual,True,Active,False,,13
1990,1990,3,2025-11-13,2025-12-13,Monthly,True,Active,False,,8
1991,1991,3,2025-01-02,2025-02-02,Monthly,False,Active,False,,18
1992,1992,3,2024-04-24,2024-05-24,Monthly,True,Active,False,,27
1993,1993,4,2024-06-12,2024-07-12,Monthly,False,Active,False,,25
1994,1994,2,2024-03-15,2024-04-15,Monthly,True,Active,False,,28
1995,1995,6,2024-09-20,2025-09-20,Annual,True,Active,False,,22
1996,1996,4,2024-12-12,2025-01-12,Monthly,True,Active,False,,19
1997,1997,5,2025-11-13,2026-11-13,Annual,True,Active,False,,8
1998,1998,2,2025-08-23,2025-09-23,Monthly,True,Active,False,,11
1999,1999,3,2024-03-13,2024-04-13,Monthly,True,Active,False,,28
2000,2000,2,2025-02-07,2025-03-07,Monthly,True,Active,False,,17
2001,2001,2,2024-12-19,2025-01-19,Monthly,True,Active,False,,19
2002,2002,6,2024-09-27,2025-09-27,Annual,True,Active,False,,22
2003,2003,5,2024-02-07,2024-10-24,Annual,False,Expired,True,2024-10-24,29
2004,2004,5,2024-06-18,2025-06-18,Annual,True,Active,False,,25
2005,2005,5,2024-06-30,2025-06-30,Annual,True,Active,False,,25
2006,2006,5,2025-05-18,2026-05-18,Annual,True,Active,False,,14
2007,2007,6,2024-07-12,2025-07-12,Annual,True,Active,False,,24
2008,2008,2,2024-10-04,2024-11-04,Monthly,True,Active,False,,21
2009,2009,2,2025-10-02,2025-11-02,Monthly,True,Active,False,,9
2010,2010,4,2024-09-30,2024-10-30,Monthly,True,Active,False,,22
2011,2011,5,2024-11-05,2025-11-05,Annual,False,Active,False,,20
2012,2012,5,2024-09-23,2025-09-23,Annual,True,Active,False,,22
2013,2013,5,2024-10-30,2025-10-30,Annual,True,Active,False,,21
2014,2014,6,2024-08-06,2025-08-06,Annual,True,Active,False,,23
2015,2015,5,2025-08-02,2026-08-02,Annual,True,Active,False,,11
2016,2016,6,2025-08-09,2026-08-09,Annual,False,Active,False,,11
2017,2017,5,2025-12-17,2026-12-17,Annual,True,Active,False,,7
2018,2018,2,2025-02-20,2025-03-20,Monthly,True,Active,False,,17
2019,2019,5,2024-06-06,2025-06-06,Annual,True,Active,False,,25
2020,2020,2,2025-07-19,2025-08-19,Monthly,True,Active,False,,12
2021,2021,2,2024-05-23,2024-08-22,Monthly,False,Cancelled,True,2024-08-22,26
2022,2022,6,2025-12-25,2026-12-25,Annual,True,Active,False,,7
2023,2023,5,2024-04-22,2025-04-22,Annual,True,Active,False,,27
2024,2024,4,2025-12-16,2026-01-16,Monthly,True,Active,False,,7
2025,2025,2,2025-06-04,2025-07-25,Monthly,False,Expired,True,2025-07-25,13
2026,2026,1,2025-06-24,2025-07-24,Monthly,False,Active,False,,13
2027,2027,5,2025-05-10,2026-05-10,Annual,True,Active,False,,14
2028,2028,5,2025-04-14,2026-04-14,Annual,True,Active,False,,15
2029,2029,5,2025-09-22,2026-09-22,Annual,True,Active,False,,10
2030,2030,5,2024-02-22,2025-02-22,Annual,True,Active,False,,29
2031,2031,6,2025-11-16,2026-06-19,Annual,True,Cancelled,True,2026-06-19,8
2032,2032,5,2025-07-26,2026-07-26,Annual,True,Active,False,,12
2033,2033,3,2025-01-29,2025-02-28,Monthly,True,Active,False,,18
2034,2034,4,2026-01-04,2026-04-23,Monthly,False,Expired,True,2026-04-23,6
2035,2035,5,2024-08-06,2025-08-06,Annual,True,Active,False,,23
2036,2036,2,2024-05-05,2024-06-05,Monthly,True,Active,False,,26
2037,2037,4,2024-11-07,2025-02-13,Monthly,True,Cancelled,True,2025-02-13,20
2038,2038,4,2025-04-03,2025-05-03,Monthly,True,Active,False,,15
2039,2039,5,2024-07-10,2025-07-10,Annual,True,Active,False,,24
2040,2040,6,2024-08-12,2025-08-12,Annual,True,Active,False,,23
2041,2041,2,2024-08-23,2024-09-23,Monthly,True,Active,False,,23
2042,2042,2,2025-02-25,2025-03-25,Monthly,True,Active,False,,17
2043,2043,2,2024-04-22,2024-05-22,Monthly,True,Active,False,,27
2044,2044,2,2025-08-30,2025-09-30,Monthly,False,Active,False,,11
2045,2045,4,2024-11-08,2024-12-08,Monthly,True,Active,False,,20
2046,2046,3,2024-07-05,2024-08-05,Monthly,True,Active,False,,24
2047,2047,6,2024-09-23,2025-09-23,Annual,False,Active,False,,22
2048,2048,2,2025-08-25,2025-09-25,Monthly,True,Active,False,,11
2049,2049,4,2024-12-11,2025-01-11,Monthly,True,Active,False,,19
2050,2050,1,2025-05-18,2025-06-18,Monthly,True,Active,False,,14
2051,2051,2,2025-04-18,2025-05-18,Monthly,True,Active,False,,15
2052,2052,5,2025-07-21,2026-07-21,Annual,True,Active,False,,12
2053,2053,5,2025-06-09,2026-06-09,Annual,True,Active,False,,13
2054,2054,1,2025-05-06,2025-09-01,Monthly,True,Cancelled,True,2025-09-01,14
2055,2055,4,2025-01-16,2025-03-20,Monthly,True,Cancelled,True,2025-03-20,18
2056,2056,2,2025-11-26,2025-12-26,Monthly,True,Active,False,,8
2057,2057,5,2025-10-06,2026-10-06,Annual,True,Active,False,,9
2058,2058,2,2025-06-06,2025-07-06,Monthly,True,Active,False,,13
2059,2059,5,2024-10-16,2025-10-16,Annual,True,Active,False,,21
2060,2060,5,2025-02-19,2026-02-19,Annual,True,Active,False,,17
2061,2061,3,2024-09-07,2024-10-07,Monthly,True,Active,False,,22
2062,2062,5,2025-02-23,2026-02-23,Annual,True,Active,False,,17
2063,2063,2,2025-11-15,2025-12-15,Monthly,True,Active,False,,8
2064,2064,5,2024-04-07,2025-04-07,Annual,True,Active,False,,27
2065,2065,3,2025-02-17,2025-08-15,Monthly,False,Cancelled,True,2025-08-15,17
2066,2066,5,2025-02-27,2026-02-27,Annual,True,Active,False,,17
2067,2067,2,2025-01-20,2025-02-20,Monthly,True,Active,False,,18
2068,2068,3,2024-03-07,2024-04-07,Monthly,True,Active,False,,28
2069,2069,2,2025-08-25,2025-09-25,Monthly,True,Active,False,,11
2070,2070,6,2024-04-05,2025-04-05,Annual,True,Active,False,,27
2071,2071,4,2024-01-22,2024-02-22,Monthly,True,Active,False,,30
2072,2072,2,2024-12-04,2025-03-23,Monthly,True,Cancelled,True,2025-03-23,19
2073,2073,3,2024-01-16,2024-02-16,Monthly,True,Active,False,,30
2074,2074,4,2024-12-15,2025-01-15,Monthly,True,Active,False,,19
2075,2075,5,2024-07-12,2025-07-12,Annual,True,Active,False,,24
2076,2076,2,2025-07-21,2025-11-15,Monthly,False,Cancelled,True,2025-11-15,12
2077,2077,6,2024-12-29,2025-12-29,Annual,True,Active,False,,19
2078,2078,5,2024-11-17,2025-11-17,Annual,True,Active,False,,20
2079,2079,4,2025-04-01,2025-05-01,Monthly,True,Active,False,,15
2080,2080,5,2026-01-27,2027-01-27,Annual,True,Active,False,,6
2081,2081,6,2024-07-10,2025-07-10,Annual,True,Active,False,,24
2082,2082,2,2024-04-29,2024-05-29,Monthly,False,Active,False,,27
2083,2083,4,2024-02-01,2024-03-01,Monthly,True,Active,False,,29
2084,2084,2,2025-01-21,2025-02-21,Monthly,True,Active,False,,18
2085,2085,2,2024-02-21,2024-03-21,Monthly,True,Active,False,,29
2086,2086,4,2024-10-20,2024-11-20,Monthly,True,Active,False,,21
2087,2087,2,2025-06-04,2025-07-04,Monthly,False,Active,False,,13
2088,2088,5,2024-03-23,2025-03-23,Annual,True,Active,False,,28
2089,2089,4,2024-06-25,2024-07-25,Monthly,True,Active,False,,25
2090,2090,1,2024-05-10,2024-06-10,Monthly,True,Active,False,,26
2091,2091,3,2025-11-11,2026-05-04,Monthly,True,Cancelled,True,2026-05-04,8
2092,2092,4,2024-08-03,2024-09-03,Monthly,False,Active,False,,23
2093,2093,3,2025-01-09,2025-02-09,Monthly,True,Active,False,,18
2094,2094,1,2025-01-12,2025-02-12,Monthly,True,Active,False,,18
2095,2095,3,2025-04-17,2025-05-17,Monthly,False,Active,False,,15
2096,2096,3,2025-04-24,2025-05-24,Monthly,True,Active,False,,15
2097,2097,3,2024-03-07,2024-06-21,Monthly,False,Expired,True,2024-06-21,28
2098,2098,4,2025-05-19,2025-06-19,Monthly,True,Active,False,,14
2099,2099,6,2025-01-17,2026-01-17,Annual,False,Active,False,,18
2100,2100,2,2024-09-06,2024-10-06,Monthly,True,Active,False,,22
2101,2101,1,2025-09-13,2025-10-13,Monthly,True,Active,False,,10
2102,2102,2,2025-01-19,2025-02-19,Monthly,True,Active,False,,18
2103,2103,6,2024-07-10,2025-07-10,Annual,True,Active,False,,24
2104,2104,1,2024-05-18,2024-06-18,Monthly,True,Active,False,,26
2105,2105,4,2025-02-07,2025-03-07,Monthly,False,Active,False,,17
2106,2106,2,2025-06-23,2025-07-23,Monthly,True,Active,False,,13
2107,2107,4,2024-11-23,2024-12-23,Monthly,True,Active,False,,20
2108,2108,2,2024-04-29,2024-05-29,Monthly,True,Active,False,,27
2109,2109,3,2024-02-07,2024-03-07,Monthly,True,Active,False,,29
2110,2110,5,2024-06-29,2025-06-29,Annual,True,Active,False,,25
2111,2111,3,2025-05-28,2025-06-28,Monthly,True,Active,False,,14
2112,2112,3,2025-11-07,2026-03-07,Monthly,False,Expired,True,2026-03-07,8
2113,2113,3,2025-06-29,2025-07-29,Monthly,True,Active,False,,13
2114,2114,6,2024-10-11,2025-10-11,Annual,True,Active,False,,21
2115,2115,5,2024-07-05,2025-07-05,Annual,True,Active,False,,24
2116,2116,5,2025-06-07,2026-06-07,Annual,True,Active,False,,13
2117,2117,3,2024-09-16,2024-10-16,Monthly,False,Active,False,,22
2118,2118,5,2024-08-05,2025-08-05,Annual,True,Active,False,,23
2119,2119,4,2024-11-29,2024-12-29,Monthly,True,Active,False,,20
2120,2120,2,2025-05-04,2025-06-04,Monthly,True,Active,False,,14
2121,2121,5,2024-09-25,2025-09-25,Annual,True,Active,False,,22
2122,2122,6,2025-10-28,2026-07-08,Annual,True,Cancelled,True,2026-07-08,9
2123,2123,2,2025-06-25,2025-07-25,Monthly,True,Active,False,,13
2124,2124,5,2024-07-31,2025-07-31,Annual,False,Active,False,,24
2125,2125,5,2025-01-31,2026-01-31,Annual,True,Active,False,,18
2126,2126,5,2025-05-24,2026-05-24,Annual,True,Active,False,,14
2127,2127,2,2025-10-31,2025-11-30,Monthly,True,Active,False,,9
2128,2128,5,2024-12-08,2025-12-08,Annual,False,Active,False,,19
2129,2129,2,2024-05-01,2024-06-01,Monthly,True,Active,False,,26
2130,2130,6,2025-12-23,2026-07-30,Annual,True,Cancelled,True,2026-07-30,7
2131,2131,4,2024-06-25,2024-07-25,Monthly,True,Active,False,,25
2132,2132,6,2024-05-15,2025-05-15,Annual,True,Active,False,,26
2133,2133,5,2024-05-06,2025-05-06,Annual,True,Active,False,,26
2134,2134,4,2025-10-04,2025-11-04,Monthly,True,Active,False,,9
2135,2135,5,2025-12-31,2026-12-31,Annual,True,Active,False,,7
2136,2136,3,2025-01-13,2025-02-13,Monthly,True,Active,False,,18
2137,2137,2,2024-03-12,2024-04-12,Monthly,True,Active,False,,28
2138,2138,2,2025-03-13,2025-04-29,Monthly,False,Expired,True,2025-04-29,16
2139,2139,5,2024-10-25,2025-10-25,Annual,True,Active,False,,21
2140,2140,2,2025-09-01,2025-10-01,Monthly,True,Active,False,,10
2141,2141,2,2024-02-08,2024-03-08,Monthly,True,Active,False,,29
2142,2142,2,2025-01-02,2025-02-02,Monthly,True,Active,False,,18
2143,2143,2,2024-10-01,2024-11-01,Monthly,True,Active,False,,21
2144,2144,5,2024-10-21,2025-10-21,Annual,True,Active,False,,21
2145,2145,6,2025-01-26,2026-01-26,Annual,True,Active,False,,18
2146,2146,3,2024-12-24,2025-01-24,Monthly,True,Active,False,,19
2147,2147,5,2025-09-17,2026-09-17,Annual,True,Active,False,,10
2148,2148,5,2025-11-20,2026-11-20,Annual,False,Active,False,,8
2149,2149,4,2025-03-15,2025-04-15,Monthly,True,Active,False,,16
2150,2150,1,2024-11-15,2025-03-02,Monthly,True,Cancelled,True,2025-03-02,20
2151,2151,2,2024-05-25,2024-06-25,Monthly,True,Active,False,,26
2152,2152,5,2025-02-06,2026-02-06,Annual,True,Active,False,,17
2153,2153,4,2024-03-30,2024-04-30,Monthly,True,Active,False,,28
2154,2154,4,2024-12-09,2025-01-16,Monthly,False,Cancelled,True,2025-01-16,19
2155,2155,3,2024-01-31,2024-02-29,Monthly,True,Active,False,,30
2156,2156,2,2025-08-20,2025-09-20,Monthly,True,Active,False,,11
2157,2157,2,2025-05-24,2025-06-24,Monthly,True,Active,False,,14
2158,2158,3,2024-06-11,2024-07-11,Monthly,True,Active,False,,25
2159,2159,1,2025-09-06,2026-01-13,Monthly,False,Cancelled,True,2026-01-13,10
2160,2160,5,2024-04-07,2025-04-07,Annual,True,Active,False,,27
2161,2161,5,2024-03-28,2025-03-28,Annual,True,Active,False,,28
2162,2162,5,2025-02-19,2026-02-19,Annual,True,Active,False,,17
2163,2163,6,2025-07-05,2026-05-08,Annual,True,Cancelled,True,2026-05-08,12
2164,2164,2,2024-10-16,2024-11-16,Monthly,False,Active,False,,21
2165,2165,2,2025-03-23,2025-04-23,Monthly,True,Active,False,,16
2166,2166,3,2024-06-20,2024-10-31,Monthly,False,Expired,True,2024-10-31,25
2167,2167,5,2024-02-29,2025-02-28,Annual,True,Active,False,,29
2168,2168,2,2024-06-26,2024-08-18,Monthly,False,Expired,True,2024-08-18,25
2169,2169,4,2024-05-25,2024-06-25,Monthly,True,Active,False,,26
2170,2170,5,2025-12-11,2026-12-11,Annual,False,Active,False,,7
2171,2171,5,2024-01-30,2025-01-30,Annual,True,Active,False,,30
2172,2172,2,2026-01-05,2026-02-05,Monthly,True,Active,False,,6
2173,2173,5,2025-04-19,2026-04-19,Annual,True,Active,False,,15
2174,2174,4,2025-07-15,2025-08-15,Monthly,True,Active,False,,12
2175,2175,2,2025-12-20,2026-01-20,Monthly,False,Active,False,,7
2176,2176,3,2025-03-22,2025-04-22,Monthly,True,Active,False,,16
2177,2177,6,2025-08-08,2026-08-08,Annual,True,Active,False,,11
2178,2178,2,2024-12-11,2025-01-11,Monthly,True,Active,False,,19
2179,2179,2,2024-07-02,2024-08-02,Monthly,True,Active,False,,24
2180,2180,3,2025-10-13,2025-11-13,Monthly,True,Active,False,,9
2181,2181,5,2025-12-17,2026-12-17,Annual,True,Active,False,,7
2182,2182,5,2025-04-18,2026-04-18,Annual,True,Active,False,,15
2183,2183,5,2025-04-27,2026-04-27,Annual,True,Active,False,,15
2184,2184,5,2024-08-12,2025-08-12,Annual,True,Active,False,,23
2185,2185,3,2024-12-24,2025-01-24,Monthly,True,Active,False,,19
2186,2186,1,2024-05-26,2024-06-26,Monthly,True,Active,False,,26
2187,2187,3,2025-08-20,2025-12-27,Monthly,False,Expired,True,2025-12-27,11
2188,2188,4,2026-01-04,2026-02-04,Monthly,True,Active,False,,6
2189,2189,4,2025-05-27,2025-06-27,Monthly,True,Active,False,,14
2190,2190,5,2024-05-04,2025-05-04,Annual,True,Active,False,,26
2191,2191,3,2024-08-31,2024-09-30,Monthly,True,Active,False,,23
2192,2192,3,2024-10-26,2024-11-26,Monthly,True,Active,False,,21
2193,2193,1,2024-12-11,2025-01-11,Monthly,True,Active,False,,19
2194,2194,2,2026-01-05,2026-02-05,Monthly,True,Active,False,,6
2195,2195,5,2025-07-25,2026-07-25,Annual,True,Active,False,,12
2196,2196,2,2024-04-25,2024-07-13,Monthly,True,Cancelled,True,2024-07-13,27
2197,2197,5,2025-06-18,2026-06-18,Annual,True,Active,False,,13
2198,2198,2,2024-06-26,2024-07-26,Monthly,True,Active,False,,25
2199,2199,5,2025-08-17,2026-08-17,Annual,True,Active,False,,11
2200,2200,3,2025-10-22,2025-11-22,Monthly,True,Active,False,,9
2201,2201,2,2025-01-30,2025-02-28,Monthly,True,Active,False,,18
2202,2202,5,2025-02-04,2026-02-04,Annual,True,Active,False,,17
2203,2203,3,2024-06-08,2024-07-08,Monthly,True,Active,False,,25
2204,2204,5,2025-06-22,2026-06-22,Annual,True,Active,False,,13
2205,2205,3,2025-12-06,2026-01-06,Monthly,True,Active,False,,7
2206,2206,2,2024-05-06,2024-06-06,Monthly,True,Active,False,,26
2207,2207,4,2025-06-16,2025-07-16,Monthly,True,Active,False,,13
2208,2208,6,2024-09-21,2025-09-21,Annual,True,Active,False,,22
2209,2209,1,2024-02-25,2024-03-25,Monthly,True,Active,False,,29
2210,2210,2,2025-05-30,2025-06-30,Monthly,True,Active,False,,14
2211,2211,2,2024-05-01,2024-06-01,Monthly,True,Active,False,,26
2212,2212,1,2025-08-22,2025-09-22,Monthly,False,Active,False,,11
2213,2213,2,2024-06-30,2024-07-30,Monthly,True,Active,False,,25
2214,2214,2,2025-11-03,2025-12-03,Monthly,True,Active,False,,8
2215,2215,3,2024-11-05,2024-12-05,Monthly,True,Active,False,,20
2216,2216,2,2026-01-09,2026-02-09,Monthly,True,Active,False,,6
2217,2217,4,2025-04-09,2025-05-09,Monthly,True,Active,False,,15
2218,2218,2,2025-06-10,2025-07-10,Monthly,True,Active,False,,13
2219,2219,2,2024-02-07,2024-03-07,Monthly,True,Active,False,,29
2220,2220,2,2024-07-26,2024-08-26,Monthly,True,Active,False,,24
2221,2221,2,2025-09-09,2025-10-09,Monthly,True,Active,False,,10
2222,2222,6,2024-10-04,2025-10-04,Annual,True,Active,False,,21
2223,2223,5,2024-09-02,2025-09-02,Annual,True,Active,False,,22
2224,2224,5,2024-12-26,2025-12-26,Annual,True,Active,False,,19
2225,2225,2,2025-10-26,2026-03-03,Monthly,False,Expired,True,2026-03-03,9
2226,2226,3,2025-11-09,2025-12-09,Monthly,True,Active,False,,8
2227,2227,2,2025-06-16,2025-11-13,Monthly,True,Cancelled,True,2025-11-13,13
2228,2228,6,2024-03-31,2025-03-31,Annual,True,Active,False,,28
2229,2229,5,2024-03-02,2025-03-02,Annual,True,Active,False,,28
2230,2230,2,2024-04-10,2024-05-10,Monthly,True,Active,False,,27
2231,2231,5,2024-08-07,2025-08-07,Annual,True,Active,False,,23
2232,2232,3,2025-02-13,2025-03-13,Monthly,True,Active,False,,17
2233,2233,5,2025-11-12,2026-11-12,Annual,False,Active,False,,8
2234,2234,5,2025-11-24,2026-11-24,Annual,True,Active,False,,8
2235,2235,5,2025-02-24,2025-12-18,Annual,True,Cancelled,True,2025-12-18,17
2236,2236,1,2025-06-30,2025-09-16,Monthly,False,Cancelled,True,2025-09-16,13
2237,2237,6,2024-12-12,2025-12-12,Annual,True,Active,False,,19
2238,2238,2,2026-01-24,2026-02-24,Monthly,True,Active,False,,6
2239,2239,6,2025-12-15,2026-12-15,Annual,True,Active,False,,7
2240,2240,4,2024-07-15,2024-08-15,Monthly,True,Active,False,,24
2241,2241,5,2025-07-26,2026-07-26,Annual,True,Active,False,,12
2242,2242,2,2025-05-08,2025-06-08,Monthly,True,Active,False,,14
2243,2243,2,2025-02-27,2025-03-27,Monthly,True,Active,False,,17
2244,2244,5,2024-05-23,2025-05-23,Annual,True,Active,False,,26
2245,2245,5,2025-03-24,2026-03-24,Annual,True,Active,False,,16
2246,2246,6,2024-02-05,2025-02-05,Annual,True,Active,False,,29
2247,2247,3,2024-07-15,2024-08-15,Monthly,True,Active,False,,24
2248,2248,5,2024-10-24,2025-10-24,Annual,True,Active,False,,21
2249,2249,5,2024-03-27,2025-03-27,Annual,True,Active,False,,28
2250,2250,1,2024-05-07,2024-06-07,Monthly,True,Active,False,,26
2251,2251,5,2025-10-26,2026-10-26,Annual,True,Active,False,,9
2252,2252,6,2025-08-22,2026-08-22,Annual,True,Active,False,,11
2253,2253,3,2024-05-14,2024-06-14,Monthly,True,Active,False,,26
2254,2254,2,2024-07-05,2024-08-05,Monthly,True,Active,False,,24
2255,2255,5,2024-01-09,2025-01-09,Annual,True,Active,False,,30
2256,2256,2,2024-11-15,2025-02-21,Monthly,False,Cancelled,True,2025-02-21,20
2257,2257,5,2025-06-28,2026-06-28,Annual,True,Active,False,,13
2258,2258,5,2025-01-04,2026-01-04,Annual,True,Active,False,,18
2259,2259,2,2025-01-27,2025-02-27,Monthly,True,Active,False,,18
2260,2260,5,2025-11-03,2026-07-30,Annual,True,Cancelled,True,2026-07-30,8
2261,2261,4,2025-05-08,2025-06-08,Monthly,False,Active,False,,14
2262,2262,2,2025-04-26,2025-05-26,Monthly,False,Active,False,,15
2263,2263,5,2024-03-16,2025-03-16,Annual,True,Active,False,,28
2264,2264,3,2025-08-10,2025-09-10,Monthly,True,Active,False,,11
2265,2265,6,2024-12-20,2025-12-20,Annual,True,Active,False,,19
2266,2266,6,2024-10-31,2025-10-31,Annual,True,Active,False,,21
2267,2267,3,2025-05-04,2025-10-04,Monthly,True,Cancelled,True,2025-10-04,14
2268,2268,5,2025-03-11,2026-03-11,Annual,True,Active,False,,16
2269,2269,5,2024-03-22,2025-03-22,Annual,True,Active,False,,28
2270,2270,6,2024-05-12,2025-05-12,Annual,True,Active,False,,26
2271,2271,5,2024-05-12,2025-05-12,Annual,True,Active,False,,26
2272,2272,5,2024-03-31,2025-03-31,Annual,True,Active,False,,28
2273,2273,4,2025-09-24,2025-10-24,Monthly,True,Active,False,,10
2274,2274,5,2025-08-14,2026-08-14,Annual,True,Active,False,,11
2275,2275,6,2025-10-09,2026-10-09,Annual,True,Active,False,,9
2276,2276,3,2025-06-26,2025-07-26,Monthly,True,Active,False,,13
2277,2277,5,2025-10-03,2026-10-03,Annual,True,Active,False,,9
2278,2278,6,2024-02-29,2025-02-28,Annual,True,Active,False,,29
2279,2279,5,2024-12-06,2025-12-06,Annual,True,Active,False,,19
2280,2280,2,2024-08-22,2024-09-22,Monthly,True,Active,False,,23
2281,2281,2,2025-08-26,2025-09-26,Monthly,False,Active,False,,11
2282,2282,5,2024-03-28,2025-03-28,Annual,True,Active,False,,28
2283,2283,3,2024-08-23,2024-09-23,Monthly,True,Active,False,,23
2284,2284,5,2024-05-04,2025-05-04,Annual,True,Active,False,,26
2285,2285,1,2024-11-13,2024-12-13,Monthly,False,Active,False,,20
2286,2286,2,2024-10-04,2024-11-04,Monthly,True,Active,False,,21
2287,2287,6,2024-05-13,2025-05-13,Annual,False,Active,False,,26
2288,2288,2,2024-08-26,2025-02-02,Monthly,True,Cancelled,True,2025-02-02,23
2289,2289,4,2024-05-01,2024-08-26,Monthly,False,Cancelled,True,2024-08-26,26
2290,2290,3,2024-05-22,2024-06-22,Monthly,True,Active,False,,26
2291,2291,2,2025-03-23,2025-04-23,Monthly,True,Active,False,,16
2292,2292,3,2024-12-12,2025-01-12,Monthly,True,Active,False,,19
2293,2293,5,2024-12-04,2025-12-04,Annual,True,Active,False,,19
2294,2294,2,2024-11-24,2024-12-24,Monthly,True,Active,False,,20
2295,2295,2,2024-02-25,2024-03-25,Monthly,True,Active,False,,29
2296,2296,2,2025-07-10,2025-08-10,Monthly,True,Active,False,,12
2297,2297,2,2025-02-12,2025-03-12,Monthly,True,Active,False,,17
2298,2298,5,2025-12-13,2026-12-13,Annual,True,Active,False,,7
2299,2299,6,2024-11-26,2025-11-26,Annual,True,Active,False,,20
2300,2300,5,2025-05-14,2026-05-14,Annual,True,Active,False,,14
2301,2301,2,2025-07-11,2025-08-11,Monthly,True,Active,False,,12
2302,2302,2,2025-12-05,2026-01-05,Monthly,True,Active,False,,7
2303,2303,2,2025-04-29,2025-05-29,Monthly,True,Active,False,,15
2304,2304,6,2025-11-14,2026-11-14,Annual,True,Active,False,,8
2305,2305,5,2025-02-25,2026-02-25,Annual,True,Active,False,,17
2306,2306,2,2024-12-17,2025-01-17,Monthly,True,Active,False,,19
2307,2307,3,2025-05-09,2025-06-09,Monthly,True,Active,False,,14
2308,2308,6,2024-04-08,2025-04-08,Annual,True,Active,False,,27
2309,2309,2,2024-07-28,2024-08-28,Monthly,True,Active,False,,24
2310,2310,2,2024-08-20,2024-09-20,Monthly,True,Active,False,,23
2311,2311,3,2025-09-03,2025-10-03,Monthly,True,Active,False,,10
2312,2312,2,2025-12-23,2026-01-23,Monthly,True,Active,False,,7
2313,2313,4,2024-10-24,2024-11-24,Monthly,True,Active,False,,21
2314,2314,3,2025-05-18,2025-06-18,Monthly,True,Active,False,,14
2315,2315,2,2025-11-12,2026-04-23,Monthly,False,Cancelled,True,2026-04-23,8
2316,2316,5,2025-05-07,2026-05-07,Annual,True,Active,False,,14
2317,2317,1,2024-02-11,2024-03-11,Monthly,True,Active,False,,29
2318,2318,4,2025-03-27,2025-04-27,Monthly,True,Active,False,,16
2319,2319,2,2024-11-14,2024-12-14,Monthly,True,Active,False,,20
2320,2320,1,2025-06-12,2025-07-12,Monthly,True,Active,False,,13
2321,2321,5,2024-05-23,2025-05-23,Annual,True,Active,False,,26
2322,2322,2,2024-12-14,2025-01-14,Monthly,True,Active,False,,19
2323,2323,5,2025-03-31,2026-03-31,Annual,False,Active,False,,16
2324,2324,6,2025-02-27,2026-02-27,Annual,True,Active,False,,17
2325,2325,3,2025-03-29,2025-04-29,Monthly,False,Active,False,,16
2326,2326,2,2025-09-24,2025-10-24,Monthly,False,Active,False,,10
2327,2327,5,2025-09-08,2026-09-08,Annual,True,Active,False,,10
2328,2328,6,2025-08-18,2026-08-18,Annual,True,Active,False,,11
2329,2329,6,2025-09-15,2026-09-15,Annual,True,Active,False,,10
2330,2330,3,2025-11-15,2025-12-15,Monthly,False,Active,False,,8
2331,2331,2,2024-10-19,2024-11-19,Monthly,False,Active,False,,21
2332,2332,1,2025-03-04,2025-04-04,Monthly,True,Active,False,,16
2333,2333,3,2024-09-23,2024-10-23,Monthly,True,Active,False,,22
2334,2334,2,2026-01-04,2026-02-04,Monthly,False,Active,False,,6
2335,2335,2,2025-04-30,2025-05-30,Monthly,True,Active,False,,15
2336,2336,2,2025-07-09,2025-08-09,Monthly,True,Active,False,,12
2337,2337,2,2025-07-17,2025-08-17,Monthly,True,Active,False,,12
2338,2338,3,2024-10-01,2024-12-25,Monthly,False,Cancelled,True,2024-12-25,21
2339,2339,5,2025-03-12,2026-03-12,Annual,True,Active,False,,16
2340,2340,6,2025-10-15,2026-10-15,Annual,True,Active,False,,9
2341,2341,5,2024-10-15,2025-10-15,Annual,True,Active,False,,21
2342,2342,2,2025-12-24,2026-01-24,Monthly,False,Active,False,,7
2343,2343,4,2024-02-23,2024-03-23,Monthly,True,Active,False,,29
2344,2344,6,2025-02-02,2026-02-02,Annual,True,Active,False,,17
2345,2345,5,2025-07-02,2026-07-02,Annual,True,Active,False,,12
2346,2346,3,2024-07-20,2024-08-24,Monthly,False,Expired,True,2024-08-24,24
2347,2347,3,2024-10-17,2024-11-17,Monthly,True,Active,False,,21
2348,2348,2,2024-02-29,2024-03-29,Monthly,True,Active,False,,29
2349,2349,5,2025-10-03,2026-10-03,Annual,True,Active,False,,9
2350,2350,3,2025-01-19,2025-02-19,Monthly,True,Active,False,,18
2351,2351,5,2025-05-10,2026-05-10,Annual,True,Active,False,,14
2352,2352,6,2025-09-07,2026-09-07,Annual,True,Active,False,,10
2353,2353,5,2025-12-11,2026-12-11,Annual,True,Active,False,,7
2354,2354,5,2024-04-04,2025-04-04,Annual,True,Active,False,,27
2355,2355,2,2025-01-19,2025-02-19,Monthly,True,Active,False,,18
2356,2356,6,2024-08-05,2025-08-05,Annual,True,Active,False,,23
2357,2357,2,2024-07-15,2024-08-15,Monthly,True,Active,False,,24
2358,2358,3,2024-08-03,2024-09-03,Monthly,True,Active,False,,23
2359,2359,4,2025-02-04,2025-03-04,Monthly,True,Active,False,,17
2360,2360,5,2025-06-12,2026-06-12,Annual,True,Active,False,,13
2361,2361,6,2024-07-12,2025-07-12,Annual,True,Active,False,,24
2362,2362,5,2024-07-25,2025-07-25,Annual,True,Active,False,,24
2363,2363,2,2025-04-09,2025-05-09,Monthly,True,Active,False,,15
2364,2364,1,2025-06-18,2025-07-18,Monthly,True,Active,False,,13
2365,2365,2,2025-01-21,2025-02-21,Monthly,False,Active,False,,18
2366,2366,2,2025-11-19,2026-04-22,Monthly,False,Cancelled,True,2026-04-22,8
2367,2367,5,2024-10-07,2025-10-07,Annual,True,Active,False,,21
2368,2368,2,2024-07-08,2024-08-08,Monthly,True,Active,False,,24
2369,2369,5,2024-08-20,2025-08-20,Annual,True,Active,False,,23
2370,2370,3,2024-10-15,2024-11-15,Monthly,True,Active,False,,21
2371,2371,6,2025-09-08,2026-09-08,Annual,True,Active,False,,10
2372,2372,3,2024-08-20,2024-09-20,Monthly,True,Active,False,,23
2373,2373,5,2024-07-03,2025-07-03,Annual,True,Active,False,,24
2374,2374,3,2024-10-22,2024-11-22,Monthly,True,Active,False,,21
2375,2375,5,2025-08-25,2026-08-25,Annual,True,Active,False,,11
2376,2376,5,2024-10-16,2025-10-16,Annual,True,Active,False,,21
2377,2377,4,2024-03-08,2024-04-08,Monthly,True,Active,False,,28
2378,2378,3,2024-12-20,2025-02-26,Monthly,False,Expired,True,2025-02-26,19
2379,2379,2,2026-01-02,2026-02-02,Monthly,False,Active,False,,6
2380,2380,2,2024-07-13,2024-08-13,Monthly,True,Active,False,,24
2381,2381,5,2024-07-09,2025-07-09,Annual,True,Active,False,,24
2382,2382,4,2024-07-17,2024-08-17,Monthly,True,Active,False,,24
2383,2383,3,2025-04-21,2025-05-21,Monthly,True,Active,False,,15
2384,2384,4,2024-03-19,2024-04-19,Monthly,True,Active,False,,28
2385,2385,4,2025-01-22,2025-02-22,Monthly,True,Active,False,,18
2386,2386,4,2025-03-24,2025-04-24,Monthly,True,Active,False,,16
2387,2387,3,2025-12-02,2026-01-02,Monthly,True,Active,False,,7
2388,2388,2,2024-05-05,2024-06-05,Monthly,True,Active,False,,26
2389,2389,4,2024-06-08,2024-09-27,Monthly,False,Expired,True,2024-09-27,25
2390,2390,2,2025-02-23,2025-03-23,Monthly,True,Active,False,,17
2391,2391,3,2025-12-04,2026-01-04,Monthly,True,Active,False,,7
2392,2392,3,2025-10-17,2025-11-17,Monthly,True,Active,False,,9
2393,2393,5,2024-12-01,2025-12-01,Annual,True,Active,False,,19
2394,2394,2,2024-04-02,2024-05-02,Monthly,True,Active,False,,27
2395,2395,4,2025-02-15,2025-03-15,Monthly,True,Active,False,,17
2396,2396,2,2025-05-05,2025-06-05,Monthly,True,Active,False,,14
2397,2397,5,2024-10-26,2025-10-26,Annual,False,Active,False,,21
2398,2398,2,2024-10-11,2024-11-11,Monthly,False,Active,False,,21
2399,2399,5,2025-10-19,2026-10-19,Annual,True,Active,False,,9
2400,2400,3,2024-11-24,2024-12-24,Monthly,True,Active,False,,20
2401,2401,4,2025-11-04,2025-12-04,Monthly,True,Active,False,,8
2402,2402,2,2024-12-17,2025-03-30,Monthly,False,Cancelled,True,2025-03-30,19
2403,2403,3,2025-06-18,2025-09-12,Monthly,True,Cancelled,True,2025-09-12,13
2404,2404,3,2024-01-21,2024-02-21,Monthly,True,Active,False,,30
2405,2405,2,2025-01-30,2025-02-28,Monthly,True,Active,False,,18
2406,2406,6,2025-11-10,2026-11-10,Annual,True,Active,False,,8
2407,2407,5,2025-09-16,2026-07-16,Annual,True,Cancelled,True,2026-07-16,10
2408,2408,5,2024-07-07,2025-07-07,Annual,True,Active,False,,24
2409,2409,5,2025-01-21,2026-01-21,Annual,True,Active,False,,18
2410,2410,5,2025-12-20,2026-12-20,Annual,True,Active,False,,7
2411,2411,5,2024-08-29,2025-08-29,Annual,True,Active,False,,23
2412,2412,6,2025-02-10,2026-02-10,Annual,True,Active,False,,17
2413,2413,3,2024-07-09,2024-08-09,Monthly,True,Active,False,,24
2414,2414,5,2024-08-25,2025-08-25,Annual,True,Active,False,,23
2415,2415,2,2025-03-14,2025-04-14,Monthly,True,Active,False,,16
2416,2416,5,2024-08-20,2025-08-20,Annual,True,Active,False,,23
2417,2417,2,2025-11-20,2025-12-20,Monthly,True,Active,False,,8
2418,2418,1,2025-04-03,2025-05-03,Monthly,True,Active,False,,15
2419,2419,3,2024-05-29,2024-07-09,Monthly,False,Expired,True,2024-07-09,26
2420,2420,5,2025-11-19,2026-11-19,Annual,True,Active,False,,8
2421,2421,2,2025-10-06,2025-11-06,Monthly,True,Active,False,,9
2422,2422,1,2025-08-14,2025-09-14,Monthly,True,Active,False,,11
2423,2423,3,2024-04-19,2024-05-19,Monthly,True,Active,False,,27
2424,2424,2,2026-01-05,2026-02-05,Monthly,True,Active,False,,6
2425,2425,6,2025-05-10,2026-05-10,Annual,True,Active,False,,14
2426,2426,2,2025-04-27,2025-05-27,Monthly,True,Active,False,,15
2427,2427,3,2025-04-29,2025-05-29,Monthly,True,Active,False,,15
2428,2428,2,2025-08-26,2025-09-26,Monthly,True,Active,False,,11
2429,2429,3,2025-10-01,2025-11-01,Monthly,True,Active,False,,9
2430,2430,5,2025-06-21,2026-06-21,Annual,True,Active,False,,13
2431,2431,2,2024-11-13,2024-12-13,Monthly,True,Active,False,,20
2432,2432,5,2024-03-30,2025-03-30,Annual,True,Active,False,,28
2433,2433,5,2024-06-29,2025-06-29,Annual,True,Active,False,,25
2434,2434,2,2025-03-12,2025-08-17,Monthly,True,Cancelled,True,2025-08-17,16
2435,2435,2,2024-01-30,2024-02-29,Monthly,True,Active,False,,30
2436,2436,3,2024-07-30,2024-08-30,Monthly,True,Active,False,,24
2437,2437,4,2024-08-25,2024-09-25,Monthly,True,Active,False,,23
2438,2438,2,2025-12-03,2026-01-03,Monthly,False,Active,False,,7
2439,2439,4,2024-03-18,2024-04-18,Monthly,True,Active,False,,28
2440,2440,5,2024-03-25,2025-03-25,Annual,True,Active,False,,28
2441,2441,4,2024-01-12,2024-02-12,Monthly,True,Active,False,,30
2442,2442,5,2024-06-17,2025-06-17,Annual,True,Active,False,,25
2443,2443,4,2024-04-19,2024-05-19,Monthly,True,Active,False,,27
2444,2444,5,2024-08-28,2025-08-28,Annual,True,Active,False,,23
2445,2445,3,2025-10-09,2025-11-09,Monthly,True,Active,False,,9
2446,2446,4,2024-03-11,2024-04-11,Monthly,True,Active,False,,28
2447,2447,6,2025-04-25,2026-04-25,Annual,True,Active,False,,15
2448,2448,3,2025-07-24,2025-08-24,Monthly,True,Active,False,,12
2449,2449,6,2025-02-22,2026-02-22,Annual,True,Active,False,,17
2450,2450,5,2025-07-26,2026-07-26,Annual,True,Active,False,,12
2451,2451,5,2025-09-17,2026-04-08,Annual,True,Cancelled,True,2026-04-08,10
2452,2452,5,2024-05-01,2025-05-01,Annual,True,Active,False,,26
2453,2453,2,2025-04-21,2025-06-17,Monthly,False,Cancelled,True,2025-06-17,15
2454,2454,3,2024-09-12,2024-10-12,Monthly,True,Active,False,,22
2455,2455,5,2024-11-21,2025-11-21,Annual,True,Active,False,,20
2456,2456,2,2024-09-24,2024-10-24,Monthly,True,Active,False,,22
2457,2457,5,2025-04-03,2026-04-03,Annual,True,Active,False,,15
2458,2458,2,2024-01-23,2024-02-23,Monthly,True,Active,False,,30
2459,2459,5,2024-07-12,2025-07-12,Annual,True,Active,False,,24
2460,2460,6,2025-05-11,2026-05-11,Annual,True,Active,False,,14
2461,2461,5,2024-02-04,2025-02-04,Annual,True,Active,False,,29
2462,2462,5,2025-10-20,2026-10-20,Annual,True,Active,False,,9
2463,2463,5,2024-02-19,2025-02-19,Annual,True,Active,False,,29
2464,2464,3,2025-03-27,2025-04-27,Monthly,False,Active,False,,16
2465,2465,4,2024-12-27,2025-01-27,Monthly,False,Active,False,,19
2466,2466,2,2025-09-25,2025-10-25,Monthly,True,Active,False,,10
2467,2467,3,2025-09-06,2025-10-06,Monthly,True,Active,False,,10
2468,2468,5,2025-09-19,2026-09-19,Annual,True,Active,False,,10
2469,2469,6,2024-12-15,2025-12-15,Annual,True,Active,False,,19
2470,2470,5,2025-08-11,2026-08-11,Annual,True,Active,False,,11
2471,2471,2,2024-10-08,2024-11-08,Monthly,True,Active,False,,21
2472,2472,3,2025-08-22,2025-09-22,Monthly,True,Active,False,,11
2473,2473,3,2024-12-16,2025-01-16,Monthly,True,Active,False,,19
2474,2474,5,2024-03-08,2025-03-08,Annual,True,Active,False,,28
2475,2475,5,2026-01-02,2027-01-02,Annual,True,Active,False,,6
2476,2476,2,2025-10-03,2025-11-03,Monthly,True,Active,False,,9
2477,2477,1,2024-08-16,2024-09-16,Monthly,True,Active,False,,23
2478,2478,5,2024-12-16,2025-12-16,Annual,True,Active,False,,19
2479,2479,2,2024-12-18,2025-01-18,Monthly,True,Active,False,,19
2480,2480,5,2025-05-11,2026-05-11,Annual,True,Active,False,,14
2481,2481,5,2024-11-22,2025-11-22,Annual,True,Active,False,,20
2482,2482,5,2025-01-06,2026-01-06,Annual,True,Active,False,,18
2483,2483,2,2025-10-31,2025-11-30,Monthly,True,Active,False,,9
2484,2484,5,2025-09-19,2026-09-19,Annual,True,Active,False,,10
2485,2485,5,2025-12-26,2026-12-26,Annual,True,Active,False,,7
2486,2486,2,2024-03-20,2024-04-20,Monthly,True,Active,False,,28
2487,2487,3,2024-04-27,2024-05-27,Monthly,True,Active,False,,27
2488,2488,1,2025-05-16,2025-06-16,Monthly,True,Active,False,,14
2489,2489,6,2024-09-05,2025-09-05,Annual,False,Active,False,,22
2490,2490,4,2024-06-16,2024-07-16,Monthly,True,Active,False,,25
2491,2491,5,2025-02-01,2026-02-01,Annual,False,Active,False,,17
2492,2492,4,2024-12-26,2025-01-26,Monthly,True,Active,False,,19
2493,2493,6,2024-09-07,2025-09-07,Annual,True,Active,False,,22
2494,2494,4,2025-05-27,2025-06-27,Monthly,True,Active,False,,14
2495,2495,5,2025-10-01,2026-10-01,Annual,True,Active,False,,9
2496,2496,4,2024-05-21,2024-06-21,Monthly,True,Active,False,,26
2497,2497,2,2024-02-27,2024-03-27,Monthly,True,Active,False,,29
2498,2498,5,2025-03-05,2026-03-05,Annual,True,Active,False,,16
2499,2499,3,2024-12-27,2025-06-14,Monthly,True,Cancelled,True,2025-06-14,19
2500,2500,4,2026-01-12,2026-02-12,Monthly,True,Active,False,,6
2501,2501,4,2024-08-11,2024-09-11,Monthly,True,Active,False,,23
2502,2502,3,2024-06-03,2024-07-03,Monthly,True,Active,False,,25
2503,2503,5,2025-04-24,2026-04-24,Annual,True,Active,False,,15
2504,2504,2,2025-03-25,2025-04-25,Monthly,True,Active,False,,16
2505,2505,2,2025-04-30,2025-05-30,Monthly,True,Active,False,,15
2506,2506,3,2024-06-13,2024-07-13,Monthly,True,Active,False,,25
2507,2507,2,2024-08-20,2024-09-20,Monthly,True,Active,False,,23
2508,2508,6,2025-03-07,2026-03-07,Annual,True,Active,False,,16
2509,2509,6,2026-01-10,2026-07-30,Annual,False,Cancelled,True,2026-07-30,6
2510,2510,5,2024-06-28,2025-06-28,Annual,True,Active,False,,25
2511,2511,5,2024-11-28,2025-11-28,Annual,True,Active,False,,20
2512,2512,5,2025-08-12,2026-08-12,Annual,True,Active,False,,11
2513,2513,5,2024-12-15,2025-12-15,Annual,True,Active,False,,19
2514,2514,2,2025-04-16,2025-05-16,Monthly,True,Active,False,,15
2515,2515,2,2024-09-14,2025-01-07,Monthly,False,Expired,True,2025-01-07,22
2516,2516,2,2025-01-23,2025-02-23,Monthly,True,Active,False,,18
2517,2517,4,2024-09-03,2024-10-03,Monthly,True,Active,False,,22
2518,2518,5,2026-01-19,2027-01-19,Annual,True,Active,False,,6
2519,2519,2,2024-03-11,2024-04-11,Monthly,True,Active,False,,28
2520,2520,2,2024-06-08,2024-07-08,Monthly,True,Active,False,,25
2521,2521,4,2024-05-01,2024-06-01,Monthly,True,Active,False,,26
2522,2522,2,2024-12-07,2025-01-07,Monthly,True,Active,False,,19
2523,2523,2,2024-08-01,2024-09-01,Monthly,True,Active,False,,23
2524,2524,5,2024-11-25,2025-11-25,Annual,True,Active,False,,20
2525,2525,5,2025-03-06,2026-03-06,Annual,True,Active,False,,16
2526,2526,5,2024-07-16,2025-07-16,Annual,True,Active,False,,24
2527,2527,2,2025-04-11,2025-05-11,Monthly,True,Active,False,,15
2528,2528,2,2024-12-22,2025-01-22,Monthly,True,Active,False,,19
2529,2529,5,2024-10-29,2025-10-29,Annual,True,Active,False,,21
2530,2530,5,2024-09-05,2025-09-05,Annual,True,Active,False,,22
2531,2531,5,2025-06-04,2026-06-04,Annual,True,Active,False,,13
2532,2532,5,2024-12-18,2025-12-18,Annual,True,Active,False,,19
2533,2533,6,2025-05-10,2026-05-10,Annual,True,Active,False,,14
2534,2534,2,2025-01-06,2025-07-02,Monthly,False,Cancelled,True,2025-07-02,18
2535,2535,2,2024-02-26,2024-03-26,Monthly,True,Active,False,,29
2536,2536,5,2025-03-31,2026-03-31,Annual,True,Active,False,,16
2537,2537,2,2025-01-25,2025-02-25,Monthly,True,Active,False,,18
2538,2538,6,2024-09-01,2025-09-01,Annual,True,Active,False,,22
2539,2539,5,2025-04-18,2026-04-18,Annual,True,Active,False,,15
2540,2540,5,2025-03-09,2026-03-09,Annual,True,Active,False,,16
2541,2541,3,2024-11-12,2024-12-12,Monthly,True,Active,False,,20
2542,2542,3,2024-07-27,2024-08-27,Monthly,True,Active,False,,24
2543,2543,3,2024-03-17,2024-04-17,Monthly,True,Active,False,,28
2544,2544,6,2024-08-23,2025-08-23,Annual,True,Active,False,,23
2545,2545,5,2025-07-09,2026-07-09,Annual,True,Active,False,,12
2546,2546,2,2025-06-14,2025-07-14,Monthly,True,Active,False,,13
2547,2547,6,2024-06-02,2025-06-02,Annual,True,Active,False,,25
2548,2548,3,2025-10-21,2025-11-21,Monthly,True,Active,False,,9
2549,2549,5,2024-06-16,2025-06-16,Annual,True,Active,False,,25
2550,2550,5,2024-09-09,2025-05-02,Annual,True,Cancelled,True,2025-05-02,22
2551,2551,6,2024-05-09,2025-05-09,Annual,True,Active,False,,26
2552,2552,6,2025-03-22,2026-03-22,Annual,True,Active,False,,16
2553,2553,1,2024-06-16,2024-07-16,Monthly,True,Active,False,,25
2554,2554,2,2024-08-31,2024-09-30,Monthly,True,Active,False,,23
2555,2555,4,2024-06-12,2024-11-08,Monthly,True,Cancelled,True,2024-11-08,25
2556,2556,5,2025-03-11,2026-03-11,Annual,True,Active,False,,16
2557,2557,5,2025-08-01,2026-08-01,Annual,True,Active,False,,11
2558,2558,2,2025-05-13,2025-06-13,Monthly,True,Active,False,,14
2559,2559,6,2026-01-01,2027-01-01,Annual,True,Active,False,,6
2560,2560,5,2025-06-24,2026-06-24,Annual,True,Active,False,,13
2561,2561,6,2024-08-25,2025-08-25,Annual,True,Active,False,,23
2562,2562,5,2026-01-04,2027-01-04,Annual,True,Active,False,,6
2563,2563,6,2024-08-05,2025-08-05,Annual,True,Active,False,,23
2564,2564,6,2025-02-11,2026-02-11,Annual,True,Active,False,,17
2565,2565,5,2024-12-02,2025-12-02,Annual,True,Active,False,,19
2566,2566,6,2025-07-03,2026-07-03,Annual,True,Active,False,,12
2567,2567,2,2024-08-03,2024-09-03,Monthly,True,Active,False,,23
2568,2568,2,2024-05-23,2024-06-23,Monthly,True,Active,False,,26
2569,2569,4,2024-12-08,2025-01-08,Monthly,True,Active,False,,19
2570,2570,6,2024-05-27,2025-05-27,Annual,True,Active,False,,26
2571,2571,2,2024-10-17,2024-11-17,Monthly,True,Active,False,,21
2572,2572,6,2024-07-07,2025-07-07,Annual,True,Active,False,,24
2573,2573,3,2025-11-04,2025-12-04,Monthly,True,Active,False,,8
2574,2574,2,2025-08-24,2025-09-24,Monthly,True,Active,False,,11
2575,2575,5,2024-06-04,2025-06-04,Annual,True,Active,False,,25
2576,2576,5,2025-04-10,2026-04-10,Annual,False,Active,False,,15
2577,2577,2,2024-10-03,2024-11-03,Monthly,True,Active,False,,21
2578,2578,5,2025-07-22,2026-07-22,Annual,True,Active,False,,12
2579,2579,5,2025-04-06,2026-04-06,Annual,True,Active,False,,15
2580,2580,2,2025-02-13,2025-03-25,Monthly,False,Expired,True,2025-03-25,17
2581,2581,2,2025-09-20,2025-10-20,Monthly,True,Active,False,,10
2582,2582,2,2024-11-07,2024-12-07,Monthly,True,Active,False,,20
2583,2583,5,2024-05-05,2025-05-05,Annual,True,Active,False,,26
2584,2584,5,2024-03-06,2025-03-06,Annual,True,Active,False,,28
2585,2585,1,2024-02-16,2024-03-16,Monthly,True,Active,False,,29
2586,2586,3,2024-05-31,2024-06-30,Monthly,True,Active,False,,26
2587,2587,6,2025-02-15,2026-02-15,Annual,True,Active,False,,17
2588,2588,5,2024-09-23,2025-09-23,Annual,True,Active,False,,22
2589,2589,5,2024-03-05,2025-03-05,Annual,True,Active,False,,28
2590,2590,2,2024-12-10,2025-01-10,Monthly,True,Active,False,,19
2591,2591,6,2025-01-30,2026-01-30,Annual,True,Active,False,,18
2592,2592,3,2024-12-07,2025-01-07,Monthly,True,Active,False,,19
2593,2593,2,2024-09-16,2024-10-16,Monthly,True,Active,False,,22
2594,2594,3,2024-09-11,2024-10-11,Monthly,True,Active,False,,22
2595,2595,5,2024-09-11,2025-09-11,Annual,True,Active,False,,22
2596,2596,2,2024-10-20,2024-11-20,Monthly,True,Active,False,,21
2597,2597,1,2025-07-22,2025-08-22,Monthly,True,Active,False,,12
2598,2598,5,2024-11-09,2025-11-09,Annual,True,Active,False,,20
2599,2599,3,2024-04-22,2024-05-22,Monthly,True,Active,False,,27
2600,2600,6,2024-05-06,2025-05-06,Annual,True,Active,False,,26
2601,2601,5,2024-05-10,2025-05-10,Annual,True,Active,False,,26
2602,2602,5,2025-10-08,2026-07-30,Annual,True,Cancelled,True,2026-07-30,9
2603,2603,5,2024-05-25,2025-05-25,Annual,True,Active,False,,26
2604,2604,2,2024-11-28,2024-12-28,Monthly,True,Active,False,,20
2605,2605,5,2025-11-21,2026-11-21,Annual,False,Active,False,,8
2606,2606,2,2025-01-11,2025-02-11,Monthly,True,Active,False,,18
2607,2607,2,2024-02-04,2024-03-04,Monthly,True,Active,False,,29
2608,2608,3,2025-11-12,2025-12-12,Monthly,True,Active,False,,8
2609,2609,2,2025-06-25,2025-07-25,Monthly,True,Active,False,,13
2610,2610,5,2024-02-01,2024-08-15,Annual,False,Expired,True,2024-08-15,29
2611,2611,3,2026-01-14,2026-06-08,Monthly,False,Cancelled,True,2026-06-08,6
2612,2612,2,2025-07-21,2025-08-21,Monthly,True,Active,False,,12
2613,2613,2,2025-07-26,2025-08-26,Monthly,True,Active,False,,12
2614,2614,2,2024-11-23,2025-04-25,Monthly,False,Expired,True,2025-04-25,20
2615,2615,2,2025-09-16,2025-10-16,Monthly,True,Active,False,,10
2616,2616,5,2024-05-07,2025-05-07,Annual,True,Active,False,,26
2617,2617,3,2024-12-14,2025-01-14,Monthly,True,Active,False,,19
2618,2618,4,2025-12-13,2026-01-13,Monthly,True,Active,False,,7
2619,2619,3,2026-01-06,2026-02-06,Monthly,True,Active,False,,6
2620,2620,5,2025-05-09,2026-04-11,Annual,True,Cancelled,True,2026-04-11,14
2621,2621,5,2025-01-22,2026-01-22,Annual,True,Active,False,,18
2622,2622,3,2025-04-09,2025-05-09,Monthly,True,Active,False,,15
2623,2623,2,2024-08-27,2024-09-27,Monthly,True,Active,False,,23
2624,2624,4,2024-10-23,2024-11-23,Monthly,True,Active,False,,21
2625,2625,4,2025-08-17,2025-09-17,Monthly,True,Active,False,,11
2626,2626,4,2025-05-31,2025-06-30,Monthly,True,Active,False,,14
2627,2627,5,2025-07-10,2026-07-10,Annual,True,Active,False,,12
2628,2628,4,2025-04-05,2025-05-05,Monthly,True,Active,False,,15
2629,2629,6,2025-05-25,2026-05-25,Annual,True,Active,False,,14
2630,2630,6,2024-09-16,2025-09-16,Annual,True,Active,False,,22
2631,2631,4,2025-09-11,2025-10-11,Monthly,True,Active,False,,10
2632,2632,2,2024-05-22,2024-06-22,Monthly,True,Active,False,,26
2633,2633,6,2025-09-21,2026-09-21,Annual,True,Active,False,,10
2634,2634,6,2024-05-15,2025-05-15,Annual,True,Active,False,,26
2635,2635,1,2025-07-20,2025-08-20,Monthly,True,Active,False,,12
2636,2636,2,2024-09-28,2025-03-11,Monthly,True,Cancelled,True,2025-03-11,22
2637,2637,5,2024-02-02,2025-02-02,Annual,True,Active,False,,29
2638,2638,2,2025-08-16,2025-09-16,Monthly,True,Active,False,,11
2639,2639,2,2025-10-15,2025-11-15,Monthly,True,Active,False,,9
2640,2640,2,2024-12-25,2025-01-25,Monthly,True,Active,False,,19
2641,2641,4,2025-09-23,2025-10-23,Monthly,True,Active,False,,10
2642,2642,5,2025-01-11,2026-01-11,Annual,True,Active,False,,18
2643,2643,5,2024-07-19,2025-07-19,Annual,True,Active,False,,24
2644,2644,3,2025-02-24,2025-03-24,Monthly,True,Active,False,,17
2645,2645,6,2025-12-17,2026-12-17,Annual,True,Active,False,,7
2646,2646,3,2025-11-05,2025-12-05,Monthly,True,Active,False,,8
2647,2647,3,2025-07-19,2025-08-19,Monthly,True,Active,False,,12
2648,2648,2,2024-03-24,2024-04-24,Monthly,True,Active,False,,28
2649,2649,5,2024-06-05,2025-06-05,Annual,True,Active,False,,25
2650,2650,5,2025-03-29,2026-03-29,Annual,True,Active,False,,16
2651,2651,1,2024-06-24,2024-07-24,Monthly,True,Active,False,,25
2652,2652,2,2024-04-05,2024-05-05,Monthly,True,Active,False,,27
2653,2653,2,2025-10-29,2025-11-29,Monthly,True,Active,False,,9
2654,2654,2,2024-07-16,2024-12-23,Monthly,False,Cancelled,True,2024-12-23,24
2655,2655,5,2024-02-06,2025-02-06,Annual,True,Active,False,,29
2656,2656,3,2025-09-18,2025-10-18,Monthly,False,Active,False,,10
2657,2657,2,2024-09-28,2024-10-28,Monthly,False,Active,False,,22
2658,2658,2,2025-09-26,2025-10-26,Monthly,True,Active,False,,10
2659,2659,3,2025-04-18,2025-05-18,Monthly,True,Active,False,,15
2660,2660,4,2024-04-03,2024-05-03,Monthly,True,Active,False,,27
2661,2661,2,2025-01-21,2025-02-21,Monthly,True,Active,False,,18
2662,2662,1,2025-03-14,2025-04-14,Monthly,True,Active,False,,16
2663,2663,6,2025-09-21,2026-09-21,Annual,True,Active,False,,10
2664,2664,3,2025-04-29,2025-05-29,Monthly,True,Active,False,,15
2665,2665,5,2025-04-22,2026-04-22,Annual,True,Active,False,,15
2666,2666,2,2025-09-28,2025-10-28,Monthly,True,Active,False,,10
2667,2667,2,2025-02-19,2025-03-19,Monthly,True,Active,False,,17
2668,2668,3,2025-10-05,2026-01-01,Monthly,False,Cancelled,True,2026-01-01,9
2669,2669,6,2025-11-22,2026-11-22,Annual,True,Active,False,,8
2670,2670,5,2025-02-11,2026-02-11,Annual,True,Active,False,,17
2671,2671,2,2025-07-06,2025-08-06,Monthly,True,Active,False,,12
2672,2672,3,2025-07-07,2025-08-07,Monthly,True,Active,False,,12
2673,2673,4,2025-03-31,2025-04-30,Monthly,False,Active,False,,16
2674,2674,5,2025-05-10,2026-05-10,Annual,True,Active,False,,14
2675,2675,3,2025-08-08,2025-09-08,Monthly,True,Active,False,,11
2676,2676,2,2025-02-01,2025-03-01,Monthly,True,Active,False,,17
2677,2677,2,2024-06-22,2024-07-22,Monthly,True,Active,False,,25
2678,2678,4,2024-01-30,2024-02-29,Monthly,True,Active,False,,30
2679,2679,5,2024-03-08,2025-03-08,Annual,True,Active,False,,28
2680,2680,4,2024-01-17,2024-02-17,Monthly,True,Active,False,,30
2681,2681,5,2024-10-09,2025-10-09,Annual,True,Active,False,,21
2682,2682,5,2025-11-13,2026-11-13,Annual,True,Active,False,,8
2683,2683,3,2025-04-18,2025-05-18,Monthly,True,Active,False,,15
2684,2684,4,2025-04-24,2025-05-24,Monthly,True,Active,False,,15
2685,2685,5,2025-07-06,2026-07-06,Annual,True,Active,False,,12
2686,2686,2,2026-01-14,2026-02-14,Monthly,True,Active,False,,6
2687,2687,2,2024-08-01,2024-09-01,Monthly,False,Active,False,,23
2688,2688,2,2025-11-27,2025-12-27,Monthly,True,Active,False,,8
2689,2689,3,2024-06-04,2024-07-04,Monthly,True,Active,False,,25
2690,2690,2,2024-08-09,2024-09-09,Monthly,True,Active,False,,23
2691,2691,5,2024-07-10,2025-07-10,Annual,True,Active,False,,24
2692,2692,5,2025-12-03,2026-12-03,Annual,True,Active,False,,7
2693,2693,6,2025-09-02,2026-09-02,Annual,True,Active,False,,10
2694,2694,5,2025-05-01,2026-05-01,Annual,True,Active,False,,14
2695,2695,1,2025-02-19,2025-03-19,Monthly,True,Active,False,,17
2696,2696,2,2025-04-26,2025-05-26,Monthly,True,Active,False,,15
2697,2697,4,2024-08-03,2024-09-03,Monthly,True,Active,False,,23
2698,2698,6,2025-04-13,2026-04-13,Annual,True,Active,False,,15
2699,2699,2,2024-09-27,2024-10-27,Monthly,True,Active,False,,22
2700,2700,1,2025-01-11,2025-02-11,Monthly,True,Active,False,,18
2701,2701,5,2025-04-20,2026-04-20,Annual,True,Active,False,,15
2702,2702,3,2024-11-06,2024-12-06,Monthly,True,Active,False,,20
2703,2703,2,2025-06-06,2025-07-06,Monthly,True,Active,False,,13
2704,2704,6,2025-12-15,2026-12-15,Annual,True,Active,False,,7
2705,2705,5,2024-02-19,2025-02-19,Annual,True,Active,False,,29
2706,2706,3,2024-04-02,2024-05-02,Monthly,True,Active,False,,27
2707,2707,5,2025-09-18,2026-07-29,Annual,False,Expired,True,2026-07-29,10
2708,2708,2,2025-02-28,2025-03-28,Monthly,True,Active,False,,17
2709,2709,3,2025-06-27,2025-07-27,Monthly,True,Active,False,,13
2710,2710,2,2025-01-04,2025-02-04,Monthly,True,Active,False,,18
2711,2711,2,2025-07-21,2025-08-21,Monthly,True,Active,False,,12
2712,2712,2,2025-11-26,2025-12-26,Monthly,True,Active,False,,8
2713,2713,3,2024-07-21,2024-08-21,Monthly,True,Active,False,,24
2714,2714,3,2024-05-23,2024-06-23,Monthly,True,Active,False,,26
2715,2715,2,2024-07-26,2024-08-26,Monthly,True,Active,False,,24
2716,2716,4,2025-08-16,2025-09-16,Monthly,True,Active,False,,11
2717,2717,6,2025-06-24,2026-06-24,Annual,True,Active,False,,13
2718,2718,3,2024-05-28,2024-06-28,Monthly,True,Active,False,,26
2719,2719,2,2025-10-01,2025-11-01,Monthly,True,Active,False,,9
2720,2720,5,2025-05-26,2026-05-26,Annual,True,Active,False,,14
2721,2721,3,2025-04-05,2025-05-05,Monthly,False,Active,False,,15
2722,2722,5,2024-05-27,2025-05-27,Annual,True,Active,False,,26
2723,2723,5,2025-09-28,2026-09-28,Annual,True,Active,False,,10
2724,2724,3,2024-08-31,2024-10-30,Monthly,False,Expired,True,2024-10-30,23
2725,2725,2,2025-02-08,2025-03-08,Monthly,True,Active,False,,17
2726,2726,2,2024-08-25,2024-09-25,Monthly,True,Active,False,,23
2727,2727,2,2025-01-17,2025-02-17,Monthly,True,Active,False,,18
2728,2728,3,2024-12-09,2025-01-09,Monthly,True,Active,False,,19
2729,2729,6,2025-02-28,2026-02-28,Annual,True,Active,False,,17
2730,2730,1,2024-02-14,2024-03-14,Monthly,True,Active,False,,29
2731,2731,4,2025-05-15,2025-07-03,Monthly,False,Expired,True,2025-07-03,14
2732,2732,2,2025-03-19,2025-04-19,Monthly,True,Active,False,,16
2733,2733,2,2024-04-06,2024-05-06,Monthly,True,Active,False,,27
2734,2734,4,2024-10-21,2024-11-21,Monthly,True,Active,False,,21
2735,2735,3,2025-02-15,2025-03-15,Monthly,False,Active,False,,17
2736,2736,5,2025-11-09,2026-11-09,Annual,True,Active,False,,8
2737,2737,6,2025-05-14,2026-05-14,Annual,True,Active,False,,14
2738,2738,5,2025-03-26,2026-03-26,Annual,True,Active,False,,16
2739,2739,4,2025-05-06,2025-06-06,Monthly,True,Active,False,,14
2740,2740,1,2025-12-05,2026-01-05,Monthly,True,Active,False,,7
2741,2741,5,2025-03-28,2026-03-28,Annual,True,Active,False,,16
2742,2742,2,2024-02-11,2024-03-11,Monthly,True,Active,False,,29
2743,2743,5,2024-08-03,2025-08-03,Annual,True,Active,False,,23
2744,2744,1,2024-06-07,2024-07-18,Monthly,True,Cancelled,True,2024-07-18,25
2745,2745,6,2024-02-12,2025-02-12,Annual,True,Active,False,,29
2746,2746,3,2024-06-29,2024-07-29,Monthly,False,Active,False,,25
2747,2747,2,2024-10-07,2024-11-07,Monthly,False,Active,False,,21
2748,2748,2,2025-10-10,2025-11-10,Monthly,True,Active,False,,9
2749,2749,4,2025-10-12,2025-11-12,Monthly,True,Active,False,,9
2750,2750,4,2025-03-01,2025-04-01,Monthly,True,Active,False,,16
2751,2751,2,2025-06-28,2025-07-28,Monthly,True,Active,False,,13
2752,2752,1,2025-06-16,2025-07-16,Monthly,True,Active,False,,13
2753,2753,5,2025-07-04,2026-07-04,Annual,True,Active,False,,12
2754,2754,4,2024-07-10,2024-08-10,Monthly,False,Active,False,,24
2755,2755,5,2025-03-11,2026-03-11,Annual,True,Active,False,,16
2756,2756,3,2025-12-09,2026-05-14,Monthly,False,Expired,True,2026-05-14,7
2757,2757,2,2025-09-01,2025-10-01,Monthly,True,Active,False,,10
2758,2758,5,2024-07-13,2025-07-13,Annual,True,Active,False,,24
2759,2759,5,2024-06-19,2025-06-19,Annual,True,Active,False,,25
2760,2760,3,2024-06-25,2024-07-25,Monthly,True,Active,False,,25
2761,2761,2,2025-09-08,2025-10-08,Monthly,False,Active,False,,10
2762,2762,4,2026-01-04,2026-02-04,Monthly,True,Active,False,,6
2763,2763,2,2024-03-16,2024-07-29,Monthly,False,Expired,True,2024-07-29,28
2764,2764,3,2025-12-19,2026-01-19,Monthly,True,Active,False,,7
2765,2765,5,2024-02-06,2025-02-06,Annual,True,Active,False,,29
2766,2766,1,2024-10-02,2024-11-02,Monthly,True,Active,False,,21
2767,2767,4,2024-04-18,2024-05-18,Monthly,True,Active,False,,27
2768,2768,3,2024-07-10,2024-08-10,Monthly,True,Active,False,,24
2769,2769,2,2024-12-08,2025-01-08,Monthly,True,Active,False,,19
2770,2770,6,2024-11-04,2025-11-04,Annual,True,Active,False,,20
2771,2771,2,2025-02-14,2025-03-14,Monthly,True,Active,False,,17
2772,2772,3,2025-07-07,2025-08-07,Monthly,True,Active,False,,12
2773,2773,5,2025-01-18,2026-01-18,Annual,True,Active,False,,18
2774,2774,4,2025-03-14,2025-04-14,Monthly,True,Active,False,,16
2775,2775,1,2025-07-25,2025-12-25,Monthly,False,Cancelled,True,2025-12-25,12
2776,2776,3,2024-04-14,2024-05-14,Monthly,True,Active,False,,27
2777,2777,3,2025-03-09,2025-04-09,Monthly,False,Active,False,,16
2778,2778,2,2025-06-24,2025-07-24,Monthly,True,Active,False,,13
2779,2779,2,2024-07-04,2024-08-04,Monthly,True,Active,False,,24
2780,2780,3,2024-08-24,2024-09-24,Monthly,True,Active,False,,23
2781,2781,5,2025-12-18,2026-12-18,Annual,True,Active,False,,7
2782,2782,3,2025-07-14,2025-08-14,Monthly,True,Active,False,,12
2783,2783,4,2025-10-25,2025-11-25,Monthly,True,Active,False,,9
2784,2784,6,2025-08-10,2026-08-10,Annual,True,Active,False,,11
2785,2785,5,2024-02-04,2025-02-04,Annual,True,Active,False,,29
2786,2786,2,2025-05-25,2025-06-25,Monthly,True,Active,False,,14
2787,2787,5,2025-11-06,2026-11-06,Annual,True,Active,False,,8
2788,2788,2,2024-02-28,2024-08-17,Monthly,True,Cancelled,True,2024-08-17,29
2789,2789,2,2025-08-23,2025-11-17,Monthly,True,Cancelled,True,2025-11-17,11
2790,2790,2,2024-08-07,2024-09-07,Monthly,True,Active,False,,23
2791,2791,4,2025-12-30,2026-01-30,Monthly,True,Active,False,,7
2792,2792,5,2024-04-28,2025-04-28,Annual,True,Active,False,,27
2793,2793,3,2024-11-10,2024-12-10,Monthly,True,Active,False,,20
2794,2794,2,2024-08-26,2024-11-07,Monthly,True,Cancelled,True,2024-11-07,23
2795,2795,3,2024-09-30,2024-10-30,Monthly,True,Active,False,,22
2796,2796,2,2024-05-23,2024-06-23,Monthly,True,Active,False,,26
2797,2797,6,2024-02-24,2025-02-24,Annual,True,Active,False,,29
2798,2798,3,2025-03-09,2025-04-09,Monthly,True,Active,False,,16
2799,2799,2,2025-08-07,2025-09-07,Monthly,True,Active,False,,11
2800,2800,2,2025-01-17,2025-02-17,Monthly,True,Active,False,,18
2801,2801,2,2024-01-23,2024-02-23,Monthly,True,Active,False,,30
2802,2802,4,2025-09-13,2025-10-13,Monthly,True,Active,False,,10
2803,2803,3,2024-12-22,2025-01-22,Monthly,True,Active,False,,19
2804,2804,2,2024-09-26,2024-10-26,Monthly,True,Active,False,,22
2805,2805,1,2025-03-20,2025-04-20,Monthly,False,Active,False,,16
2806,2806,4,2024-10-19,2024-11-19,Monthly,True,Active,False,,21
2807,2807,5,2025-10-31,2026-10-31,Annual,True,Active,False,,9
2808,2808,6,2025-04-11,2026-04-11,Annual,True,Active,False,,15
2809,2809,4,2024-12-01,2025-01-01,Monthly,True,Active,False,,19
2810,2810,5,2024-05-15,2025-05-15,Annual,True,Active,False,,26
2811,2811,5,2024-08-04,2025-08-04,Annual,True,Active,False,,23
2812,2812,2,2025-05-22,2025-06-22,Monthly,True,Active,False,,14
2813,2813,1,2025-08-15,2025-09-15,Monthly,True,Active,False,,11
2814,2814,2,2025-01-13,2025-06-05,Monthly,True,Cancelled,True,2025-06-05,18
2815,2815,4,2024-11-04,2025-03-06,Monthly,True,Cancelled,True,2025-03-06,20
2816,2816,5,2024-04-10,2025-04-10,Annual,True,Active,False,,27
2817,2817,2,2024-10-19,2024-11-19,Monthly,True,Active,False,,21
2818,2818,2,2025-12-20,2026-01-20,Monthly,False,Active,False,,7
2819,2819,5,2025-10-02,2026-10-02,Annual,True,Active,False,,9
2820,2820,1,2024-03-10,2024-04-10,Monthly,True,Active,False,,28
2821,2821,2,2024-08-24,2024-09-24,Monthly,True,Active,False,,23
2822,2822,2,2024-11-02,2025-04-16,Monthly,True,Cancelled,True,2025-04-16,20
2823,2823,3,2025-09-17,2025-10-17,Monthly,True,Active,False,,10
2824,2824,4,2025-09-06,2025-10-06,Monthly,True,Active,False,,10
2825,2825,6,2025-12-17,2026-12-17,Annual,True,Active,False,,7
2826,2826,3,2025-11-04,2025-12-04,Monthly,True,Active,False,,8
2827,2827,6,2024-12-26,2025-12-26,Annual,True,Active,False,,19
2828,2828,3,2025-03-15,2025-04-15,Monthly,True,Active,False,,16
2829,2829,1,2025-05-20,2025-06-20,Monthly,True,Active,False,,14
2830,2830,3,2025-07-15,2025-08-15,Monthly,True,Active,False,,12
2831,2831,6,2024-03-12,2025-03-12,Annual,True,Active,False,,28
2832,2832,5,2025-09-12,2026-09-12,Annual,True,Active,False,,10
2833,2833,5,2024-09-29,2025-09-29,Annual,True,Active,False,,22
2834,2834,2,2025-02-08,2025-03-08,Monthly,True,Active,False,,17
2835,2835,5,2026-01-20,2027-01-20,Annual,True,Active,False,,6
2836,2836,3,2024-02-17,2024-03-17,Monthly,True,Active,False,,29
2837,2837,5,2025-01-21,2026-01-21,Annual,True,Active,False,,18
2838,2838,2,2024-05-02,2024-06-02,Monthly,True,Active,False,,26
2839,2839,5,2025-04-30,2026-04-30,Annual,True,Active,False,,15
2840,2840,3,2024-12-03,2025-01-03,Monthly,True,Active,False,,19
2841,2841,2,2025-12-03,2026-01-03,Monthly,True,Active,False,,7
2842,2842,3,2024-10-06,2024-11-06,Monthly,True,Active,False,,21
2843,2843,3,2024-09-19,2024-10-19,Monthly,True,Active,False,,22
2844,2844,2,2024-08-23,2024-09-23,Monthly,True,Active,False,,23
2845,2845,2,2025-08-31,2025-11-23,Monthly,True,Cancelled,True,2025-11-23,11
2846,2846,5,2025-03-21,2026-03-21,Annual,True,Active,False,,16
2847,2847,2,2024-03-14,2024-04-14,Monthly,False,Active,False,,28
2848,2848,3,2024-06-30,2024-07-30,Monthly,True,Active,False,,25
2849,2849,5,2024-10-30,2025-10-30,Annual,True,Active,False,,21
2850,2850,6,2025-07-24,2026-07-24,Annual,True,Active,False,,12
2851,2851,5,2025-01-27,2026-01-27,Annual,True,Active,False,,18
2852,2852,4,2024-02-20,2024-03-20,Monthly,True,Active,False,,29
2853,2853,2,2025-10-11,2025-11-11,Monthly,True,Active,False,,9
2854,2854,6,2025-08-14,2026-08-14,Annual,True,Active,False,,11
2855,2855,2,2025-01-30,2025-02-28,Monthly,True,Active,False,,18
2856,2856,4,2025-02-01,2025-03-01,Monthly,True,Active,False,,17
2857,2857,4,2024-04-18,2024-05-18,Monthly,True,Active,False,,27
2858,2858,4,2025-04-28,2025-05-28,Monthly,True,Active,False,,15
2859,2859,2,2024-05-04,2024-06-04,Monthly,True,Active,False,,26
2860,2860,2,2025-04-16,2025-05-16,Monthly,True,Active,False,,15
2861,2861,6,2025-07-01,2026-07-01,Annual,True,Active,False,,12
2862,2862,3,2025-09-16,2025-10-16,Monthly,True,Active,False,,10
2863,2863,2,2025-07-15,2025-08-15,Monthly,True,Active,False,,12
2864,2864,3,2024-06-06,2024-07-06,Monthly,True,Active,False,,25
2865,2865,5,2025-10-10,2026-07-04,Annual,True,Cancelled,True,2026-07-04,9
2866,2866,3,2025-07-15,2025-08-15,Monthly,False,Active,False,,12
2867,2867,4,2025-01-14,2025-02-14,Monthly,True,Active,False,,18
2868,2868,6,2025-02-08,2026-02-08,Annual,True,Active,False,,17
2869,2869,2,2025-04-27,2025-07-15,Monthly,False,Cancelled,True,2025-07-15,15
2870,2870,1,2025-03-16,2025-04-16,Monthly,True,Active,False,,16
2871,2871,3,2025-04-13,2025-05-13,Monthly,True,Active,False,,15
2872,2872,2,2024-12-15,2025-01-15,Monthly,True,Active,False,,19
2873,2873,2,2024-05-11,2024-06-11,Monthly,True,Active,False,,26
2874,2874,5,2025-05-22,2026-05-22,Annual,False,Active,False,,14
2875,2875,2,2024-02-25,2024-03-25,Monthly,True,Active,False,,29
2876,2876,6,2025-01-20,2026-01-20,Annual,True,Active,False,,18
2877,2877,3,2025-05-12,2025-06-12,Monthly,True,Active,False,,14
2878,2878,6,2024-06-25,2025-06-25,Annual,False,Active,False,,25
2879,2879,2,2025-10-06,2025-11-06,Monthly,True,Active,False,,9
2880,2880,3,2024-02-14,2024-03-14,Monthly,False,Active,False,,29
2881,2881,2,2024-03-30,2024-04-30,Monthly,False,Active,False,,28
2882,2882,6,2024-11-01,2025-11-01,Annual,True,Active,False,,20
2883,2883,1,2025-07-29,2025-08-29,Monthly,True,Active,False,,12
2884,2884,2,2024-04-22,2024-05-22,Monthly,True,Active,False,,27
2885,2885,2,2025-06-16,2025-07-16,Monthly,True,Active,False,,13
2886,2886,6,2025-10-18,2026-10-18,Annual,True,Active,False,,9
2887,2887,2,2024-02-01,2024-03-01,Monthly,True,Active,False,,29
2888,2888,5,2025-12-16,2026-12-16,Annual,True,Active,False,,7
2889,2889,5,2024-12-28,2025-12-28,Annual,True,Active,False,,19
2890,2890,4,2025-06-19,2025-08-30,Monthly,False,Cancelled,True,2025-08-30,13
2891,2891,5,2024-05-31,2025-05-31,Annual,True,Active,False,,26
2892,2892,4,2024-06-18,2024-07-18,Monthly,True,Active,False,,25
2893,2893,3,2024-07-06,2024-08-06,Monthly,True,Active,False,,24
2894,2894,4,2025-06-21,2025-07-21,Monthly,True,Active,False,,13
2895,2895,2,2024-07-04,2024-08-04,Monthly,True,Active,False,,24
2896,2896,4,2024-05-14,2024-06-14,Monthly,True,Active,False,,26
2897,2897,3,2025-06-08,2025-07-08,Monthly,True,Active,False,,13
2898,2898,1,2025-01-19,2025-03-19,Monthly,False,Expired,True,2025-03-19,18
2899,2899,6,2025-11-26,2026-11-26,Annual,True,Active,False,,8
2900,2900,2,2024-07-29,2024-08-29,Monthly,True,Active,False,,24
2901,2901,3,2025-08-15,2025-10-12,Monthly,False,Cancelled,True,2025-10-12,11
2902,2902,2,2024-10-09,2024-11-09,Monthly,True,Active,False,,21
2903,2903,6,2024-11-02,2025-11-02,Annual,True,Active,False,,20
2904,2904,6,2025-04-10,2026-04-10,Annual,True,Active,False,,15
2905,2905,2,2024-03-29,2024-04-29,Monthly,True,Active,False,,28
2906,2906,2,2024-09-16,2024-10-16,Monthly,True,Active,False,,22
2907,2907,2,2024-08-28,2024-09-28,Monthly,False,Active,False,,23
2908,2908,4,2024-02-26,2024-05-11,Monthly,False,Cancelled,True,2024-05-11,29
2909,2909,6,2025-05-09,2026-05-09,Annual,True,Active,False,,14
2910,2910,2,2025-03-24,2025-04-24,Monthly,True,Active,False,,16
2911,2911,4,2024-10-05,2024-11-05,Monthly,False,Active,False,,21
2912,2912,6,2024-07-19,2025-07-19,Annual,True,Active,False,,24
2913,2913,4,2025-09-06,2025-10-06,Monthly,True,Active,False,,10
2914,2914,2,2024-10-20,2024-11-20,Monthly,True,Active,False,,21
2915,2915,5,2025-05-17,2026-05-17,Annual,True,Active,False,,14
2916,2916,2,2025-03-28,2025-04-28,Monthly,False,Active,False,,16
2917,2917,5,2024-06-25,2025-06-25,Annual,True,Active,False,,25
2918,2918,6,2025-09-24,2026-09-24,Annual,True,Active,False,,10
2919,2919,2,2025-11-13,2025-12-13,Monthly,True,Active,False,,8
2920,2920,5,2025-05-22,2026-05-22,Annual,True,Active,False,,14
2921,2921,5,2025-01-30,2026-01-30,Annual,True,Active,False,,18
2922,2922,5,2025-03-01,2026-03-01,Annual,True,Active,False,,16
2923,2923,5,2025-11-20,2026-11-20,Annual,True,Active,False,,8
2924,2924,2,2025-08-03,2025-09-03,Monthly,True,Active,False,,11
2925,2925,5,2025-07-26,2026-07-26,Annual,True,Active,False,,12
2926,2926,4,2024-10-07,2024-11-07,Monthly,True,Active,False,,21
2927,2927,4,2025-02-07,2025-03-09,Monthly,False,Expired,True,2025-03-09,17
2928,2928,3,2025-11-19,2025-12-19,Monthly,True,Active,False,,8
2929,2929,2,2025-01-23,2025-02-23,Monthly,True,Active,False,,18
2930,2930,2,2025-12-25,2026-01-25,Monthly,True,Active,False,,7
2931,2931,2,2025-09-07,2025-10-07,Monthly,True,Active,False,,10
2932,2932,1,2024-11-22,2024-12-22,Monthly,True,Active,False,,20
2933,2933,5,2024-06-28,2025-06-28,Annual,True,Active,False,,25
2934,2934,5,2025-01-24,2026-01-24,Annual,True,Active,False,,18
2935,2935,2,2024-09-19,2024-10-19,Monthly,True,Active,False,,22
2936,2936,1,2025-11-29,2025-12-29,Monthly,True,Active,False,,8
2937,2937,1,2024-07-06,2024-11-23,Monthly,False,Expired,True,2024-11-23,24
2938,2938,2,2025-01-26,2025-02-26,Monthly,True,Active,False,,18
2939,2939,3,2025-01-01,2025-02-01,Monthly,True,Active,False,,18
2940,2940,5,2024-03-14,2025-03-14,Annual,True,Active,False,,28
2941,2941,5,2024-02-24,2025-01-29,Annual,True,Cancelled,True,2025-01-29,29
2942,2942,3,2025-01-26,2025-02-26,Monthly,True,Active,False,,18
2943,2943,6,2025-09-12,2026-09-12,Annual,True,Active,False,,10
2944,2944,5,2025-10-22,2026-10-22,Annual,True,Active,False,,9
2945,2945,5,2024-09-04,2025-09-04,Annual,True,Active,False,,22
2946,2946,1,2024-04-04,2024-05-04,Monthly,False,Active,False,,27
2947,2947,2,2025-10-12,2025-11-12,Monthly,True,Active,False,,9
2948,2948,2,2025-07-11,2025-08-11,Monthly,True,Active,False,,12
2949,2949,1,2025-12-30,2026-01-30,Monthly,True,Active,False,,7
2950,2950,2,2025-09-03,2025-10-03,Monthly,True,Active,False,,10
2951,2951,2,2025-01-28,2025-02-28,Monthly,True,Active,False,,18
2952,2952,5,2024-06-14,2025-06-14,Annual,True,Active,False,,25
2953,2953,5,2025-12-24,2026-12-24,Annual,True,Active,False,,7
2954,2954,6,2024-05-08,2025-05-08,Annual,True,Active,False,,26
2955,2955,2,2024-01-25,2024-02-25,Monthly,True,Active,False,,30
2956,2956,6,2024-09-04,2025-09-04,Annual,True,Active,False,,22
2957,2957,2,2024-02-28,2024-03-28,Monthly,True,Active,False,,29
2958,2958,4,2025-12-25,2026-01-25,Monthly,True,Active,False,,7
2959,2959,2,2025-02-28,2025-03-28,Monthly,True,Active,False,,17
2960,2960,3,2025-03-26,2025-04-26,Monthly,True,Active,False,,16
2961,2961,1,2024-04-16,2024-08-20,Monthly,False,Expired,True,2024-08-20,27
2962,2962,4,2024-02-17,2024-03-17,Monthly,True,Active,False,,29
2963,2963,2,2024-11-09,2024-12-09,Monthly,True,Active,False,,20
2964,2964,3,2024-11-28,2024-12-28,Monthly,True,Active,False,,20
2965,2965,2,2025-12-21,2026-01-21,Monthly,True,Active,False,,7
2966,2966,5,2024-09-11,2025-09-11,Annual,True,Active,False,,22
2967,2967,4,2025-07-15,2025-08-15,Monthly,True,Active,False,,12
2968,2968,4,2025-10-11,2025-11-11,Monthly,True,Active,False,,9
2969,2969,2,2025-11-06,2025-12-06,Monthly,True,Active,False,,8
2970,2970,5,2024-10-03,2025-10-03,Annual,True,Active,False,,21
2971,2971,2,2025-07-21,2025-08-21,Monthly,True,Active,False,,12
2972,2972,6,2025-12-18,2026-12-18,Annual,True,Active,False,,7
2973,2973,1,2025-06-15,2025-07-15,Monthly,True,Active,False,,13
2974,2974,5,2024-09-18,2025-09-18,Annual,True,Active,False,,22
2975,2975,5,2025-02-02,2026-02-02,Annual,True,Active,False,,17
2976,2976,1,2025-05-06,2025-06-06,Monthly,True,Active,False,,14
2977,2977,3,2024-08-28,2024-09-28,Monthly,True,Active,False,,23
2978,2978,6,2024-09-05,2025-09-05,Annual,True,Active,False,,22
2979,2979,3,2025-03-02,2025-04-02,Monthly,False,Active,False,,16
2980,2980,2,2025-09-12,2025-10-12,Monthly,True,Active,False,,10
2981,2981,2,2024-02-09,2024-03-09,Monthly,True,Active,False,,29
2982,2982,5,2024-02-16,2025-02-16,Annual,True,Active,False,,29
2983,2983,6,2025-10-19,2026-10-19,Annual,True,Active,False,,9
2984,2984,4,2024-03-09,2024-04-09,Monthly,True,Active,False,,28
2985,2985,1,2025-11-26,2026-04-06,Monthly,False,Expired,True,2026-04-06,8
2986,2986,2,2024-09-03,2024-10-03,Monthly,True,Active,False,,22
2987,2987,5,2024-06-03,2025-06-03,Annual,True,Active,False,,25
2988,2988,2,2024-06-07,2024-07-07,Monthly,True,Active,False,,25
2989,2989,3,2024-06-30,2024-07-30,Monthly,True,Active,False,,25
2990,2990,3,2025-03-05,2025-04-05,Monthly,True,Active,False,,16
2991,2991,4,2025-03-04,2025-04-04,Monthly,True,Active,False,,16
2992,2992,2,2024-04-23,2024-10-17,Monthly,True,Cancelled,True,2024-10-17,27
2993,2993,5,2026-01-08,2027-01-08,Annual,True,Active,False,,6
2994,2994,5,2025-01-13,2026-01-13,Annual,True,Active,False,,18
2995,2995,2,2024-05-28,2024-06-28,Monthly,True,Active,False,,26
2996,2996,4,2025-01-09,2025-02-09,Monthly,True,Active,False,,18
2997,2997,2,2024-07-02,2024-08-02,Monthly,True,Active,False,,24
2998,2998,3,2025-01-28,2025-02-28,Monthly,False,Active,False,,18
2999,2999,3,2025-02-08,2025-03-08,Monthly,True,Active,False,,17
3000,3000,1,2024-03-08,2024-06-18,Monthly,False,Expired,True,2024-06-18,28
3001,3001,2,2024-06-06,2024-07-06,Monthly,True,Active,False,,25
3002,3002,5,2024-10-26,2025-10-26,Annual,True,Active,False,,21
3003,3003,2,2025-03-19,2025-04-19,Monthly,True,Active,False,,16
3004,3004,4,2025-09-10,2025-10-10,Monthly,True,Active,False,,10
3005,3005,2,2025-09-15,2025-10-15,Monthly,True,Active,False,,10
3006,3006,6,2025-06-13,2026-06-13,Annual,True,Active,False,,13
3007,3007,2,2024-02-01,2024-03-01,Monthly,True,Active,False,,29
3008,3008,5,2024-09-25,2025-09-25,Annual,True,Active,False,,22
3009,3009,2,2024-08-17,2024-09-17,Monthly,True,Active,False,,23
3010,3010,5,2024-03-30,2025-03-30,Annual,True,Active,False,,28
3011,3011,5,2025-08-15,2026-08-15,Annual,True,Active,False,,11
3012,3012,6,2025-11-13,2026-11-13,Annual,True,Active,False,,8
3013,3013,5,2025-03-15,2026-03-15,Annual,True,Active,False,,16
3014,3014,5,2025-06-27,2026-06-27,Annual,True,Active,False,,13
3015,3015,5,2025-08-04,2026-08-04,Annual,True,Active,False,,11
3016,3016,3,2024-04-05,2024-05-05,Monthly,True,Active,False,,27
3017,3017,2,2024-02-28,2024-03-28,Monthly,False,Active,False,,29
3018,3018,1,2024-05-04,2024-07-27,Monthly,True,Cancelled,True,2024-07-27,26
3019,3019,2,2025-02-10,2025-03-10,Monthly,True,Active,False,,17
3020,3020,5,2024-10-06,2025-10-06,Annual,True,Active,False,,21
3021,3021,6,2025-03-24,2026-03-24,Annual,True,Active,False,,16
3022,3022,6,2024-11-04,2025-11-04,Annual,True,Active,False,,20
3023,3023,4,2025-12-20,2026-01-20,Monthly,True,Active,False,,7
3024,3024,2,2025-03-04,2025-04-04,Monthly,True,Active,False,,16
3025,3025,4,2024-09-30,2024-10-30,Monthly,True,Active,False,,22
3026,3026,6,2024-12-23,2025-12-23,Annual,True,Active,False,,19
3027,3027,6,2024-09-26,2025-09-26,Annual,False,Active,False,,22
3028,3028,5,2025-11-03,2026-11-03,Annual,True,Active,False,,8
3029,3029,5,2024-04-15,2025-04-15,Annual,True,Active,False,,27
3030,3030,3,2024-12-21,2025-01-21,Monthly,True,Active,False,,19
3031,3031,5,2024-03-05,2025-03-05,Annual,True,Active,False,,28
3032,3032,6,2025-11-22,2026-11-22,Annual,True,Active,False,,8
3033,3033,2,2024-05-30,2024-11-20,Monthly,False,Cancelled,True,2024-11-20,26
3034,3034,6,2025-06-08,2026-06-08,Annual,True,Active,False,,13
3035,3035,2,2025-11-02,2025-12-02,Monthly,True,Active,False,,8
3036,3036,5,2024-08-02,2025-08-02,Annual,True,Active,False,,23
3037,3037,5,2024-10-29,2025-09-12,Annual,True,Cancelled,True,2025-09-12,21
3038,3038,2,2025-08-11,2025-09-11,Monthly,True,Active,False,,11
3039,3039,2,2024-07-05,2024-08-05,Monthly,True,Active,False,,24
3040,3040,5,2026-01-05,2027-01-05,Annual,True,Active,False,,6
3041,3041,5,2025-04-30,2026-04-30,Annual,True,Active,False,,15
3042,3042,3,2025-04-02,2025-05-02,Monthly,True,Active,False,,15
3043,3043,2,2025-10-09,2025-11-09,Monthly,True,Active,False,,9
3044,3044,2,2024-06-02,2024-07-02,Monthly,False,Active,False,,25
3045,3045,5,2025-03-04,2026-03-04,Annual,True,Active,False,,16
3046,3046,3,2024-02-13,2024-03-13,Monthly,True,Active,False,,29
3047,3047,2,2024-03-06,2024-04-06,Monthly,True,Active,False,,28
3048,3048,3,2025-03-29,2025-04-29,Monthly,False,Active,False,,16
3049,3049,5,2025-02-27,2026-02-27,Annual,True,Active,False,,17
3050,3050,2,2024-02-09,2024-03-09,Monthly,True,Active,False,,29
3051,3051,3,2026-01-01,2026-02-01,Monthly,True,Active,False,,6
3052,3052,6,2024-07-18,2025-07-18,Annual,True,Active,False,,24
3053,3053,5,2024-09-05,2025-09-05,Annual,True,Active,False,,22
3054,3054,2,2024-11-10,2024-12-10,Monthly,True,Active,False,,20
3055,3055,6,2025-10-20,2026-10-20,Annual,True,Active,False,,9
3056,3056,5,2025-05-19,2026-05-19,Annual,True,Active,False,,14
3057,3057,2,2024-06-02,2024-11-27,Monthly,False,Expired,True,2024-11-27,25
3058,3058,6,2025-12-28,2026-12-28,Annual,True,Active,False,,7
3059,3059,2,2024-08-14,2024-09-14,Monthly,True,Active,False,,23
3060,3060,3,2025-03-24,2025-06-25,Monthly,True,Cancelled,True,2025-06-25,16
3061,3061,5,2025-05-05,2025-11-29,Annual,False,Expired,True,2025-11-29,14
3062,3062,5,2025-10-27,2026-10-27,Annual,True,Active,False,,9
3063,3063,6,2024-11-27,2025-11-27,Annual,True,Active,False,,20
3064,3064,3,2024-02-11,2024-03-11,Monthly,True,Active,False,,29
3065,3065,2,2024-02-07,2024-03-07,Monthly,True,Active,False,,29
3066,3066,5,2024-04-15,2025-04-15,Annual,True,Active,False,,27
3067,3067,2,2025-12-23,2026-01-23,Monthly,True,Active,False,,7
3068,3068,2,2025-02-09,2025-03-09,Monthly,True,Active,False,,17
3069,3069,5,2025-03-31,2026-03-31,Annual,True,Active,False,,16
3070,3070,2,2024-04-25,2024-05-25,Monthly,False,Active,False,,27
3071,3071,4,2024-07-22,2024-08-22,Monthly,True,Active,False,,24
3072,3072,5,2025-09-28,2026-09-28,Annual,True,Active,False,,10
3073,3073,4,2025-11-25,2025-12-25,Monthly,False,Active,False,,8
3074,3074,4,2025-11-09,2025-12-09,Monthly,True,Active,False,,8
3075,3075,6,2025-10-28,2026-10-28,Annual,True,Active,False,,9
3076,3076,2,2025-09-23,2025-10-23,Monthly,True,Active,False,,10
3077,3077,3,2025-12-08,2026-01-08,Monthly,True,Active,False,,7
3078,3078,5,2025-09-23,2026-09-23,Annual,True,Active,False,,10
3079,3079,2,2025-05-25,2025-06-25,Monthly,True,Active,False,,14
3080,3080,2,2025-10-12,2025-11-12,Monthly,True,Active,False,,9
3081,3081,3,2025-06-03,2025-07-22,Monthly,False,Expired,True,2025-07-22,13
3082,3082,2,2025-07-25,2025-08-25,Monthly,True,Active,False,,12
3083,3083,2,2025-07-11,2025-08-11,Monthly,True,Active,False,,12
3084,3084,2,2025-08-03,2025-09-03,Monthly,True,Active,False,,11
3085,3085,3,2025-06-18,2025-07-18,Monthly,True,Active,False,,13
3086,3086,5,2025-08-16,2026-08-16,Annual,True,Active,False,,11
3087,3087,2,2024-04-09,2024-05-09,Monthly,True,Active,False,,27
3088,3088,3,2025-11-30,2025-12-30,Monthly,True,Active,False,,8
3089,3089,5,2024-12-09,2025-12-09,Annual,True,Active,False,,19
3090,3090,2,2025-07-16,2025-08-16,Monthly,True,Active,False,,12
3091,3091,6,2024-10-29,2025-10-29,Annual,True,Active,False,,21
3092,3092,2,2025-07-09,2025-08-09,Monthly,True,Active,False,,12
3093,3093,2,2025-03-20,2025-04-20,Monthly,True,Active,False,,16
3094,3094,2,2025-06-30,2025-07-30,Monthly,True,Active,False,,13
3095,3095,6,2025-08-13,2026-08-13,Annual,True,Active,False,,11
3096,3096,1,2025-04-03,2025-05-03,Monthly,True,Active,False,,15
3097,3097,5,2024-02-25,2025-02-25,Annual,True,Active,False,,29
3098,3098,6,2025-11-15,2026-11-15,Annual,True,Active,False,,8
3099,3099,4,2025-01-13,2025-02-13,Monthly,True,Active,False,,18
3100,3100,5,2025-01-23,2026-01-23,Annual,True,Active,False,,18
3101,3101,3,2025-05-20,2025-06-20,Monthly,True,Active,False,,14
3102,3102,3,2025-01-20,2025-02-20,Monthly,True,Active,False,,18
3103,3103,3,2024-06-25,2024-07-25,Monthly,True,Active,False,,25
3104,3104,5,2025-07-04,2026-07-04,Annual,True,Active,False,,12
3105,3105,4,2025-12-17,2026-01-17,Monthly,True,Active,False,,7
3106,3106,4,2025-11-11,2025-12-11,Monthly,True,Active,False,,8
3107,3107,5,2025-10-28,2026-10-28,Annual,True,Active,False,,9
3108,3108,4,2024-04-16,2024-05-16,Monthly,True,Active,False,,27
3109,3109,6,2025-08-13,2026-08-13,Annual,True,Active,False,,11
3110,3110,6,2024-08-02,2025-08-02,Annual,True,Active,False,,23
3111,3111,3,2024-08-13,2024-09-13,Monthly,True,Active,False,,23
3112,3112,2,2025-12-01,2026-01-01,Monthly,True,Active,False,,7
3113,3113,2,2025-06-24,2025-07-24,Monthly,True,Active,False,,13
3114,3114,3,2024-08-06,2024-09-06,Monthly,True,Active,False,,23
3115,3115,4,2025-02-13,2025-03-13,Monthly,True,Active,False,,17
3116,3116,2,2025-05-31,2025-06-30,Monthly,True,Active,False,,14
3117,3117,5,2024-05-12,2025-05-12,Annual,True,Active,False,,26
3118,3118,5,2025-04-04,2026-04-04,Annual,True,Active,False,,15
3119,3119,2,2024-10-06,2024-11-06,Monthly,False,Active,False,,21
3120,3120,2,2025-03-02,2025-04-02,Monthly,True,Active,False,,16
3121,3121,2,2024-04-28,2024-05-28,Monthly,True,Active,False,,27
3122,3122,5,2024-07-13,2025-07-13,Annual,True,Active,False,,24
3123,3123,3,2024-07-31,2024-08-31,Monthly,True,Active,False,,24
3124,3124,3,2025-02-03,2025-03-03,Monthly,True,Active,False,,17
3125,3125,5,2024-12-04,2025-12-04,Annual,True,Active,False,,19
3126,3126,5,2025-10-20,2026-10-20,Annual,True,Active,False,,9
3127,3127,2,2024-09-08,2024-11-10,Monthly,True,Cancelled,True,2024-11-10,22
3128,3128,6,2024-06-27,2025-06-27,Annual,True,Active,False,,25
3129,3129,1,2025-07-09,2025-08-09,Monthly,True,Active,False,,12
3130,3130,5,2024-02-18,2025-02-18,Annual,True,Active,False,,29
3131,3131,2,2025-10-07,2025-11-07,Monthly,True,Active,False,,9
3132,3132,3,2026-01-12,2026-02-12,Monthly,True,Active,False,,6
3133,3133,5,2025-08-28,2026-04-27,Annual,False,Cancelled,True,2026-04-27,11
3134,3134,2,2024-05-08,2024-06-08,Monthly,True,Active,False,,26
3135,3135,5,2025-02-01,2026-02-01,Annual,True,Active,False,,17
3136,3136,2,2024-10-21,2024-11-21,Monthly,True,Active,False,,21
3137,3137,6,2024-01-25,2025-01-25,Annual,True,Active,False,,30
3138,3138,2,2024-03-14,2024-04-14,Monthly,True,Active,False,,28
3139,3139,2,2025-05-29,2025-06-29,Monthly,True,Active,False,,14
3140,3140,2,2025-01-28,2025-06-04,Monthly,True,Cancelled,True,2025-06-04,18
3141,3141,4,2025-09-06,2025-10-06,Monthly,True,Active,False,,10
3142,3142,3,2024-09-17,2025-02-12,Monthly,False,Cancelled,True,2025-02-12,22
3143,3143,5,2024-12-16,2025-12-16,Annual,True,Active,False,,19
3144,3144,1,2025-10-04,2025-11-04,Monthly,True,Active,False,,9
3145,3145,3,2024-07-28,2024-08-28,Monthly,True,Active,False,,24
3146,3146,6,2025-01-15,2026-01-15,Annual,False,Active,False,,18
3147,3147,2,2025-01-27,2025-02-27,Monthly,True,Active,False,,18
3148,3148,2,2026-01-02,2026-03-21,Monthly,False,Expired,True,2026-03-21,6
3149,3149,5,2025-01-04,2026-01-04,Annual,True,Active,False,,18
3150,3150,2,2025-07-22,2025-12-08,Monthly,True,Cancelled,True,2025-12-08,12
3151,3151,3,2024-12-23,2025-01-23,Monthly,True,Active,False,,19
3152,3152,5,2025-10-12,2026-04-22,Annual,True,Cancelled,True,2026-04-22,9
3153,3153,3,2024-09-02,2024-10-30,Monthly,False,Cancelled,True,2024-10-30,22
3154,3154,2,2025-11-03,2025-12-03,Monthly,True,Active,False,,8
3155,3155,2,2024-03-04,2024-07-26,Monthly,True,Cancelled,True,2024-07-26,28
3156,3156,3,2024-06-25,2024-07-25,Monthly,True,Active,False,,25
3157,3157,5,2025-09-02,2026-09-02,Annual,True,Active,False,,10
3158,3158,2,2024-05-04,2024-06-04,Monthly,True,Active,False,,26
3159,3159,5,2025-05-15,2026-05-15,Annual,True,Active,False,,14
3160,3160,5,2024-08-19,2025-08-19,Annual,True,Active,False,,23
3161,3161,3,2025-11-29,2025-12-29,Monthly,True,Active,False,,8
3162,3162,2,2025-02-04,2025-07-31,Monthly,False,Expired,True,2025-07-31,17
3163,3163,3,2025-12-13,2026-01-13,Monthly,True,Active,False,,7
3164,3164,2,2024-03-09,2024-07-04,Monthly,False,Expired,True,2024-07-04,28
3165,3165,2,2024-12-22,2025-01-22,Monthly,True,Active,False,,19
3166,3166,4,2025-12-24,2026-01-24,Monthly,True,Active,False,,7
3167,3167,2,2024-08-14,2024-09-14,Monthly,True,Active,False,,23
3168,3168,2,2025-04-11,2025-05-11,Monthly,True,Active,False,,15
3169,3169,4,2025-05-29,2025-06-29,Monthly,True,Active,False,,14
3170,3170,2,2025-05-23,2025-06-23,Monthly,True,Active,False,,14
3171,3171,1,2024-09-20,2024-10-20,Monthly,True,Active,False,,22
3172,3172,4,2024-04-08,2024-05-08,Monthly,True,Active,False,,27
3173,3173,5,2025-06-05,2026-06-05,Annual,True,Active,False,,13
3174,3174,5,2024-08-03,2025-08-03,Annual,True,Active,False,,23
3175,3175,5,2024-07-21,2025-07-21,Annual,True,Active,False,,24
3176,3176,5,2025-05-25,2026-05-25,Annual,True,Active,False,,14
3177,3177,2,2025-10-12,2026-02-04,Monthly,False,Cancelled,True,2026-02-04,9
3178,3178,2,2026-01-01,2026-02-01,Monthly,True,Active,False,,6
3179,3179,1,2025-05-29,2025-06-29,Monthly,True,Active,False,,14
3180,3180,4,2024-12-17,2025-01-17,Monthly,True,Active,False,,19
3181,3181,2,2025-03-20,2025-04-20,Monthly,True,Active,False,,16
3182,3182,4,2024-12-20,2025-01-20,Monthly,True,Active,False,,19
3183,3183,2,2025-09-06,2025-10-06,Monthly,True,Active,False,,10
3184,3184,2,2024-09-01,2024-10-01,Monthly,True,Active,False,,22
3185,3185,4,2025-10-12,2025-11-12,Monthly,True,Active,False,,9
3186,3186,2,2025-02-02,2025-03-02,Monthly,True,Active,False,,17
3187,3187,2,2026-01-01,2026-02-01,Monthly,True,Active,False,,6
3188,3188,5,2024-01-22,2025-01-22,Annual,True,Active,False,,30
3189,3189,6,2025-07-13,2026-07-13,Annual,True,Active,False,,12
3190,3190,4,2024-06-06,2024-07-06,Monthly,False,Active,False,,25
3191,3191,5,2025-01-14,2026-01-14,Annual,True,Active,False,,18
3192,3192,2,2024-01-30,2024-04-18,Monthly,True,Cancelled,True,2024-04-18,30
3193,3193,3,2025-01-10,2025-02-10,Monthly,False,Active,False,,18
3194,3194,2,2025-02-03,2025-03-03,Monthly,True,Active,False,,17
3195,3195,3,2025-04-25,2025-05-25,Monthly,True,Active,False,,15
3196,3196,2,2024-11-19,2024-12-19,Monthly,True,Active,False,,20
3197,3197,2,2024-09-06,2024-10-06,Monthly,True,Active,False,,22
3198,3198,2,2025-03-25,2025-07-16,Monthly,False,Cancelled,True,2025-07-16,16
3199,3199,6,2024-10-23,2025-10-23,Annual,True,Active,False,,21
3200,3200,1,2025-07-14,2025-08-14,Monthly,True,Active,False,,12
3201,3201,4,2024-05-31,2024-06-30,Monthly,True,Active,False,,26
3202,3202,1,2025-06-17,2025-07-17,Monthly,False,Active,False,,13
3203,3203,5,2024-02-26,2025-02-26,Annual,True,Active,False,,29
3204,3204,2,2025-10-11,2025-11-11,Monthly,True,Active,False,,9
3205,3205,4,2024-12-31,2025-01-31,Monthly,True,Active,False,,19
3206,3206,6,2025-07-24,2026-07-24,Annual,True,Active,False,,12
3207,3207,3,2024-11-07,2025-03-07,Monthly,True,Cancelled,True,2025-03-07,20
3208,3208,5,2024-09-24,2025-09-24,Annual,True,Active,False,,22
3209,3209,5,2025-08-18,2026-08-18,Annual,True,Active,False,,11
3210,3210,4,2026-01-03,2026-02-03,Monthly,True,Active,False,,6
3211,3211,6,2024-09-13,2025-09-13,Annual,True,Active,False,,22
3212,3212,5,2024-04-13,2025-04-13,Annual,True,Active,False,,27
3213,3213,6,2025-02-26,2026-02-26,Annual,True,Active,False,,17
3214,3214,6,2024-02-17,2025-02-17,Annual,True,Active,False,,29
3215,3215,5,2024-02-03,2025-02-03,Annual,True,Active,False,,29
3216,3216,6,2025-11-05,2026-06-02,Annual,False,Expired,True,2026-06-02,8
3217,3217,3,2024-02-20,2024-03-20,Monthly,True,Active,False,,29
3218,3218,6,2025-06-26,2026-06-26,Annual,True,Active,False,,13
3219,3219,3,2025-08-10,2025-09-10,Monthly,True,Active,False,,11
3220,3220,2,2024-04-24,2024-05-24,Monthly,False,Active,False,,27
3221,3221,5,2025-12-02,2026-12-02,Annual,True,Active,False,,7
3222,3222,3,2024-06-20,2024-07-20,Monthly,True,Active,False,,25
3223,3223,2,2025-06-22,2025-07-22,Monthly,True,Active,False,,13
3224,3224,2,2025-06-18,2025-07-18,Monthly,True,Active,False,,13
3225,3225,3,2024-02-25,2024-03-25,Monthly,True,Active,False,,29
3226,3226,2,2025-12-04,2026-01-04,Monthly,True,Active,False,,7
3227,3227,2,2025-08-01,2025-09-01,Monthly,False,Active,False,,11
3228,3228,3,2025-07-17,2025-08-17,Monthly,True,Active,False,,12
3229,3229,6,2025-10-04,2026-10-04,Annual,True,Active,False,,9
3230,3230,2,2026-01-12,2026-02-12,Monthly,True,Active,False,,6
3231,3231,4,2025-08-15,2025-09-15,Monthly,True,Active,False,,11
3232,3232,5,2024-07-29,2025-01-31,Annual,False,Cancelled,True,2025-01-31,24
3233,3233,4,2024-02-04,2024-03-04,Monthly,True,Active,False,,29
3234,3234,6,2026-01-07,2027-01-07,Annual,True,Active,False,,6
3235,3235,1,2025-09-27,2025-10-27,Monthly,True,Active,False,,10
3236,3236,3,2025-09-27,2025-12-16,Monthly,True,Cancelled,True,2025-12-16,10
3237,3237,5,2024-07-01,2025-07-01,Annual,True,Active,False,,24
3238,3238,5,2025-05-05,2026-05-05,Annual,True,Active,False,,14
3239,3239,2,2025-01-22,2025-02-22,Monthly,True,Active,False,,18
3240,3240,2,2024-03-16,2024-08-12,Monthly,False,Expired,True,2024-08-12,28
3241,3241,6,2024-07-09,2025-07-09,Annual,True,Active,False,,24
3242,3242,5,2024-06-26,2025-06-26,Annual,True,Active,False,,25
3243,3243,5,2024-09-17,2025-09-17,Annual,True,Active,False,,22
3244,3244,2,2024-05-05,2024-06-05,Monthly,True,Active,False,,26
3245,3245,5,2024-01-27,2024-08-26,Annual,False,Expired,True,2024-08-26,30
3246,3246,6,2025-05-23,2026-05-23,Annual,True,Active,False,,14
3247,3247,6,2025-09-14,2026-09-14,Annual,True,Active,False,,10
3248,3248,2,2024-09-27,2024-10-27,Monthly,True,Active,False,,22
3249,3249,2,2024-07-16,2024-08-16,Monthly,True,Active,False,,24
3250,3250,4,2024-04-05,2024-05-05,Monthly,True,Active,False,,27
3251,3251,4,2025-03-04,2025-04-04,Monthly,True,Active,False,,16
3252,3252,6,2025-04-25,2026-04-25,Annual,True,Active,False,,15
3253,3253,2,2025-02-17,2025-03-17,Monthly,True,Active,False,,17
3254,3254,2,2026-01-10,2026-02-10,Monthly,True,Active,False,,6
3255,3255,2,2024-06-18,2024-07-18,Monthly,True,Active,False,,25
3256,3256,5,2025-12-03,2026-12-03,Annual,True,Active,False,,7
3257,3257,2,2024-03-07,2024-04-07,Monthly,True,Active,False,,28
3258,3258,6,2025-07-02,2026-07-02,Annual,True,Active,False,,12
3259,3259,2,2025-09-24,2025-10-24,Monthly,True,Active,False,,10
3260,3260,5,2025-07-01,2026-07-01,Annual,True,Active,False,,12
3261,3261,2,2025-05-09,2025-06-09,Monthly,True,Active,False,,14
3262,3262,2,2025-04-19,2025-05-19,Monthly,True,Active,False,,15
3263,3263,5,2025-05-11,2026-05-11,Annual,True,Active,False,,14
3264,3264,2,2025-07-17,2025-08-17,Monthly,True,Active,False,,12
3265,3265,4,2025-07-05,2025-08-05,Monthly,True,Active,False,,12
3266,3266,3,2025-07-18,2025-08-18,Monthly,True,Active,False,,12
3267,3267,4,2024-03-14,2024-04-14,Monthly,True,Active,False,,28
3268,3268,2,2025-08-08,2025-09-08,Monthly,True,Active,False,,11
3269,3269,4,2025-08-12,2025-09-12,Monthly,True,Active,False,,11
3270,3270,3,2024-10-19,2024-11-19,Monthly,True,Active,False,,21
3271,3271,5,2024-01-23,2025-01-23,Annual,True,Active,False,,30
3272,3272,4,2025-04-11,2025-05-11,Monthly,True,Active,False,,15
3273,3273,5,2025-04-23,2026-04-23,Annual,True,Active,False,,15
3274,3274,2,2025-10-30,2025-12-31,Monthly,False,Expired,True,2025-12-31,9
3275,3275,5,2025-09-09,2026-09-09,Annual,True,Active,False,,10
3276,3276,6,2024-02-28,2025-02-28,Annual,True,Active,False,,29
3277,3277,4,2025-06-15,2025-07-15,Monthly,True,Active,False,,13
3278,3278,4,2025-07-04,2025-08-04,Monthly,True,Active,False,,12
3279,3279,2,2025-01-15,2025-02-15,Monthly,True,Active,False,,18
3280,3280,6,2025-12-10,2026-12-10,Annual,True,Active,False,,7
3281,3281,5,2025-05-25,2026-05-25,Annual,True,Active,False,,14
3282,3282,5,2025-09-21,2026-06-27,Annual,True,Cancelled,True,2026-06-27,10
3283,3283,2,2025-02-21,2025-03-21,Monthly,True,Active,False,,17
3284,3284,2,2024-09-20,2024-10-20,Monthly,True,Active,False,,22
3285,3285,4,2025-08-07,2025-09-07,Monthly,True,Active,False,,11
3286,3286,2,2025-07-27,2025-08-27,Monthly,True,Active,False,,12
3287,3287,2,2025-09-10,2025-10-10,Monthly,True,Active,False,,10
3288,3288,4,2025-05-01,2025-06-01,Monthly,True,Active,False,,14
3289,3289,6,2025-07-19,2026-07-19,Annual,True,Active,False,,12
3290,3290,1,2025-12-06,2026-01-06,Monthly,True,Active,False,,7
3291,3291,2,2025-12-17,2026-01-17,Monthly,True,Active,False,,7
3292,3292,6,2024-09-20,2025-09-20,Annual,True,Active,False,,22
3293,3293,2,2025-05-17,2025-06-17,Monthly,True,Active,False,,14
3294,3294,5,2025-11-29,2026-11-29,Annual,True,Active,False,,8
3295,3295,5,2025-05-23,2026-05-23,Annual,True,Active,False,,14
3296,3296,6,2025-10-30,2026-10-30,Annual,True,Active,False,,9
3297,3297,5,2024-03-05,2025-03-05,Annual,True,Active,False,,28
3298,3298,3,2024-02-24,2024-03-24,Monthly,True,Active,False,,29
3299,3299,5,2024-09-05,2025-09-05,Annual,True,Active,False,,22
3300,3300,2,2025-12-06,2026-01-06,Monthly,True,Active,False,,7
3301,3301,5,2025-07-22,2026-07-22,Annual,True,Active,False,,12
3302,3302,6,2025-07-15,2026-07-15,Annual,True,Active,False,,12
3303,3303,2,2026-01-19,2026-02-19,Monthly,True,Active,False,,6
3304,3304,2,2024-04-08,2024-05-08,Monthly,True,Active,False,,27
3305,3305,3,2025-05-04,2025-06-04,Monthly,False,Active,False,,14
3306,3306,3,2025-01-28,2025-02-28,Monthly,True,Active,False,,18
3307,3307,5,2024-12-26,2025-12-26,Annual,True,Active,False,,19
3308,3308,5,2024-12-08,2025-12-08,Annual,True,Active,False,,19
3309,3309,2,2025-06-19,2025-07-19,Monthly,True,Active,False,,13
3310,3310,1,2024-10-13,2024-11-13,Monthly,True,Active,False,,21
3311,3311,2,2025-03-17,2025-04-17,Monthly,True,Active,False,,16
3312,3312,2,2024-04-02,2024-05-02,Monthly,True,Active,False,,27
3313,3313,2,2025-01-10,2025-02-10,Monthly,True,Active,False,,18
3314,3314,6,2025-05-30,2026-05-30,Annual,True,Active,False,,14
3315,3315,2,2024-07-02,2024-08-02,Monthly,True,Active,False,,24
3316,3316,6,2024-08-06,2025-08-06,Annual,True,Active,False,,23
3317,3317,2,2024-02-11,2024-04-11,Monthly,True,Cancelled,True,2024-04-11,29
3318,3318,4,2025-06-10,2025-07-10,Monthly,False,Active,False,,13
3319,3319,3,2024-01-17,2024-02-17,Monthly,True,Active,False,,30
3320,3320,5,2025-05-15,2026-05-15,Annual,True,Active,False,,14
3321,3321,3,2025-09-08,2025-10-08,Monthly,True,Active,False,,10
3322,3322,6,2024-10-27,2025-05-24,Annual,True,Cancelled,True,2025-05-24,21
3323,3323,5,2025-05-08,2026-05-08,Annual,True,Active,False,,14
3324,3324,5,2024-05-12,2025-01-09,Annual,True,Cancelled,True,2025-01-09,26
3325,3325,2,2026-01-03,2026-02-03,Monthly,True,Active,False,,6
3326,3326,2,2025-12-13,2026-01-13,Monthly,False,Active,False,,7
3327,3327,3,2025-08-11,2025-09-11,Monthly,True,Active,False,,11
3328,3328,2,2024-09-21,2024-10-21,Monthly,True,Active,False,,22
3329,3329,6,2025-08-08,2026-08-08,Annual,True,Active,False,,11
3330,3330,6,2024-12-12,2025-12-12,Annual,True,Active,False,,19
3331,3331,6,2025-09-01,2026-09-01,Annual,True,Active,False,,10
3332,3332,1,2024-02-05,2024-05-10,Monthly,False,Expired,True,2024-05-10,29
3333,3333,3,2024-10-07,2024-11-07,Monthly,True,Active,False,,21
3334,3334,4,2025-07-02,2025-08-02,Monthly,True,Active,False,,12
3335,3335,1,2024-07-09,2024-08-09,Monthly,True,Active,False,,24
3336,3336,2,2025-09-08,2025-10-08,Monthly,True,Active,False,,10
3337,3337,2,2025-07-10,2025-08-12,Monthly,True,Cancelled,True,2025-08-12,12
3338,3338,3,2024-06-21,2024-07-21,Monthly,True,Active,False,,25
3339,3339,1,2024-04-01,2024-05-01,Monthly,True,Active,False,,27
3340,3340,2,2025-06-12,2025-07-12,Monthly,True,Active,False,,13
3341,3341,3,2024-10-07,2024-11-07,Monthly,True,Active,False,,21
3342,3342,4,2025-01-13,2025-02-13,Monthly,True,Active,False,,18
3343,3343,6,2025-02-06,2026-02-06,Annual,True,Active,False,,17
3344,3344,5,2025-08-03,2026-08-03,Annual,True,Active,False,,11
3345,3345,5,2024-08-18,2025-08-18,Annual,True,Active,False,,23
3346,3346,6,2025-05-30,2026-05-30,Annual,True,Active,False,,14
3347,3347,2,2024-12-13,2025-01-13,Monthly,True,Active,False,,19
3348,3348,6,2025-02-08,2026-02-08,Annual,True,Active,False,,17
3349,3349,3,2025-02-12,2025-07-11,Monthly,True,Cancelled,True,2025-07-11,17
3350,3350,5,2026-01-05,2027-01-05,Annual,True,Active,False,,6
3351,3351,2,2024-12-30,2025-01-30,Monthly,True,Active,False,,19
3352,3352,5,2024-11-25,2025-11-25,Annual,True,Active,False,,20
3353,3353,5,2024-03-06,2025-03-06,Annual,True,Active,False,,28
3354,3354,5,2024-06-23,2025-06-23,Annual,True,Active,False,,25
3355,3355,2,2024-10-25,2024-11-25,Monthly,True,Active,False,,21
3356,3356,5,2024-05-17,2025-05-17,Annual,True,Active,False,,26
3357,3357,2,2024-05-27,2024-06-27,Monthly,True,Active,False,,26
3358,3358,5,2025-02-06,2026-02-06,Annual,True,Active,False,,17
3359,3359,5,2024-05-30,2025-05-30,Annual,True,Active,False,,26
3360,3360,5,2025-10-12,2026-10-12,Annual,True,Active,False,,9
3361,3361,2,2025-06-01,2025-07-01,Monthly,True,Active,False,,13
3362,3362,2,2024-01-16,2024-02-16,Monthly,True,Active,False,,30
3363,3363,4,2025-08-19,2025-12-28,Monthly,True,Cancelled,True,2025-12-28,11
3364,3364,5,2025-10-27,2026-10-27,Annual,True,Active,False,,9
3365,3365,2,2024-09-24,2025-03-15,Monthly,False,Expired,True,2025-03-15,22
3366,3366,5,2025-01-02,2026-01-02,Annual,False,Active,False,,18
3367,3367,3,2024-09-09,2024-10-09,Monthly,True,Active,False,,22
3368,3368,5,2024-08-01,2025-08-01,Annual,True,Active,False,,23
3369,3369,3,2025-12-22,2026-05-30,Monthly,False,Expired,True,2026-05-30,7
3370,3370,3,2024-03-17,2024-04-17,Monthly,True,Active,False,,28
3371,3371,3,2024-03-05,2024-04-05,Monthly,True,Active,False,,28
3372,3372,2,2024-01-24,2024-05-10,Monthly,True,Cancelled,True,2024-05-10,30
3373,3373,5,2024-07-24,2025-07-24,Annual,True,Active,False,,24
3374,3374,6,2024-01-25,2025-01-25,Annual,True,Active,False,,30
3375,3375,5,2024-03-10,2025-03-10,Annual,True,Active,False,,28
3376,3376,3,2025-09-13,2025-10-13,Monthly,True,Active,False,,10
3377,3377,5,2024-08-27,2025-08-27,Annual,True,Active,False,,23
3378,3378,4,2025-08-25,2025-09-25,Monthly,True,Active,False,,11
3379,3379,6,2024-04-01,2025-04-01,Annual,True,Active,False,,27
3380,3380,2,2025-08-30,2025-09-30,Monthly,True,Active,False,,11
3381,3381,2,2025-10-13,2025-11-13,Monthly,True,Active,False,,9
3382,3382,1,2024-11-23,2024-12-23,Monthly,True,Active,False,,20
3383,3383,1,2024-10-16,2024-11-16,Monthly,True,Active,False,,21
3384,3384,4,2024-09-12,2024-10-12,Monthly,True,Active,False,,22
3385,3385,2,2025-09-11,2025-10-11,Monthly,True,Active,False,,10
3386,3386,5,2024-10-12,2025-10-12,Annual,True,Active,False,,21
3387,3387,4,2025-10-03,2025-11-03,Monthly,True,Active,False,,9
3388,3388,6,2025-12-16,2026-12-16,Annual,True,Active,False,,7
3389,3389,6,2024-08-03,2025-08-03,Annual,True,Active,False,,23
3390,3390,2,2025-10-03,2025-11-03,Monthly,True,Active,False,,9
3391,3391,3,2024-04-29,2024-05-29,Monthly,True,Active,False,,27
3392,3392,4,2025-07-27,2025-08-27,Monthly,True,Active,False,,12
3393,3393,4,2025-11-30,2025-12-30,Monthly,True,Active,False,,8
3394,3394,2,2025-06-21,2025-12-09,Monthly,False,Expired,True,2025-12-09,13
3395,3395,2,2025-03-30,2025-04-30,Monthly,True,Active,False,,16
3396,3396,3,2025-09-04,2025-10-04,Monthly,False,Active,False,,10
3397,3397,2,2025-05-30,2025-06-30,Monthly,True,Active,False,,14
3398,3398,6,2024-12-10,2025-10-21,Annual,True,Cancelled,True,2025-10-21,19
3399,3399,4,2025-11-18,2025-12-18,Monthly,True,Active,False,,8
3400,3400,5,2024-07-03,2025-07-03,Annual,True,Active,False,,24
3401,3401,6,2025-06-20,2026-06-20,Annual,True,Active,False,,13
3402,3402,4,2024-04-22,2024-05-22,Monthly,True,Active,False,,27
3403,3403,3,2025-10-22,2025-11-22,Monthly,True,Active,False,,9
3404,3404,2,2024-06-30,2024-07-30,Monthly,True,Active,False,,25
3405,3405,6,2025-04-27,2026-04-27,Annual,True,Active,False,,15
3406,3406,3,2024-12-10,2025-01-10,Monthly,True,Active,False,,19
3407,3407,5,2024-10-27,2025-10-27,Annual,True,Active,False,,21
3408,3408,6,2024-11-18,2025-11-18,Annual,True,Active,False,,20
3409,3409,2,2025-12-09,2026-01-09,Monthly,True,Active,False,,7
3410,3410,2,2025-01-15,2025-02-15,Monthly,True,Active,False,,18
3411,3411,2,2024-05-05,2024-06-05,Monthly,True,Active,False,,26
3412,3412,4,2024-09-07,2024-10-07,Monthly,True,Active,False,,22
3413,3413,4,2025-04-14,2025-08-26,Monthly,False,Cancelled,True,2025-08-26,15
3414,3414,2,2025-03-12,2025-04-12,Monthly,True,Active,False,,16
3415,3415,5,2024-05-04,2024-11-11,Annual,False,Expired,True,2024-11-11,26
3416,3416,1,2024-05-24,2024-06-24,Monthly,True,Active,False,,26
3417,3417,4,2025-05-10,2025-06-10,Monthly,True,Active,False,,14
3418,3418,3,2024-12-15,2025-01-15,Monthly,True,Active,False,,19
3419,3419,2,2024-05-07,2024-06-07,Monthly,True,Active,False,,26
3420,3420,3,2025-06-05,2025-10-04,Monthly,False,Expired,True,2025-10-04,13
3421,3421,3,2024-11-20,2025-03-31,Monthly,False,Cancelled,True,2025-03-31,20
3422,3422,2,2024-02-17,2024-06-28,Monthly,False,Cancelled,True,2024-06-28,29
3423,3423,2,2025-08-18,2025-09-18,Monthly,True,Active,False,,11
3424,3424,3,2025-02-17,2025-03-17,Monthly,True,Active,False,,17
3425,3425,5,2024-11-03,2025-11-03,Annual,True,Active,False,,20
3426,3426,4,2026-01-11,2026-02-11,Monthly,False,Active,False,,6
3427,3427,2,2025-03-08,2025-04-08,Monthly,True,Active,False,,16
3428,3428,2,2025-08-19,2025-09-19,Monthly,True,Active,False,,11
3429,3429,5,2025-03-10,2026-03-10,Annual,True,Active,False,,16
3430,3430,3,2024-04-17,2024-05-17,Monthly,True,Active,False,,27
3431,3431,5,2025-12-03,2026-12-03,Annual,True,Active,False,,7
3432,3432,4,2024-03-06,2024-04-06,Monthly,True,Active,False,,28
3433,3433,5,2026-01-09,2027-01-09,Annual,True,Active,False,,6
3434,3434,4,2024-05-12,2024-06-12,Monthly,True,Active,False,,26
3435,3435,5,2024-05-08,2025-05-08,Annual,True,Active,False,,26
3436,3436,2,2024-08-25,2024-09-25,Monthly,False,Active,False,,23
3437,3437,6,2025-06-15,2026-06-15,Annual,True,Active,False,,13
3438,3438,3,2025-03-23,2025-04-23,Monthly,True,Active,False,,16
3439,3439,5,2024-09-20,2025-09-20,Annual,True,Active,False,,22
3440,3440,2,2025-12-11,2026-01-11,Monthly,True,Active,False,,7
3441,3441,3,2024-04-10,2024-05-10,Monthly,True,Active,False,,27
3442,3442,3,2024-11-28,2024-12-28,Monthly,True,Active,False,,20
3443,3443,2,2024-04-23,2024-05-23,Monthly,True,Active,False,,27
3444,3444,6,2025-05-22,2026-05-22,Annual,True,Active,False,,14
3445,3445,3,2024-05-07,2024-06-07,Monthly,True,Active,False,,26
3446,3446,6,2024-04-07,2025-04-07,Annual,True,Active,False,,27
3447,3447,4,2024-03-10,2024-04-10,Monthly,True,Active,False,,28
3448,3448,3,2025-03-24,2025-04-24,Monthly,True,Active,False,,16
3449,3449,3,2025-11-07,2025-12-07,Monthly,True,Active,False,,8
3450,3450,2,2024-07-25,2024-08-25,Monthly,True,Active,False,,24
3451,3451,5,2024-11-28,2025-11-28,Annual,True,Active,False,,20
3452,3452,2,2024-03-31,2024-04-30,Monthly,False,Active,False,,28
3453,3453,6,2024-02-15,2025-02-15,Annual,True,Active,False,,29
3454,3454,3,2025-05-24,2025-06-24,Monthly,False,Active,False,,14
3455,3455,2,2025-09-08,2025-10-08,Monthly,True,Active,False,,10
3456,3456,5,2024-03-01,2025-03-01,Annual,True,Active,False,,28
3457,3457,2,2024-10-23,2024-11-23,Monthly,True,Active,False,,21
3458,3458,5,2025-03-13,2026-03-13,Annual,True,Active,False,,16
3459,3459,5,2024-05-25,2025-05-25,Annual,True,Active,False,,26
3460,3460,6,2025-03-24,2026-03-24,Annual,True,Active,False,,16
3461,3461,4,2024-09-02,2024-10-04,Monthly,False,Expired,True,2024-10-04,22
3462,3462,2,2024-05-31,2024-06-30,Monthly,False,Active,False,,26
3463,3463,2,2024-10-06,2024-11-06,Monthly,True,Active,False,,21
3464,3464,5,2024-08-07,2025-08-07,Annual,True,Active,False,,23
3465,3465,2,2025-12-06,2026-03-14,Monthly,False,Cancelled,True,2026-03-14,7
3466,3466,6,2024-02-14,2025-02-14,Annual,True,Active,False,,29
3467,3467,6,2025-01-30,2026-01-30,Annual,True,Active,False,,18
3468,3468,5,2025-04-20,2026-04-20,Annual,True,Active,False,,15
3469,3469,5,2024-03-02,2025-03-02,Annual,True,Active,False,,28
3470,3470,3,2024-02-09,2024-03-09,Monthly,True,Active,False,,29
3471,3471,2,2025-03-30,2025-04-30,Monthly,True,Active,False,,16
3472,3472,4,2024-11-29,2024-12-29,Monthly,True,Active,False,,20
3473,3473,2,2024-05-26,2024-07-08,Monthly,True,Cancelled,True,2024-07-08,26
3474,3474,4,2024-03-18,2024-04-18,Monthly,True,Active,False,,28
3475,3475,5,2024-07-03,2025-07-03,Annual,True,Active,False,,24
3476,3476,5,2025-05-31,2026-05-31,Annual,True,Active,False,,14
3477,3477,3,2024-12-11,2025-01-11,Monthly,True,Active,False,,19
3478,3478,2,2025-02-01,2025-03-01,Monthly,True,Active,False,,17
3479,3479,6,2025-05-06,2026-05-06,Annual,True,Active,False,,14
3480,3480,3,2024-02-01,2024-03-01,Monthly,True,Active,False,,29
3481,3481,5,2025-12-12,2026-12-12,Annual,True,Active,False,,7
3482,3482,2,2024-09-28,2024-10-28,Monthly,True,Active,False,,22
3483,3483,2,2025-12-17,2026-01-17,Monthly,True,Active,False,,7
3484,3484,5,2025-09-12,2026-07-27,Annual,True,Cancelled,True,2026-07-27,10
3485,3485,4,2025-01-14,2025-02-14,Monthly,True,Active,False,,18
3486,3486,2,2025-03-26,2025-04-26,Monthly,True,Active,False,,16
3487,3487,3,2025-01-24,2025-02-24,Monthly,True,Active,False,,18
3488,3488,4,2025-12-08,2026-01-08,Monthly,True,Active,False,,7
3489,3489,6,2024-10-31,2025-07-10,Annual,True,Cancelled,True,2025-07-10,21
3490,3490,4,2024-12-18,2025-01-18,Monthly,True,Active,False,,19
3491,3491,6,2024-03-29,2025-03-29,Annual,True,Active,False,,28
3492,3492,6,2025-08-22,2026-08-22,Annual,True,Active,False,,11
3493,3493,5,2024-06-20,2025-06-20,Annual,True,Active,False,,25
3494,3494,3,2024-08-18,2024-09-18,Monthly,False,Active,False,,23
3495,3495,2,2025-03-12,2025-08-14,Monthly,False,Expired,True,2025-08-14,16
3496,3496,4,2024-06-21,2024-07-21,Monthly,True,Active,False,,25
3497,3497,2,2025-03-01,2025-04-01,Monthly,True,Active,False,,16
3498,3498,2,2025-10-31,2026-04-22,Monthly,True,Cancelled,True,2026-04-22,9
3499,3499,5,2024-12-18,2025-12-18,Annual,False,Active,False,,19
3500,3500,1,2025-03-29,2025-04-29,Monthly,True,Active,False,,16
3501,3501,5,2024-08-10,2025-08-10,Annual,True,Active,False,,23
3502,3502,6,2024-04-19,2025-04-19,Annual,True,Active,False,,27
3503,3503,4,2025-12-21,2026-01-21,Monthly,True,Active,False,,7
3504,3504,5,2024-02-01,2025-02-01,Annual,True,Active,False,,29
3505,3505,2,2025-06-16,2025-07-16,Monthly,True,Active,False,,13
3506,3506,2,2025-04-17,2025-05-17,Monthly,True,Active,False,,15
3507,3507,5,2025-10-30,2026-10-30,Annual,True,Active,False,,9
3508,3508,3,2024-08-16,2024-09-16,Monthly,True,Active,False,,23
3509,3509,2,2024-04-01,2024-05-01,Monthly,True,Active,False,,27
3510,3510,4,2025-03-18,2025-04-18,Monthly,True,Active,False,,16
3511,3511,5,2025-05-18,2026-05-18,Annual,False,Active,False,,14
3512,3512,6,2025-06-23,2026-06-23,Annual,True,Active,False,,13
3513,3513,5,2024-07-21,2025-07-21,Annual,True,Active,False,,24
3514,3514,2,2025-12-28,2026-01-28,Monthly,True,Active,False,,7
3515,3515,5,2025-07-03,2026-07-03,Annual,True,Active,False,,12
3516,3516,3,2025-06-05,2025-07-05,Monthly,True,Active,False,,13
3517,3517,2,2025-04-13,2025-05-13,Monthly,True,Active,False,,15
3518,3518,3,2024-05-25,2024-06-25,Monthly,True,Active,False,,26
3519,3519,5,2025-06-03,2026-06-03,Annual,True,Active,False,,13
3520,3520,2,2024-12-16,2025-01-16,Monthly,True,Active,False,,19
3521,3521,3,2024-03-26,2024-08-22,Monthly,False,Expired,True,2024-08-22,28
3522,3522,1,2025-06-17,2025-07-17,Monthly,True,Active,False,,13
3523,3523,2,2025-09-03,2025-10-03,Monthly,True,Active,False,,10
3524,3524,5,2025-10-22,2026-10-22,Annual,True,Active,False,,9
3525,3525,2,2024-09-27,2024-10-27,Monthly,True,Active,False,,22
3526,3526,1,2024-04-19,2024-05-19,Monthly,True,Active,False,,27
3527,3527,5,2024-09-16,2025-09-16,Annual,True,Active,False,,22
3528,3528,4,2025-05-20,2025-06-20,Monthly,True,Active,False,,14
3529,3529,2,2024-06-30,2024-07-30,Monthly,True,Active,False,,25
3530,3530,4,2025-02-25,2025-03-25,Monthly,True,Active,False,,17
3531,3531,3,2025-07-11,2025-08-11,Monthly,True,Active,False,,12
3532,3532,6,2025-08-02,2026-08-02,Annual,True,Active,False,,11
3533,3533,4,2024-10-27,2024-11-27,Monthly,True,Active,False,,21
3534,3534,5,2025-12-01,2026-12-01,Annual,True,Active,False,,7
3535,3535,5,2024-08-05,2025-08-05,Annual,True,Active,False,,23
3536,3536,3,2024-09-22,2024-10-22,Monthly,True,Active,False,,22
3537,3537,3,2025-10-06,2025-11-06,Monthly,True,Active,False,,9
3538,3538,3,2025-04-18,2025-05-18,Monthly,True,Active,False,,15
3539,3539,3,2024-07-18,2024-08-18,Monthly,True,Active,False,,24
3540,3540,2,2025-01-10,2025-03-13,Monthly,True,Cancelled,True,2025-03-13,18
3541,3541,5,2025-02-04,2026-02-04,Annual,True,Active,False,,17
3542,3542,2,2026-01-15,2026-05-19,Monthly,True,Cancelled,True,2026-05-19,6
3543,3543,2,2024-07-29,2024-08-29,Monthly,True,Active,False,,24
3544,3544,5,2025-04-11,2026-04-11,Annual,True,Active,False,,15
3545,3545,5,2024-12-04,2025-12-04,Annual,True,Active,False,,19
3546,3546,5,2024-07-24,2025-07-24,Annual,True,Active,False,,24
3547,3547,5,2025-02-25,2026-02-25,Annual,True,Active,False,,17
3548,3548,6,2025-06-01,2026-06-01,Annual,True,Active,False,,13
3549,3549,5,2025-11-08,2026-11-08,Annual,True,Active,False,,8
3550,3550,2,2024-04-04,2024-07-30,Monthly,True,Cancelled,True,2024-07-30,27
3551,3551,2,2025-04-08,2025-05-08,Monthly,True,Active,False,,15
3552,3552,2,2025-06-06,2025-07-06,Monthly,True,Active,False,,13
3553,3553,5,2024-11-08,2025-11-08,Annual,True,Active,False,,20
3554,3554,5,2025-02-22,2026-02-22,Annual,True,Active,False,,17
3555,3555,5,2025-12-20,2026-12-20,Annual,True,Active,False,,7
3556,3556,4,2024-05-02,2024-06-02,Monthly,True,Active,False,,26
3557,3557,6,2024-08-15,2025-08-15,Annual,True,Active,False,,23
3558,3558,6,2025-01-24,2026-01-24,Annual,True,Active,False,,18
3559,3559,4,2024-08-30,2024-09-30,Monthly,True,Active,False,,23
3560,3560,4,2026-01-07,2026-02-07,Monthly,True,Active,False,,6
3561,3561,6,2025-10-14,2026-10-14,Annual,True,Active,False,,9
3562,3562,5,2025-08-07,2026-08-07,Annual,True,Active,False,,11
3563,3563,2,2025-09-04,2025-10-04,Monthly,True,Active,False,,10
3564,3564,5,2024-04-10,2025-04-10,Annual,True,Active,False,,27
3565,3565,2,2024-04-25,2024-05-25,Monthly,True,Active,False,,27
3566,3566,3,2024-07-20,2024-08-20,Monthly,True,Active,False,,24
3567,3567,2,2024-10-13,2024-11-13,Monthly,True,Active,False,,21
3568,3568,5,2025-09-12,2026-09-12,Annual,True,Active,False,,10
3569,3569,5,2025-06-08,2026-06-08,Annual,True,Active,False,,13
3570,3570,4,2025-12-27,2026-01-27,Monthly,False,Active,False,,7
3571,3571,6,2024-02-03,2025-02-03,Annual,True,Active,False,,29
3572,3572,3,2024-07-30,2024-08-30,Monthly,True,Active,False,,24
3573,3573,1,2024-10-12,2024-11-12,Monthly,True,Active,False,,21
3574,3574,3,2025-01-16,2025-02-16,Monthly,True,Active,False,,18
3575,3575,2,2025-04-27,2025-05-27,Monthly,True,Active,False,,15
3576,3576,3,2024-02-13,2024-03-13,Monthly,True,Active,False,,29
3577,3577,4,2025-07-03,2025-08-03,Monthly,True,Active,False,,12
3578,3578,5,2024-06-28,2025-06-28,Annual,True,Active,False,,25
3579,3579,2,2025-05-16,2025-06-16,Monthly,True,Active,False,,14
3580,3580,5,2025-12-29,2026-12-29,Annual,True,Active,False,,7
3581,3581,4,2024-07-14,2024-08-14,Monthly,True,Active,False,,24
3582,3582,5,2025-02-08,2026-02-08,Annual,True,Active,False,,17
3583,3583,1,2024-10-30,2024-11-30,Monthly,True,Active,False,,21
3584,3584,5,2025-02-27,2026-02-27,Annual,False,Active,False,,17
3585,3585,2,2025-08-29,2025-09-29,Monthly,True,Active,False,,11
3586,3586,1,2025-08-19,2025-09-19,Monthly,True,Active,False,,11
3587,3587,4,2024-05-05,2024-06-05,Monthly,True,Active,False,,26
3588,3588,2,2024-09-17,2024-10-17,Monthly,True,Active,False,,22
3589,3589,5,2025-05-12,2026-05-12,Annual,True,Active,False,,14
3590,3590,3,2025-02-15,2025-03-15,Monthly,True,Active,False,,17
3591,3591,3,2024-11-05,2024-12-05,Monthly,True,Active,False,,20
3592,3592,5,2024-06-24,2025-06-24,Annual,True,Active,False,,25
3593,3593,6,2026-01-08,2027-01-08,Annual,False,Active,False,,6
3594,3594,6,2025-11-30,2026-11-30,Annual,True,Active,False,,8
3595,3595,3,2025-10-20,2025-11-20,Monthly,True,Active,False,,9
3596,3596,2,2025-11-10,2025-12-10,Monthly,True,Active,False,,8
3597,3597,3,2025-08-01,2025-09-01,Monthly,True,Active,False,,11
3598,3598,6,2024-06-04,2025-06-04,Annual,True,Active,False,,25
3599,3599,2,2025-09-06,2025-10-26,Monthly,True,Cancelled,True,2025-10-26,10
3600,3600,5,2025-04-08,2026-04-08,Annual,True,Active,False,,15
3601,3601,5,2025-03-09,2026-03-09,Annual,True,Active,False,,16
3602,3602,4,2025-06-30,2025-11-16,Monthly,False,Expired,True,2025-11-16,13
3603,3603,2,2025-11-08,2025-12-08,Monthly,True,Active,False,,8
3604,3604,2,2024-02-13,2024-03-13,Monthly,True,Active,False,,29
3605,3605,6,2025-01-20,2026-01-20,Annual,False,Active,False,,18
3606,3606,3,2024-12-13,2025-01-13,Monthly,True,Active,False,,19
3607,3607,2,2024-06-17,2024-07-17,Monthly,True,Active,False,,25
3608,3608,5,2024-04-10,2025-04-10,Annual,True,Active,False,,27
3609,3609,5,2024-09-13,2025-09-13,Annual,True,Active,False,,22
3610,3610,2,2024-08-23,2024-09-23,Monthly,True,Active,False,,23
3611,3611,5,2024-08-05,2025-08-05,Annual,True,Active,False,,23
3612,3612,5,2025-04-26,2026-04-26,Annual,True,Active,False,,15
3613,3613,5,2026-01-01,2027-01-01,Annual,True,Active,False,,6
3614,3614,2,2024-05-14,2024-06-14,Monthly,True,Active,False,,26
3615,3615,3,2025-11-26,2025-12-26,Monthly,False,Active,False,,8
3616,3616,5,2025-06-30,2026-06-30,Annual,True,Active,False,,13
3617,3617,3,2024-11-25,2024-12-25,Monthly,True,Active,False,,20
3618,3618,1,2024-03-22,2024-04-22,Monthly,True,Active,False,,28
3619,3619,4,2025-09-24,2025-10-24,Monthly,True,Active,False,,10
3620,3620,4,2025-06-22,2025-07-22,Monthly,True,Active,False,,13
3621,3621,2,2025-01-30,2025-02-28,Monthly,True,Active,False,,18
3622,3622,2,2025-12-18,2026-02-03,Monthly,True,Cancelled,True,2026-02-03,7
3623,3623,5,2024-11-23,2025-11-23,Annual,True,Active,False,,20
3624,3624,5,2024-10-03,2025-10-03,Annual,True,Active,False,,21
3625,3625,5,2025-05-01,2026-05-01,Annual,True,Active,False,,14
3626,3626,5,2024-12-05,2025-12-05,Annual,True,Active,False,,19
3627,3627,4,2024-12-13,2025-02-23,Monthly,False,Cancelled,True,2025-02-23,19
3628,3628,6,2025-05-11,2026-05-11,Annual,True,Active,False,,14
3629,3629,6,2024-04-26,2025-04-26,Annual,True,Active,False,,27
3630,3630,2,2025-10-23,2025-11-23,Monthly,False,Active,False,,9
3631,3631,2,2025-06-14,2025-07-14,Monthly,True,Active,False,,13
3632,3632,3,2024-10-30,2024-11-30,Monthly,True,Active,False,,21
3633,3633,3,2025-01-14,2025-02-14,Monthly,True,Active,False,,18
3634,3634,5,2024-04-12,2025-04-12,Annual,True,Active,False,,27
3635,3635,6,2025-08-07,2026-08-07,Annual,True,Active,False,,11
3636,3636,1,2024-09-15,2024-10-15,Monthly,True,Active,False,,22
3637,3637,6,2024-11-17,2025-11-17,Annual,True,Active,False,,20
3638,3638,2,2024-05-11,2024-06-11,Monthly,True,Active,False,,26
3639,3639,3,2025-06-22,2025-07-22,Monthly,True,Active,False,,13
3640,3640,5,2025-08-17,2026-08-17,Annual,True,Active,False,,11
3641,3641,5,2024-03-29,2025-03-29,Annual,True,Active,False,,28
3642,3642,4,2025-04-07,2025-05-07,Monthly,True,Active,False,,15
3643,3643,6,2025-12-12,2026-12-12,Annual,True,Active,False,,7
3644,3644,5,2025-05-27,2026-05-27,Annual,True,Active,False,,14
3645,3645,6,2025-04-03,2026-04-03,Annual,True,Active,False,,15
3646,3646,1,2024-03-10,2024-04-10,Monthly,False,Active,False,,28
3647,3647,2,2024-07-23,2024-08-23,Monthly,True,Active,False,,24
3648,3648,3,2025-07-01,2025-08-01,Monthly,True,Active,False,,12
3649,3649,5,2024-08-16,2025-08-16,Annual,True,Active,False,,23
3650,3650,5,2025-06-15,2026-06-15,Annual,True,Active,False,,13
3651,3651,6,2024-03-16,2025-03-16,Annual,True,Active,False,,28
3652,3652,2,2024-02-02,2024-03-02,Monthly,True,Active,False,,29
3653,3653,2,2024-11-30,2024-12-30,Monthly,True,Active,False,,20
3654,3654,4,2024-10-04,2024-11-04,Monthly,True,Active,False,,21
3655,3655,5,2025-03-19,2026-03-19,Annual,True,Active,False,,16
3656,3656,2,2024-08-20,2024-09-20,Monthly,True,Active,False,,23
3657,3657,1,2025-12-23,2026-01-23,Monthly,True,Active,False,,7
3658,3658,1,2024-09-04,2024-10-04,Monthly,True,Active,False,,22
3659,3659,5,2024-04-07,2025-04-07,Annual,True,Active,False,,27
3660,3660,4,2025-08-20,2025-09-20,Monthly,True,Active,False,,11
3661,3661,5,2024-05-22,2025-05-22,Annual,True,Active,False,,26
3662,3662,5,2024-10-01,2025-10-01,Annual,True,Active,False,,21
3663,3663,5,2024-05-08,2025-05-08,Annual,True,Active,False,,26
3664,3664,5,2024-02-13,2025-02-13,Annual,True,Active,False,,29
3665,3665,6,2025-02-18,2026-02-18,Annual,True,Active,False,,17
3666,3666,1,2025-05-19,2025-06-19,Monthly,True,Active,False,,14
3667,3667,4,2025-01-26,2025-02-26,Monthly,True,Active,False,,18
3668,3668,3,2025-05-22,2025-06-22,Monthly,True,Active,False,,14
3669,3669,5,2024-01-23,2025-01-23,Annual,True,Active,False,,30
3670,3670,2,2024-11-18,2024-12-18,Monthly,True,Active,False,,20
3671,3671,2,2025-02-06,2025-03-06,Monthly,True,Active,False,,17
3672,3672,5,2024-03-12,2025-03-12,Annual,True,Active,False,,28
3673,3673,6,2024-02-20,2025-02-20,Annual,True,Active,False,,29
3674,3674,6,2024-05-24,2025-05-24,Annual,True,Active,False,,26
3675,3675,2,2024-12-07,2025-01-07,Monthly,True,Active,False,,19
3676,3676,4,2025-02-21,2025-03-21,Monthly,False,Active,False,,17
3677,3677,3,2024-09-04,2025-02-26,Monthly,True,Cancelled,True,2025-02-26,22
3678,3678,2,2025-05-10,2025-06-10,Monthly,True,Active,False,,14
3679,3679,3,2025-10-15,2025-11-15,Monthly,True,Active,False,,9
3680,3680,3,2024-08-18,2024-09-18,Monthly,True,Active,False,,23
3681,3681,6,2024-02-29,2024-11-11,Annual,True,Cancelled,True,2024-11-11,29
3682,3682,2,2024-06-03,2024-07-03,Monthly,True,Active,False,,25
3683,3683,2,2024-03-01,2024-07-31,Monthly,True,Cancelled,True,2024-07-31,28
3684,3684,2,2025-02-22,2025-03-22,Monthly,True,Active,False,,17
3685,3685,3,2024-03-22,2024-04-22,Monthly,True,Active,False,,28
3686,3686,6,2025-04-20,2026-04-20,Annual,True,Active,False,,15
3687,3687,4,2026-01-12,2026-07-11,Monthly,True,Cancelled,True,2026-07-11,6
3688,3688,2,2024-03-06,2024-04-06,Monthly,True,Active,False,,28
3689,3689,5,2024-06-05,2025-06-05,Annual,True,Active,False,,25
3690,3690,4,2024-08-19,2024-12-14,Monthly,True,Cancelled,True,2024-12-14,23
3691,3691,3,2025-11-09,2025-12-09,Monthly,True,Active,False,,8
3692,3692,2,2024-11-19,2024-12-19,Monthly,True,Active,False,,20
3693,3693,5,2024-03-26,2025-03-26,Annual,True,Active,False,,28
3694,3694,3,2024-09-19,2024-10-19,Monthly,True,Active,False,,22
3695,3695,5,2025-03-03,2025-11-30,Annual,False,Expired,True,2025-11-30,16
3696,3696,5,2025-05-20,2026-05-20,Annual,True,Active,False,,14
3697,3697,2,2024-07-28,2024-08-28,Monthly,True,Active,False,,24
3698,3698,3,2025-01-30,2025-02-28,Monthly,True,Active,False,,18
3699,3699,4,2024-02-23,2024-03-23,Monthly,True,Active,False,,29
3700,3700,5,2025-04-07,2026-04-07,Annual,True,Active,False,,15
3701,3701,5,2024-06-03,2025-06-03,Annual,True,Active,False,,25
3702,3702,2,2024-06-22,2024-07-22,Monthly,True,Active,False,,25
3703,3703,5,2025-04-29,2026-04-29,Annual,True,Active,False,,15
3704,3704,2,2024-11-14,2024-12-14,Monthly,True,Active,False,,20
3705,3705,2,2024-08-22,2024-09-22,Monthly,True,Active,False,,23
3706,3706,3,2025-09-15,2025-10-15,Monthly,True,Active,False,,10
3707,3707,4,2024-08-29,2024-09-29,Monthly,True,Active,False,,23
3708,3708,3,2025-11-16,2025-12-16,Monthly,True,Active,False,,8
3709,3709,6,2025-05-29,2026-05-29,Annual,True,Active,False,,14
3710,3710,4,2024-12-20,2025-01-20,Monthly,True,Active,False,,19
3711,3711,2,2024-08-31,2024-09-30,Monthly,True,Active,False,,23
3712,3712,3,2025-10-29,2025-11-29,Monthly,True,Active,False,,9
3713,3713,2,2024-09-05,2024-10-05,Monthly,True,Active,False,,22
3714,3714,3,2025-09-17,2025-10-17,Monthly,True,Active,False,,10
3715,3715,1,2024-10-14,2024-11-14,Monthly,True,Active,False,,21
3716,3716,6,2024-05-30,2025-05-30,Annual,True,Active,False,,26
3717,3717,5,2024-02-23,2025-02-23,Annual,False,Active,False,,29
3718,3718,4,2025-03-15,2025-04-24,Monthly,False,Expired,True,2025-04-24,16
3719,3719,5,2025-02-26,2026-02-26,Annual,True,Active,False,,17
3720,3720,6,2025-10-31,2026-10-31,Annual,True,Active,False,,9
3721,3721,1,2024-04-08,2024-05-08,Monthly,True,Active,False,,27
3722,3722,1,2025-12-29,2026-01-29,Monthly,True,Active,False,,7
3723,3723,4,2024-10-30,2024-11-30,Monthly,True,Active,False,,21
3724,3724,2,2024-03-05,2024-04-05,Monthly,True,Active,False,,28
3725,3725,3,2025-04-03,2025-05-03,Monthly,True,Active,False,,15
3726,3726,4,2024-07-02,2024-08-02,Monthly,True,Active,False,,24
3727,3727,4,2025-07-02,2025-08-02,Monthly,True,Active,False,,12
3728,3728,4,2025-04-17,2025-05-23,Monthly,False,Cancelled,True,2025-05-23,15
3729,3729,5,2025-12-17,2026-12-17,Annual,True,Active,False,,7
3730,3730,6,2024-10-06,2025-10-06,Annual,True,Active,False,,21
3731,3731,5,2024-05-18,2025-05-18,Annual,True,Active,False,,26
3732,3732,2,2024-03-23,2024-04-23,Monthly,True,Active,False,,28
3733,3733,5,2024-06-30,2025-06-30,Annual,True,Active,False,,25
3734,3734,6,2025-09-28,2026-09-28,Annual,True,Active,False,,10
3735,3735,5,2025-07-03,2026-07-03,Annual,True,Active,False,,12
3736,3736,2,2024-05-01,2024-06-01,Monthly,True,Active,False,,26
3737,3737,6,2025-06-19,2026-06-19,Annual,True,Active,False,,13
3738,3738,5,2024-03-01,2025-03-01,Annual,True,Active,False,,28
3739,3739,5,2025-04-18,2026-04-18,Annual,True,Active,False,,15
3740,3740,2,2025-02-14,2025-03-14,Monthly,True,Active,False,,17
3741,3741,3,2024-05-11,2024-06-11,Monthly,True,Active,False,,26
3742,3742,2,2025-07-23,2025-08-23,Monthly,True,Active,False,,12
3743,3743,2,2025-03-11,2025-04-11,Monthly,False,Active,False,,16
3744,3744,5,2025-04-04,2025-12-31,Annual,True,Cancelled,True,2025-12-31,15
3745,3745,4,2024-08-15,2024-09-15,Monthly,True,Active,False,,23
3746,3746,6,2024-06-19,2025-06-19,Annual,True,Active,False,,25
3747,3747,3,2024-05-31,2024-06-30,Monthly,True,Active,False,,26
3748,3748,2,2025-10-11,2025-11-11,Monthly,True,Active,False,,9
3749,3749,5,2025-12-03,2026-12-03,Annual,True,Active,False,,7
3750,3750,5,2025-02-03,2026-02-03,Annual,True,Active,False,,17
3751,3751,3,2024-10-18,2024-11-18,Monthly,True,Active,False,,21
3752,3752,1,2024-04-23,2024-05-23,Monthly,True,Active,False,,27
3753,3753,1,2025-05-11,2025-06-11,Monthly,True,Active,False,,14
3754,3754,2,2024-10-03,2024-11-03,Monthly,True,Active,False,,21
3755,3755,6,2024-11-30,2025-11-30,Annual,True,Active,False,,20
3756,3756,2,2025-08-16,2025-09-16,Monthly,True,Active,False,,11
3757,3757,2,2024-07-16,2024-08-16,Monthly,True,Active,False,,24
3758,3758,2,2024-11-14,2024-12-14,Monthly,True,Active,False,,20
3759,3759,5,2025-10-22,2026-10-22,Annual,True,Active,False,,9
3760,3760,6,2025-12-14,2026-12-14,Annual,True,Active,False,,7
3761,3761,5,2024-06-04,2025-06-04,Annual,True,Active,False,,25
3762,3762,6,2025-09-17,2026-09-17,Annual,True,Active,False,,10
3763,3763,2,2025-05-11,2025-06-11,Monthly,True,Active,False,,14
3764,3764,3,2025-06-27,2025-07-27,Monthly,True,Active,False,,13
3765,3765,5,2025-09-14,2026-09-14,Annual,True,Active,False,,10
3766,3766,6,2025-09-05,2026-09-05,Annual,True,Active,False,,10
3767,3767,3,2025-11-11,2025-12-11,Monthly,True,Active,False,,8
3768,3768,5,2024-08-10,2025-08-10,Annual,True,Active,False,,23
3769,3769,4,2025-10-17,2025-11-17,Monthly,False,Active,False,,9
3770,3770,2,2025-03-09,2025-04-09,Monthly,True,Active,False,,16
3771,3771,5,2025-08-21,2026-08-21,Annual,True,Active,False,,11
3772,3772,3,2025-05-24,2025-06-24,Monthly,True,Active,False,,14
3773,3773,4,2024-11-30,2024-12-30,Monthly,True,Active,False,,20
3774,3774,5,2025-04-25,2026-04-25,Annual,True,Active,False,,15
3775,3775,5,2025-11-28,2026-11-28,Annual,True,Active,False,,8
3776,3776,2,2025-07-27,2025-11-04,Monthly,False,Cancelled,True,2025-11-04,12
3777,3777,1,2025-08-14,2025-09-14,Monthly,True,Active,False,,11
3778,3778,5,2024-02-29,2025-02-28,Annual,True,Active,False,,29
3779,3779,3,2026-01-02,2026-02-02,Monthly,True,Active,False,,6
3780,3780,6,2025-01-16,2026-01-16,Annual,True,Active,False,,18
3781,3781,5,2024-07-24,2025-07-24,Annual,True,Active,False,,24
3782,3782,5,2025-09-26,2026-06-16,Annual,True,Cancelled,True,2026-06-16,10
3783,3783,5,2024-08-21,2025-08-21,Annual,True,Active,False,,23
3784,3784,4,2025-02-05,2025-03-05,Monthly,True,Active,False,,17
3785,3785,2,2024-08-23,2024-09-23,Monthly,True,Active,False,,23
3786,3786,3,2025-06-22,2025-07-22,Monthly,True,Active,False,,13
3787,3787,1,2025-08-26,2025-09-26,Monthly,False,Active,False,,11
3788,3788,5,2024-11-17,2025-11-17,Annual,True,Active,False,,20
3789,3789,2,2025-05-07,2025-06-07,Monthly,True,Active,False,,14
3790,3790,2,2024-08-31,2024-09-30,Monthly,False,Active,False,,23
3791,3791,2,2024-11-18,2024-12-18,Monthly,True,Active,False,,20
3792,3792,4,2024-10-25,2024-11-25,Monthly,True,Active,False,,21
3793,3793,5,2025-03-26,2026-03-26,Annual,True,Active,False,,16
3794,3794,5,2025-12-21,2026-12-21,Annual,True,Active,False,,7
3795,3795,2,2025-08-29,2025-09-29,Monthly,False,Active,False,,11
3796,3796,5,2024-05-11,2025-05-11,Annual,True,Active,False,,26
3797,3797,5,2025-08-25,2026-08-25,Annual,True,Active,False,,11
3798,3798,1,2024-06-27,2024-07-27,Monthly,True,Active,False,,25
3799,3799,3,2025-08-14,2025-09-14,Monthly,True,Active,False,,11
3800,3800,2,2024-02-15,2024-05-27,Monthly,True,Cancelled,True,2024-05-27,29
3801,3801,5,2025-07-23,2026-07-23,Annual,True,Active,False,,12
3802,3802,5,2024-04-24,2025-04-24,Annual,True,Active,False,,27
3803,3803,4,2024-05-14,2024-06-14,Monthly,True,Active,False,,26
3804,3804,5,2024-08-14,2025-08-14,Annual,False,Active,False,,23
3805,3805,2,2025-07-06,2025-08-06,Monthly,True,Active,False,,12
3806,3806,3,2024-05-03,2024-06-03,Monthly,True,Active,False,,26
3807,3807,5,2025-09-12,2026-09-12,Annual,True,Active,False,,10
3808,3808,3,2025-11-19,2025-12-19,Monthly,True,Active,False,,8
3809,3809,3,2025-11-11,2025-12-11,Monthly,True,Active,False,,8
3810,3810,3,2025-06-29,2025-07-29,Monthly,True,Active,False,,13
3811,3811,3,2024-12-06,2025-01-06,Monthly,True,Active,False,,19
3812,3812,5,2025-01-30,2026-01-30,Annual,True,Active,False,,18
3813,3813,5,2026-01-06,2027-01-06,Annual,True,Active,False,,6
3814,3814,4,2025-05-21,2025-06-21,Monthly,True,Active,False,,14
3815,3815,2,2024-04-06,2024-05-06,Monthly,True,Active,False,,27
3816,3816,2,2024-03-18,2024-04-18,Monthly,False,Active,False,,28
3817,3817,2,2024-09-16,2024-10-16,Monthly,True,Active,False,,22
3818,3818,2,2025-10-19,2025-11-19,Monthly,True,Active,False,,9
3819,3819,3,2024-05-24,2024-09-27,Monthly,False,Cancelled,True,2024-09-27,26
3820,3820,5,2024-05-06,2025-05-06,Annual,True,Active,False,,26
3821,3821,3,2024-01-29,2024-02-29,Monthly,True,Active,False,,30
3822,3822,5,2025-02-07,2026-02-07,Annual,True,Active,False,,17
3823,3823,3,2024-11-13,2024-12-13,Monthly,True,Active,False,,20
3824,3824,5,2025-08-02,2026-08-02,Annual,True,Active,False,,11
3825,3825,3,2025-12-18,2026-01-18,Monthly,True,Active,False,,7
3826,3826,4,2025-06-22,2025-07-22,Monthly,True,Active,False,,13
3827,3827,2,2024-08-28,2024-09-28,Monthly,True,Active,False,,23
3828,3828,2,2026-01-12,2026-02-12,Monthly,True,Active,False,,6
3829,3829,2,2025-05-02,2025-06-02,Monthly,True,Active,False,,14
3830,3830,2,2024-05-20,2024-06-20,Monthly,True,Active,False,,26
3831,3831,4,2024-05-04,2024-06-04,Monthly,True,Active,False,,26
3832,3832,5,2024-07-14,2025-07-14,Annual,True,Active,False,,24
3833,3833,5,2025-09-06,2026-09-06,Annual,True,Active,False,,10
3834,3834,2,2024-04-22,2024-05-22,Monthly,True,Active,False,,27
3835,3835,2,2024-09-24,2024-10-24,Monthly,True,Active,False,,22
3836,3836,6,2024-08-25,2025-08-25,Annual,True,Active,False,,23
3837,3837,5,2024-02-12,2025-02-12,Annual,True,Active,False,,29
3838,3838,5,2025-02-13,2026-02-13,Annual,True,Active,False,,17
3839,3839,3,2025-06-09,2025-07-09,Monthly,True,Active,False,,13
3840,3840,2,2025-07-06,2025-08-06,Monthly,True,Active,False,,12
3841,3841,2,2024-02-04,2024-03-04,Monthly,True,Active,False,,29
3842,3842,6,2025-08-21,2026-08-21,Annual,True,Active,False,,11
3843,3843,5,2025-12-23,2026-12-23,Annual,True,Active,False,,7
3844,3844,2,2025-11-30,2025-12-30,Monthly,True,Active,False,,8
3845,3845,2,2025-04-19,2025-05-19,Monthly,True,Active,False,,15
3846,3846,5,2024-10-03,2025-10-03,Annual,True,Active,False,,21
3847,3847,2,2024-07-22,2024-08-22,Monthly,False,Active,False,,24
3848,3848,2,2025-04-25,2025-05-25,Monthly,True,Active,False,,15
3849,3849,4,2025-05-13,2025-06-13,Monthly,True,Active,False,,14
3850,3850,5,2025-04-25,2026-04-25,Annual,True,Active,False,,15
3851,3851,3,2024-11-04,2024-12-04,Monthly,True,Active,False,,20
3852,3852,2,2025-01-20,2025-07-07,Monthly,False,Cancelled,True,2025-07-07,18
3853,3853,4,2025-05-02,2025-08-27,Monthly,False,Expired,True,2025-08-27,14
3854,3854,3,2025-03-09,2025-04-09,Monthly,True,Active,False,,16
3855,3855,5,2024-03-30,2025-03-30,Annual,True,Active,False,,28
3856,3856,3,2025-06-29,2025-07-29,Monthly,True,Active,False,,13
3857,3857,5,2025-02-08,2026-02-08,Annual,True,Active,False,,17
3858,3858,5,2024-11-02,2025-11-02,Annual,True,Active,False,,20
3859,3859,5,2024-09-23,2025-09-23,Annual,True,Active,False,,22
3860,3860,6,2025-02-13,2026-02-13,Annual,True,Active,False,,17
3861,3861,1,2025-08-31,2025-09-30,Monthly,True,Active,False,,11
3862,3862,2,2024-03-05,2024-08-09,Monthly,False,Expired,True,2024-08-09,28
3863,3863,4,2025-12-23,2026-05-10,Monthly,False,Cancelled,True,2026-05-10,7
3864,3864,2,2025-02-20,2025-03-20,Monthly,True,Active,False,,17
3865,3865,5,2026-01-14,2027-01-14,Annual,True,Active,False,,6
3866,3866,5,2024-09-13,2025-07-31,Annual,False,Cancelled,True,2025-07-31,22
3867,3867,3,2024-04-09,2024-08-09,Monthly,False,Cancelled,True,2024-08-09,27
3868,3868,5,2024-08-19,2025-08-19,Annual,True,Active,False,,23
3869,3869,5,2025-01-27,2026-01-27,Annual,True,Active,False,,18
3870,3870,3,2024-02-10,2024-03-10,Monthly,True,Active,False,,29
3871,3871,5,2025-11-09,2026-11-09,Annual,True,Active,False,,8
3872,3872,4,2024-02-17,2024-03-17,Monthly,True,Active,False,,29
3873,3873,3,2024-12-16,2025-01-16,Monthly,True,Active,False,,19
3874,3874,3,2024-07-15,2024-10-13,Monthly,True,Cancelled,True,2024-10-13,24
3875,3875,5,2025-09-28,2026-06-20,Annual,True,Cancelled,True,2026-06-20,10
3876,3876,3,2025-11-26,2025-12-26,Monthly,True,Active,False,,8
3877,3877,5,2025-04-08,2026-04-08,Annual,True,Active,False,,15
3878,3878,2,2024-04-02,2024-05-02,Monthly,True,Active,False,,27
3879,3879,4,2025-12-10,2026-01-10,Monthly,True,Active,False,,7
3880,3880,5,2024-07-06,2025-07-06,Annual,True,Active,False,,24
3881,3881,6,2024-09-10,2025-09-10,Annual,True,Active,False,,22
3882,3882,6,2024-07-19,2025-07-19,Annual,True,Active,False,,24
3883,3883,4,2024-05-01,2024-06-01,Monthly,False,Active,False,,26
3884,3884,2,2025-05-02,2025-06-02,Monthly,True,Active,False,,14
3885,3885,4,2024-12-12,2025-01-12,Monthly,False,Active,False,,19
3886,3886,2,2025-07-22,2025-08-22,Monthly,True,Active,False,,12
3887,3887,2,2025-08-29,2025-09-29,Monthly,True,Active,False,,11
3888,3888,6,2025-01-25,2026-01-25,Annual,True,Active,False,,18
3889,3889,2,2024-06-13,2024-07-13,Monthly,True,Active,False,,25
3890,3890,2,2025-02-23,2025-03-23,Monthly,True,Active,False,,17
3891,3891,2,2024-05-30,2024-06-30,Monthly,True,Active,False,,26
3892,3892,4,2025-08-15,2025-09-15,Monthly,True,Active,False,,11
3893,3893,5,2026-01-05,2027-01-05,Annual,True,Active,False,,6
3894,3894,5,2024-01-06,2025-01-06,Annual,True,Active,False,,30
3895,3895,4,2024-09-05,2024-10-05,Monthly,False,Active,False,,22
3896,3896,2,2025-10-29,2026-04-16,Monthly,False,Cancelled,True,2026-04-16,9
3897,3897,5,2024-04-28,2024-11-27,Annual,True,Cancelled,True,2024-11-27,27
3898,3898,5,2025-10-10,2026-10-10,Annual,True,Active,False,,9
3899,3899,6,2024-02-15,2024-08-17,Annual,True,Cancelled,True,2024-08-17,29
3900,3900,2,2024-04-04,2024-05-04,Monthly,True,Active,False,,27
3901,3901,4,2025-01-05,2025-02-05,Monthly,True,Active,False,,18
3902,3902,5,2025-11-11,2026-11-11,Annual,True,Active,False,,8
3903,3903,5,2025-12-31,2026-07-02,Annual,True,Cancelled,True,2026-07-02,7
3904,3904,1,2025-03-28,2025-04-28,Monthly,True,Active,False,,16
3905,3905,2,2025-01-05,2025-02-05,Monthly,True,Active,False,,18
3906,3906,4,2024-01-25,2024-02-25,Monthly,True,Active,False,,30
3907,3907,5,2025-03-26,2026-03-26,Annual,True,Active,False,,16
3908,3908,3,2024-09-14,2024-10-14,Monthly,True,Active,False,,22
3909,3909,2,2024-03-26,2024-04-26,Monthly,True,Active,False,,28
3910,3910,3,2024-07-24,2024-08-24,Monthly,True,Active,False,,24
3911,3911,2,2025-03-11,2025-04-11,Monthly,True,Active,False,,16
3912,3912,4,2026-01-07,2026-02-07,Monthly,True,Active,False,,6
3913,3913,5,2024-01-31,2025-01-31,Annual,True,Active,False,,30
3914,3914,5,2024-05-11,2025-05-11,Annual,True,Active,False,,26
3915,3915,5,2025-04-12,2026-04-12,Annual,True,Active,False,,15
3916,3916,5,2025-05-21,2026-05-21,Annual,True,Active,False,,14
3917,3917,6,2025-11-12,2026-11-12,Annual,True,Active,False,,8
3918,3918,2,2024-02-19,2024-03-19,Monthly,False,Active,False,,29
3919,3919,6,2024-03-15,2025-03-15,Annual,True,Active,False,,28
3920,3920,2,2025-11-05,2025-12-05,Monthly,True,Active,False,,8
3921,3921,6,2025-05-27,2026-05-27,Annual,True,Active,False,,14
3922,3922,2,2025-12-16,2026-01-16,Monthly,True,Active,False,,7
3923,3923,4,2025-08-01,2025-10-04,Monthly,True,Cancelled,True,2025-10-04,11
3924,3924,1,2025-02-28,2025-05-13,Monthly,False,Cancelled,True,2025-05-13,17
3925,3925,5,2025-08-12,2026-08-12,Annual,False,Active,False,,11
3926,3926,4,2024-03-15,2024-04-15,Monthly,True,Active,False,,28
3927,3927,6,2025-05-16,2026-05-16,Annual,True,Active,False,,14
3928,3928,3,2025-08-11,2025-09-11,Monthly,True,Active,False,,11
3929,3929,5,2024-02-28,2025-02-28,Annual,True,Active,False,,29
3930,3930,1,2024-03-12,2024-04-12,Monthly,True,Active,False,,28
3931,3931,2,2025-06-23,2025-07-23,Monthly,True,Active,False,,13
3932,3932,3,2024-04-27,2024-05-27,Monthly,True,Active,False,,27
3933,3933,2,2025-12-31,2026-01-31,Monthly,True,Active,False,,7
3934,3934,3,2025-03-26,2025-04-26,Monthly,True,Active,False,,16
3935,3935,5,2024-08-18,2025-08-18,Annual,True,Active,False,,23
3936,3936,3,2025-02-03,2025-03-03,Monthly,True,Active,False,,17
3937,3937,5,2024-05-04,2025-05-04,Annual,True,Active,False,,26
3938,3938,4,2024-04-22,2024-05-22,Monthly,False,Active,False,,27
3939,3939,3,2024-08-13,2024-09-13,Monthly,True,Active,False,,23
3940,3940,3,2024-02-22,2024-03-22,Monthly,True,Active,False,,29
3941,3941,6,2025-08-29,2026-08-29,Annual,True,Active,False,,11
3942,3942,5,2024-09-22,2025-09-22,Annual,True,Active,False,,22
3943,3943,5,2025-10-11,2026-10-11,Annual,True,Active,False,,9
3944,3944,4,2024-12-31,2025-01-31,Monthly,True,Active,False,,19
3945,3945,2,2024-04-14,2024-05-14,Monthly,True,Active,False,,27
3946,3946,6,2025-03-01,2026-03-01,Annual,True,Active,False,,16
3947,3947,5,2025-11-04,2026-11-04,Annual,True,Active,False,,8
3948,3948,2,2025-03-30,2025-04-30,Monthly,False,Active,False,,16
3949,3949,5,2024-10-27,2025-10-27,Annual,True,Active,False,,21
3950,3950,4,2025-11-14,2025-12-14,Monthly,True,Active,False,,8
3951,3951,2,2025-08-31,2025-09-30,Monthly,True,Active,False,,11
3952,3952,5,2026-01-25,2027-01-25,Annual,True,Active,False,,6
3953,3953,5,2025-12-16,2026-12-16,Annual,True,Active,False,,7
3954,3954,4,2025-12-03,2026-01-03,Monthly,True,Active,False,,7
3955,3955,5,2025-04-05,2026-04-05,Annual,True,Active,False,,15
3956,3956,5,2025-03-02,2026-03-02,Annual,True,Active,False,,16
3957,3957,4,2024-02-18,2024-03-18,Monthly,True,Active,False,,29
3958,3958,5,2024-11-13,2025-11-13,Annual,True,Active,False,,20
3959,3959,4,2025-09-26,2025-10-26,Monthly,True,Active,False,,10
3960,3960,6,2025-05-06,2026-05-06,Annual,True,Active,False,,14
3961,3961,2,2024-05-24,2024-09-15,Monthly,False,Cancelled,True,2024-09-15,26
3962,3962,5,2025-04-07,2026-04-07,Annual,True,Active,False,,15
3963,3963,2,2025-12-10,2026-01-10,Monthly,True,Active,False,,7
3964,3964,6,2024-11-17,2025-11-17,Annual,True,Active,False,,20
3965,3965,1,2025-11-23,2025-12-23,Monthly,True,Active,False,,8
3966,3966,3,2024-04-04,2024-05-04,Monthly,True,Active,False,,27
3967,3967,6,2024-04-09,2025-04-09,Annual,True,Active,False,,27
3968,3968,3,2025-04-06,2025-07-02,Monthly,False,Cancelled,True,2025-07-02,15
3969,3969,1,2024-05-28,2024-06-28,Monthly,True,Active,False,,26
3970,3970,5,2024-10-15,2025-10-15,Annual,True,Active,False,,21
3971,3971,5,2025-11-10,2026-11-10,Annual,True,Active,False,,8
3972,3972,2,2024-01-21,2024-02-21,Monthly,True,Active,False,,30
3973,3973,5,2024-03-25,2025-03-25,Annual,True,Active,False,,28
3974,3974,5,2025-07-23,2026-07-23,Annual,True,Active,False,,12
3975,3975,5,2025-08-03,2026-08-03,Annual,True,Active,False,,11
3976,3976,2,2024-10-30,2024-11-30,Monthly,True,Active,False,,21
3977,3977,4,2024-10-30,2024-11-30,Monthly,True,Active,False,,21
3978,3978,2,2025-05-09,2025-06-09,Monthly,True,Active,False,,14
3979,3979,5,2024-08-06,2025-05-07,Annual,True,Cancelled,True,2025-05-07,23
3980,3980,2,2024-10-20,2024-11-20,Monthly,True,Active,False,,21
3981,3981,3,2025-03-07,2025-04-07,Monthly,True,Active,False,,16
3982,3982,2,2024-03-19,2024-04-19,Monthly,True,Active,False,,28
3983,3983,4,2024-09-21,2025-01-08,Monthly,False,Cancelled,True,2025-01-08,22
3984,3984,5,2025-04-03,2026-04-03,Annual,True,Active,False,,15
3985,3985,3,2025-06-18,2025-07-18,Monthly,True,Active,False,,13
3986,3986,3,2024-09-28,2024-10-28,Monthly,True,Active,False,,22
3987,3987,3,2025-09-02,2025-10-02,Monthly,True,Active,False,,10
3988,3988,2,2025-12-06,2026-01-06,Monthly,True,Active,False,,7
3989,3989,1,2025-02-02,2025-03-02,Monthly,True,Active,False,,17
3990,3990,6,2025-10-02,2026-10-02,Annual,True,Active,False,,9
3991,3991,3,2024-07-21,2024-10-01,Monthly,True,Cancelled,True,2024-10-01,24
3992,3992,2,2024-12-04,2025-01-04,Monthly,True,Active,False,,19
3993,3993,2,2024-06-01,2024-07-01,Monthly,True,Active,False,,25
3994,3994,2,2024-04-08,2024-05-08,Monthly,True,Active,False,,27
3995,3995,4,2024-08-28,2024-09-28,Monthly,True,Active,False,,23
3996,3996,3,2025-02-26,2025-05-10,Monthly,True,Cancelled,True,2025-05-10,17
3997,3997,5,2025-03-11,2026-03-11,Annual,True,Active,False,,16
3998,3998,1,2024-12-24,2025-01-24,Monthly,True,Active,False,,19
3999,3999,3,2025-04-15,2025-09-06,Monthly,True,Cancelled,True,2025-09-06,15
4000,4000,2,2025-12-18,2026-03-02,Monthly,False,Expired,True,2026-03-02,7
4001,4001,3,2025-08-02,2025-11-08,Monthly,True,Cancelled,True,2025-11-08,11
4002,4002,6,2024-03-31,2025-03-31,Annual,True,Active,False,,28
4003,4003,5,2024-09-01,2025-09-01,Annual,True,Active,False,,22
4004,4004,3,2024-12-20,2025-01-20,Monthly,True,Active,False,,19
4005,4005,2,2024-03-15,2024-04-15,Monthly,True,Active,False,,28
4006,4006,3,2024-03-04,2024-04-04,Monthly,True,Active,False,,28
4007,4007,2,2025-11-08,2025-12-08,Monthly,True,Active,False,,8
4008,4008,5,2024-12-10,2025-12-10,Annual,True,Active,False,,19
4009,4009,5,2025-02-01,2026-02-01,Annual,True,Active,False,,17
4010,4010,4,2024-05-23,2024-06-23,Monthly,True,Active,False,,26
4011,4011,2,2025-12-03,2026-01-03,Monthly,True,Active,False,,7
4012,4012,2,2025-01-23,2025-02-23,Monthly,True,Active,False,,18
4013,4013,1,2024-10-25,2024-11-25,Monthly,True,Active,False,,21
4014,4014,1,2024-07-21,2024-08-21,Monthly,True,Active,False,,24
4015,4015,4,2024-12-01,2025-01-01,Monthly,True,Active,False,,19
4016,4016,6,2024-06-13,2025-06-13,Annual,True,Active,False,,25
4017,4017,4,2025-11-24,2025-12-24,Monthly,False,Active,False,,8
4018,4018,4,2025-02-17,2025-03-17,Monthly,True,Active,False,,17
4019,4019,5,2025-03-16,2026-03-16,Annual,True,Active,False,,16
4020,4020,2,2024-04-12,2024-05-12,Monthly,True,Active,False,,27
4021,4021,3,2025-11-18,2025-12-18,Monthly,True,Active,False,,8
4022,4022,5,2024-07-29,2025-07-29,Annual,True,Active,False,,24
4023,4023,5,2024-06-16,2025-06-16,Annual,True,Active,False,,25
4024,4024,6,2025-04-02,2026-04-02,Annual,True,Active,False,,15
4025,4025,6,2025-04-01,2026-04-01,Annual,True,Active,False,,15
4026,4026,3,2025-05-11,2025-06-11,Monthly,True,Active,False,,14
4027,4027,6,2024-12-19,2025-12-19,Annual,True,Active,False,,19
4028,4028,5,2025-12-03,2026-12-03,Annual,True,Active,False,,7
4029,4029,5,2024-02-04,2025-02-04,Annual,True,Active,False,,29
4030,4030,2,2025-08-20,2025-09-20,Monthly,True,Active,False,,11
4031,4031,6,2025-03-05,2026-03-05,Annual,True,Active,False,,16
4032,4032,4,2024-04-23,2024-05-23,Monthly,True,Active,False,,27
4033,4033,2,2025-05-09,2025-06-09,Monthly,True,Active,False,,14
4034,4034,4,2024-07-17,2024-08-17,Monthly,True,Active,False,,24
4035,4035,2,2024-08-27,2024-09-27,Monthly,True,Active,False,,23
4036,4036,3,2024-04-02,2024-05-02,Monthly,True,Active,False,,27
4037,4037,3,2025-08-07,2025-09-07,Monthly,False,Active,False,,11
4038,4038,5,2024-10-23,2025-10-23,Annual,True,Active,False,,21
4039,4039,2,2025-07-22,2025-08-22,Monthly,False,Active,False,,12
4040,4040,5,2024-11-09,2025-11-09,Annual,True,Active,False,,20
4041,4041,3,2025-11-16,2025-12-16,Monthly,False,Active,False,,8
4042,4042,4,2024-11-14,2024-12-14,Monthly,True,Active,False,,20
4043,4043,6,2024-02-03,2025-02-03,Annual,True,Active,False,,29
4044,4044,1,2024-03-06,2024-04-06,Monthly,True,Active,False,,28
4045,4045,2,2025-09-26,2025-10-26,Monthly,True,Active,False,,10
4046,4046,5,2025-08-07,2026-08-07,Annual,True,Active,False,,11
4047,4047,4,2024-12-16,2025-01-16,Monthly,True,Active,False,,19
4048,4048,6,2025-04-25,2026-04-25,Annual,True,Active,False,,15
4049,4049,2,2025-08-18,2025-09-18,Monthly,True,Active,False,,11
4050,4050,5,2025-10-18,2026-10-18,Annual,True,Active,False,,9
4051,4051,3,2025-10-14,2025-11-14,Monthly,True,Active,False,,9
4052,4052,2,2025-09-03,2025-10-03,Monthly,True,Active,False,,10
4053,4053,5,2025-10-13,2026-10-13,Annual,True,Active,False,,9
4054,4054,5,2024-03-30,2025-03-30,Annual,True,Active,False,,28
4055,4055,3,2025-10-01,2025-11-01,Monthly,True,Active,False,,9
4056,4056,6,2026-01-23,2027-01-23,Annual,True,Active,False,,6
4057,4057,3,2025-12-14,2026-01-14,Monthly,True,Active,False,,7
4058,4058,3,2025-01-21,2025-02-21,Monthly,True,Active,False,,18
4059,4059,2,2024-06-29,2024-07-29,Monthly,True,Active,False,,25
4060,4060,4,2025-10-05,2025-11-05,Monthly,True,Active,False,,9
4061,4061,2,2024-10-07,2024-11-07,Monthly,True,Active,False,,21
4062,4062,4,2025-10-09,2025-11-09,Monthly,True,Active,False,,9
4063,4063,5,2024-10-31,2025-10-31,Annual,True,Active,False,,21
4064,4064,5,2025-05-13,2026-05-13,Annual,True,Active,False,,14
4065,4065,3,2025-04-07,2025-05-07,Monthly,True,Active,False,,15
4066,4066,1,2024-05-03,2024-06-03,Monthly,True,Active,False,,26
4067,4067,5,2025-03-06,2026-03-06,Annual,True,Active,False,,16
4068,4068,5,2024-04-23,2025-04-23,Annual,True,Active,False,,27
4069,4069,2,2025-01-05,2025-02-05,Monthly,True,Active,False,,18
4070,4070,5,2024-01-29,2025-01-29,Annual,True,Active,False,,30
4071,4071,3,2025-02-22,2025-03-22,Monthly,True,Active,False,,17
4072,4072,3,2025-01-06,2025-02-06,Monthly,True,Active,False,,18
4073,4073,5,2024-09-03,2025-09-03,Annual,True,Active,False,,22
4074,4074,5,2024-10-07,2025-10-07,Annual,True,Active,False,,21
4075,4075,3,2024-02-17,2024-03-17,Monthly,True,Active,False,,29
4076,4076,6,2024-09-22,2025-09-22,Annual,True,Active,False,,22
4077,4077,4,2025-05-06,2025-06-06,Monthly,True,Active,False,,14
4078,4078,6,2025-04-15,2026-04-15,Annual,True,Active,False,,15
4079,4079,6,2024-11-20,2025-11-20,Annual,True,Active,False,,20
4080,4080,2,2024-03-03,2024-06-07,Monthly,False,Expired,True,2024-06-07,28
4081,4081,5,2024-07-26,2025-07-26,Annual,True,Active,False,,24
4082,4082,1,2025-09-18,2025-10-18,Monthly,True,Active,False,,10
4083,4083,2,2024-03-02,2024-04-02,Monthly,True,Active,False,,28
4084,4084,5,2024-08-02,2025-08-02,Annual,True,Active,False,,23
4085,4085,3,2025-04-11,2025-05-11,Monthly,True,Active,False,,15
4086,4086,2,2024-06-20,2024-07-20,Monthly,True,Active,False,,25
4087,4087,2,2024-06-16,2024-07-16,Monthly,True,Active,False,,25
4088,4088,2,2025-08-26,2025-09-26,Monthly,False,Active,False,,11
4089,4089,2,2025-04-29,2025-05-29,Monthly,False,Active,False,,15
4090,4090,2,2024-03-26,2024-04-26,Monthly,True,Active,False,,28
4091,4091,2,2024-03-02,2024-04-02,Monthly,True,Active,False,,28
4092,4092,4,2025-12-01,2026-01-01,Monthly,True,Active,False,,7
4093,4093,6,2025-10-31,2026-10-31,Annual,True,Active,False,,9
4094,4094,6,2025-09-05,2026-09-05,Annual,True,Active,False,,10
4095,4095,2,2025-03-17,2025-04-17,Monthly,False,Active,False,,16
4096,4096,2,2024-04-16,2024-05-16,Monthly,True,Active,False,,27
4097,4097,4,2024-04-23,2024-05-23,Monthly,True,Active,False,,27
4098,4098,5,2025-11-17,2026-11-17,Annual,True,Active,False,,8
4099,4099,2,2025-09-05,2025-10-05,Monthly,True,Active,False,,10
4100,4100,4,2024-04-04,2024-05-04,Monthly,True,Active,False,,27
4101,4101,3,2025-09-06,2026-02-16,Monthly,True,Cancelled,True,2026-02-16,10
4102,4102,5,2024-03-15,2025-03-15,Annual,True,Active,False,,28
4103,4103,3,2024-05-24,2024-06-24,Monthly,True,Active,False,,26
4104,4104,2,2024-04-24,2024-05-24,Monthly,True,Active,False,,27
4105,4105,5,2025-06-19,2026-06-19,Annual,True,Active,False,,13
4106,4106,3,2025-02-12,2025-03-12,Monthly,True,Active,False,,17
4107,4107,2,2024-06-27,2024-09-05,Monthly,True,Cancelled,True,2024-09-05,25
4108,4108,5,2024-05-21,2025-05-21,Annual,True,Active,False,,26
4109,4109,5,2025-05-16,2026-05-16,Annual,True,Active,False,,14
4110,4110,1,2025-06-18,2025-07-18,Monthly,True,Active,False,,13
4111,4111,5,2025-09-19,2026-07-10,Annual,False,Cancelled,True,2026-07-10,10
4112,4112,6,2024-03-14,2025-03-14,Annual,False,Active,False,,28
4113,4113,2,2025-01-27,2025-02-27,Monthly,True,Active,False,,18
4114,4114,5,2024-06-14,2025-06-14,Annual,True,Active,False,,25
4115,4115,5,2024-07-01,2025-07-01,Annual,True,Active,False,,24
4116,4116,5,2024-05-16,2025-05-16,Annual,True,Active,False,,26
4117,4117,3,2024-09-12,2024-10-12,Monthly,True,Active,False,,22
4118,4118,3,2025-07-13,2025-08-13,Monthly,True,Active,False,,12
4119,4119,5,2025-04-27,2026-04-27,Annual,True,Active,False,,15
4120,4120,2,2024-08-05,2024-10-18,Monthly,True,Cancelled,True,2024-10-18,23
4121,4121,6,2024-09-13,2025-09-13,Annual,True,Active,False,,22
4122,4122,6,2025-08-20,2026-08-20,Annual,True,Active,False,,11
4123,4123,4,2024-10-31,2024-11-30,Monthly,True,Active,False,,21
4124,4124,4,2025-12-14,2026-01-14,Monthly,True,Active,False,,7
4125,4125,4,2025-03-31,2025-04-30,Monthly,True,Active,False,,16
4126,4126,6,2025-01-18,2026-01-18,Annual,True,Active,False,,18
4127,4127,5,2024-03-23,2025-03-23,Annual,True,Active,False,,28
4128,4128,1,2025-01-24,2025-06-20,Monthly,True,Cancelled,True,2025-06-20,18
4129,4129,1,2024-07-24,2024-08-24,Monthly,True,Active,False,,24
4130,4130,5,2024-12-24,2025-12-24,Annual,True,Active,False,,19
4131,4131,5,2025-04-15,2026-04-15,Annual,True,Active,False,,15
4132,4132,5,2025-02-13,2025-11-27,Annual,True,Cancelled,True,2025-11-27,17
4133,4133,2,2024-11-24,2024-12-24,Monthly,True,Active,False,,20
4134,4134,2,2025-12-30,2026-01-30,Monthly,True,Active,False,,7
4135,4135,2,2025-08-11,2025-09-11,Monthly,True,Active,False,,11
4136,4136,2,2024-10-10,2024-11-10,Monthly,True,Active,False,,21
4137,4137,5,2024-04-08,2025-04-08,Annual,True,Active,False,,27
4138,4138,2,2024-03-12,2024-04-12,Monthly,True,Active,False,,28
4139,4139,6,2025-03-03,2026-03-03,Annual,True,Active,False,,16
4140,4140,5,2024-12-14,2025-12-14,Annual,True,Active,False,,19
4141,4141,2,2025-07-06,2025-08-06,Monthly,True,Active,False,,12
4142,4142,5,2025-10-22,2026-10-22,Annual,True,Active,False,,9
4143,4143,1,2024-06-19,2024-07-19,Monthly,True,Active,False,,25
4144,4144,3,2025-05-14,2025-06-14,Monthly,True,Active,False,,14
4145,4145,4,2024-07-15,2024-08-15,Monthly,True,Active,False,,24
4146,4146,3,2025-09-05,2025-10-05,Monthly,True,Active,False,,10
4147,4147,2,2024-08-04,2024-09-04,Monthly,True,Active,False,,23
4148,4148,3,2025-04-27,2025-05-27,Monthly,True,Active,False,,15
4149,4149,4,2024-11-16,2024-12-16,Monthly,False,Active,False,,20
4150,4150,2,2025-01-25,2025-02-25,Monthly,True,Active,False,,18
4151,4151,3,2025-12-23,2026-05-13,Monthly,True,Cancelled,True,2026-05-13,7
4152,4152,2,2024-05-08,2024-06-24,Monthly,True,Cancelled,True,2024-06-24,26
4153,4153,5,2025-10-18,2026-10-18,Annual,True,Active,False,,9
4154,4154,5,2024-11-17,2025-07-03,Annual,True,Cancelled,True,2025-07-03,20
4155,4155,2,2025-05-07,2025-06-07,Monthly,True,Active,False,,14
4156,4156,6,2024-03-18,2025-03-18,Annual,True,Active,False,,28
4157,4157,3,2025-03-08,2025-04-08,Monthly,True,Active,False,,16
4158,4158,3,2025-03-21,2025-04-21,Monthly,True,Active,False,,16
4159,4159,3,2025-12-24,2026-04-08,Monthly,False,Expired,True,2026-04-08,7
4160,4160,2,2024-06-27,2024-07-27,Monthly,True,Active,False,,25
4161,4161,1,2024-09-16,2024-10-16,Monthly,True,Active,False,,22
4162,4162,5,2025-12-13,2026-12-13,Annual,True,Active,False,,7
4163,4163,2,2024-03-11,2024-04-11,Monthly,True,Active,False,,28
4164,4164,2,2024-09-11,2024-10-11,Monthly,True,Active,False,,22
4165,4165,4,2025-05-28,2025-06-28,Monthly,True,Active,False,,14
4166,4166,5,2024-11-28,2025-11-28,Annual,True,Active,False,,20
4167,4167,3,2025-03-02,2025-04-02,Monthly,True,Active,False,,16
4168,4168,2,2025-09-09,2025-10-09,Monthly,True,Active,False,,10
4169,4169,5,2024-08-26,2025-07-19,Annual,True,Cancelled,True,2025-07-19,23
4170,4170,5,2025-10-03,2026-10-03,Annual,True,Active,False,,9
4171,4171,5,2025-03-12,2026-03-12,Annual,True,Active,False,,16
4172,4172,2,2024-06-22,2024-07-22,Monthly,True,Active,False,,25
4173,4173,3,2024-12-03,2025-01-03,Monthly,True,Active,False,,19
4174,4174,5,2025-11-01,2026-11-01,Annual,True,Active,False,,8
4175,4175,3,2025-12-06,2026-01-31,Monthly,True,Cancelled,True,2026-01-31,7
4176,4176,2,2025-12-16,2026-01-16,Monthly,True,Active,False,,7
4177,4177,2,2025-09-02,2025-10-02,Monthly,True,Active,False,,10
4178,4178,5,2025-08-27,2026-08-27,Annual,True,Active,False,,11
4179,4179,6,2025-09-13,2026-09-13,Annual,True,Active,False,,10
4180,4180,6,2024-06-17,2025-06-17,Annual,True,Active,False,,25
4181,4181,4,2024-01-27,2024-02-27,Monthly,True,Active,False,,30
4182,4182,4,2025-06-22,2025-10-21,Monthly,False,Cancelled,True,2025-10-21,13
4183,4183,5,2025-10-15,2026-10-15,Annual,False,Active,False,,9
4184,4184,2,2025-08-28,2025-09-28,Monthly,True,Active,False,,11
4185,4185,3,2025-08-31,2025-09-30,Monthly,True,Active,False,,11
4186,4186,6,2025-07-08,2026-07-08,Annual,True,Active,False,,12
4187,4187,2,2024-04-25,2024-05-25,Monthly,True,Active,False,,27
4188,4188,4,2025-06-18,2025-07-18,Monthly,True,Active,False,,13
4189,4189,4,2024-05-16,2024-06-16,Monthly,True,Active,False,,26
4190,4190,6,2024-09-21,2025-09-21,Annual,True,Active,False,,22
4191,4191,3,2025-01-19,2025-02-19,Monthly,True,Active,False,,18
4192,4192,2,2025-12-27,2026-04-29,Monthly,False,Expired,True,2026-04-29,7
4193,4193,2,2024-06-06,2024-07-06,Monthly,True,Active,False,,25
4194,4194,5,2025-05-22,2026-05-22,Annual,True,Active,False,,14
4195,4195,5,2024-06-20,2025-06-20,Annual,True,Active,False,,25
4196,4196,2,2026-01-08,2026-02-08,Monthly,False,Active,False,,6
4197,4197,2,2025-05-06,2025-06-06,Monthly,True,Active,False,,14
4198,4198,2,2024-11-09,2024-12-09,Monthly,False,Active,False,,20
4199,4199,2,2025-04-17,2025-10-01,Monthly,False,Cancelled,True,2025-10-01,15
4200,4200,2,2024-12-28,2025-01-28,Monthly,False,Active,False,,19
4201,4201,1,2025-11-19,2025-12-19,Monthly,False,Active,False,,8
4202,4202,5,2025-02-26,2026-02-26,Annual,True,Active,False,,17
4203,4203,2,2025-04-07,2025-05-07,Monthly,True,Active,False,,15
4204,4204,2,2025-07-20,2025-08-20,Monthly,True,Active,False,,12
4205,4205,2,2024-11-02,2025-02-24,Monthly,False,Cancelled,True,2025-02-24,20
4206,4206,5,2024-11-21,2025-11-21,Annual,True,Active,False,,20
4207,4207,5,2024-11-14,2025-11-14,Annual,True,Active,False,,20
4208,4208,2,2024-10-02,2024-11-02,Monthly,True,Active,False,,21
4209,4209,3,2024-04-22,2024-05-22,Monthly,True,Active,False,,27
4210,4210,6,2025-12-14,2026-12-14,Annual,True,Active,False,,7
4211,4211,2,2025-12-26,2026-01-26,Monthly,True,Active,False,,7
4212,4212,5,2024-06-19,2025-06-19,Annual,True,Active,False,,25
4213,4213,5,2024-07-06,2025-07-06,Annual,True,Active,False,,24
4214,4214,5,2025-11-14,2026-11-14,Annual,True,Active,False,,8
4215,4215,2,2024-03-27,2024-07-09,Monthly,True,Cancelled,True,2024-07-09,28
4216,4216,4,2024-11-27,2024-12-27,Monthly,True,Active,False,,20
4217,4217,4,2025-08-10,2025-09-10,Monthly,True,Active,False,,11
4218,4218,5,2024-09-02,2025-09-02,Annual,True,Active,False,,22
4219,4219,3,2025-11-04,2025-12-04,Monthly,False,Active,False,,8
4220,4220,2,2025-02-14,2025-03-14,Monthly,True,Active,False,,17
4221,4221,5,2025-03-14,2026-03-14,Annual,True,Active,False,,16
4222,4222,3,2025-05-06,2025-06-06,Monthly,True,Active,False,,14
4223,4223,3,2024-12-02,2025-02-20,Monthly,False,Expired,True,2025-02-20,19
4224,4224,3,2024-07-14,2024-08-14,Monthly,True,Active,False,,24
4225,4225,5,2024-12-19,2025-12-19,Annual,True,Active,False,,19
4226,4226,4,2024-02-26,2024-08-04,Monthly,False,Expired,True,2024-08-04,29
4227,4227,2,2024-09-06,2024-10-06,Monthly,True,Active,False,,22
4228,4228,2,2024-08-21,2024-09-21,Monthly,True,Active,False,,23
4229,4229,3,2025-01-14,2025-02-14,Monthly,True,Active,False,,18
4230,4230,2,2024-05-04,2024-06-04,Monthly,True,Active,False,,26
4231,4231,3,2024-02-02,2024-03-02,Monthly,True,Active,False,,29
4232,4232,5,2025-07-16,2026-07-16,Annual,True,Active,False,,12
4233,4233,4,2024-01-26,2024-02-26,Monthly,False,Active,False,,30
4234,4234,4,2025-08-31,2025-10-29,Monthly,True,Cancelled,True,2025-10-29,11
4235,4235,2,2024-07-15,2024-10-24,Monthly,False,Expired,True,2024-10-24,24
4236,4236,2,2024-11-22,2024-12-22,Monthly,True,Active,False,,20
4237,4237,5,2024-07-21,2025-07-21,Annual,True,Active,False,,24
4238,4238,4,2025-10-26,2025-11-26,Monthly,True,Active,False,,9
4239,4239,2,2024-02-05,2024-03-22,Monthly,False,Expired,True,2024-03-22,29
4240,4240,2,2025-01-22,2025-02-22,Monthly,True,Active,False,,18
4241,4241,2,2025-02-23,2025-03-23,Monthly,True,Active,False,,17
4242,4242,5,2025-02-09,2026-02-09,Annual,True,Active,False,,17
4243,4243,1,2024-11-30,2024-12-30,Monthly,True,Active,False,,20
4244,4244,2,2024-05-31,2024-06-30,Monthly,True,Active,False,,26
4245,4245,2,2024-11-02,2024-12-02,Monthly,True,Active,False,,20
4246,4246,5,2024-07-04,2025-07-04,Annual,True,Active,False,,24
4247,4247,2,2024-12-16,2025-01-16,Monthly,False,Active,False,,19
4248,4248,2,2025-03-14,2025-04-14,Monthly,False,Active,False,,16
4249,4249,6,2025-02-07,2026-02-07,Annual,True,Active,False,,17
4250,4250,3,2024-09-19,2024-10-19,Monthly,True,Active,False,,22
4251,4251,1,2025-07-24,2025-08-24,Monthly,True,Active,False,,12
4252,4252,2,2025-01-14,2025-02-14,Monthly,True,Active,False,,18
4253,4253,5,2024-09-11,2025-09-11,Annual,True,Active,False,,22
4254,4254,5,2025-03-30,2026-03-30,Annual,True,Active,False,,16
4255,4255,5,2025-03-27,2026-03-27,Annual,True,Active,False,,16
4256,4256,5,2025-05-13,2026-05-13,Annual,True,Active,False,,14
4257,4257,4,2025-11-05,2025-12-05,Monthly,True,Active,False,,8
4258,4258,6,2024-09-20,2025-09-20,Annual,True,Active,False,,22
4259,4259,6,2024-02-17,2025-02-17,Annual,True,Active,False,,29
4260,4260,2,2024-05-15,2024-06-15,Monthly,True,Active,False,,26
4261,4261,2,2024-08-31,2024-12-17,Monthly,False,Cancelled,True,2024-12-17,23
4262,4262,6,2025-12-13,2026-12-13,Annual,True,Active,False,,7
4263,4263,4,2024-11-08,2024-12-08,Monthly,True,Active,False,,20
4264,4264,2,2024-03-20,2024-04-20,Monthly,True,Active,False,,28
4265,4265,5,2025-09-13,2026-09-13,Annual,True,Active,False,,10
4266,4266,5,2024-07-04,2025-07-04,Annual,True,Active,False,,24
4267,4267,3,2024-02-21,2024-03-21,Monthly,True,Active,False,,29
4268,4268,2,2025-12-26,2026-01-26,Monthly,False,Active,False,,7
4269,4269,6,2025-07-24,2026-07-24,Annual,True,Active,False,,12
4270,4270,2,2025-03-17,2025-04-17,Monthly,False,Active,False,,16
4271,4271,2,2024-02-04,2024-03-04,Monthly,True,Active,False,,29
4272,4272,4,2025-01-21,2025-02-21,Monthly,True,Active,False,,18
4273,4273,5,2024-12-28,2025-12-28,Annual,True,Active,False,,19
4274,4274,6,2024-07-20,2025-07-20,Annual,True,Active,False,,24
4275,4275,2,2025-05-11,2025-06-11,Monthly,True,Active,False,,14
4276,4276,6,2025-09-22,2026-09-22,Annual,True,Active,False,,10
4277,4277,3,2025-08-23,2025-09-23,Monthly,True,Active,False,,11
4278,4278,3,2024-03-01,2024-04-01,Monthly,True,Active,False,,28
4279,4279,5,2024-12-21,2025-07-07,Annual,False,Cancelled,True,2025-07-07,19
4280,4280,6,2024-11-16,2025-11-16,Annual,True,Active,False,,20
4281,4281,2,2024-03-19,2024-04-19,Monthly,True,Active,False,,28
4282,4282,6,2025-12-23,2026-12-23,Annual,True,Active,False,,7
4283,4283,2,2024-12-14,2025-01-14,Monthly,True,Active,False,,19
4284,4284,2,2024-11-14,2024-12-14,Monthly,True,Active,False,,20
4285,4285,3,2025-02-23,2025-03-23,Monthly,True,Active,False,,17
4286,4286,3,2025-03-25,2025-04-25,Monthly,True,Active,False,,16
4287,4287,5,2025-05-29,2026-05-29,Annual,True,Active,False,,14
4288,4288,5,2025-12-16,2026-12-16,Annual,True,Active,False,,7
4289,4289,2,2025-01-01,2025-02-01,Monthly,True,Active,False,,18
4290,4290,3,2024-04-30,2024-10-15,Monthly,True,Cancelled,True,2024-10-15,27
4291,4291,5,2024-05-27,2025-01-11,Annual,False,Expired,True,2025-01-11,26
4292,4292,6,2025-08-22,2026-08-22,Annual,True,Active,False,,11
4293,4293,2,2024-04-10,2024-07-03,Monthly,True,Cancelled,True,2024-07-03,27
4294,4294,2,2025-04-23,2025-05-23,Monthly,True,Active,False,,15
4295,4295,2,2024-06-03,2024-07-03,Monthly,False,Active,False,,25
4296,4296,2,2025-06-29,2025-07-29,Monthly,True,Active,False,,13
4297,4297,4,2024-07-03,2024-08-03,Monthly,True,Active,False,,24
4298,4298,2,2025-12-11,2026-01-11,Monthly,True,Active,False,,7
4299,4299,2,2024-05-11,2024-06-11,Monthly,True,Active,False,,26
4300,4300,2,2024-05-13,2024-06-13,Monthly,False,Active,False,,26
4301,4301,2,2024-01-27,2024-02-27,Monthly,True,Active,False,,30
4302,4302,5,2024-06-27,2025-06-27,Annual,True,Active,False,,25
4303,4303,2,2024-03-04,2024-04-04,Monthly,True,Active,False,,28
4304,4304,2,2025-05-07,2025-06-30,Monthly,True,Cancelled,True,2025-06-30,14
4305,4305,2,2024-10-24,2024-11-24,Monthly,True,Active,False,,21
4306,4306,6,2024-12-28,2025-12-28,Annual,True,Active,False,,19
4307,4307,2,2025-11-20,2025-12-20,Monthly,True,Active,False,,8
4308,4308,3,2024-09-30,2024-10-30,Monthly,True,Active,False,,22
4309,4309,3,2025-10-21,2025-11-21,Monthly,True,Active,False,,9
4310,4310,1,2024-12-19,2025-01-19,Monthly,False,Active,False,,19
4311,4311,5,2024-04-02,2025-04-02,Annual,True,Active,False,,27
4312,4312,4,2025-01-11,2025-02-11,Monthly,True,Active,False,,18
4313,4313,2,2024-10-19,2024-11-19,Monthly,True,Active,False,,21
4314,4314,5,2025-05-06,2026-05-06,Annual,False,Active,False,,14
4315,4315,3,2024-05-30,2024-06-30,Monthly,True,Active,False,,26
4316,4316,3,2024-10-12,2024-11-12,Monthly,True,Active,False,,21
4317,4317,6,2025-06-26,2026-06-26,Annual,False,Active,False,,13
4318,4318,4,2025-04-10,2025-05-10,Monthly,True,Active,False,,15
4319,4319,1,2024-02-05,2024-03-25,Monthly,False,Expired,True,2024-03-25,29
4320,4320,5,2025-05-11,2026-05-11,Annual,True,Active,False,,14
4321,4321,5,2024-06-04,2025-06-04,Annual,True,Active,False,,25
4322,4322,5,2024-05-09,2025-05-09,Annual,True,Active,False,,26
4323,4323,6,2024-06-26,2025-06-26,Annual,True,Active,False,,25
4324,4324,4,2024-10-23,2024-11-23,Monthly,True,Active,False,,21
4325,4325,3,2025-10-05,2025-11-05,Monthly,True,Active,False,,9
4326,4326,6,2025-02-11,2026-02-11,Annual,True,Active,False,,17
4327,4327,2,2024-04-06,2024-05-06,Monthly,True,Active,False,,27
4328,4328,5,2025-04-10,2026-04-10,Annual,True,Active,False,,15
4329,4329,1,2025-10-07,2025-11-07,Monthly,False,Active,False,,9
4330,4330,6,2026-01-02,2027-01-02,Annual,True,Active,False,,6
4331,4331,4,2025-01-28,2025-02-28,Monthly,False,Active,False,,18
4332,4332,3,2025-07-01,2025-08-01,Monthly,True,Active,False,,12
4333,4333,2,2025-02-27,2025-05-08,Monthly,False,Cancelled,True,2025-05-08,17
4334,4334,2,2024-05-23,2024-06-23,Monthly,True,Active,False,,26
4335,4335,5,2025-05-26,2026-05-26,Annual,True,Active,False,,14
4336,4336,2,2025-08-14,2025-09-14,Monthly,True,Active,False,,11
4337,4337,6,2025-06-20,2026-06-20,Annual,True,Active,False,,13
4338,4338,2,2024-12-06,2025-01-06,Monthly,True,Active,False,,19
4339,4339,4,2024-11-30,2024-12-30,Monthly,True,Active,False,,20
4340,4340,3,2024-09-28,2024-10-28,Monthly,False,Active,False,,22
4341,4341,2,2026-01-03,2026-02-03,Monthly,True,Active,False,,6
4342,4342,2,2026-01-19,2026-02-19,Monthly,True,Active,False,,6
4343,4343,5,2024-08-07,2025-08-07,Annual,True,Active,False,,23
4344,4344,5,2024-06-17,2025-06-17,Annual,True,Active,False,,25
4345,4345,2,2025-07-28,2025-08-28,Monthly,True,Active,False,,12
4346,4346,2,2024-03-16,2024-04-16,Monthly,True,Active,False,,28
4347,4347,3,2025-09-30,2025-10-30,Monthly,True,Active,False,,10
4348,4348,5,2024-04-07,2025-04-07,Annual,True,Active,False,,27
4349,4349,2,2025-02-25,2025-03-25,Monthly,True,Active,False,,17
4350,4350,2,2024-10-10,2024-11-10,Monthly,True,Active,False,,21
4351,4351,5,2024-06-29,2025-06-29,Annual,True,Active,False,,25
4352,4352,5,2025-09-25,2026-09-25,Annual,True,Active,False,,10
4353,4353,3,2024-05-14,2024-06-14,Monthly,True,Active,False,,26
4354,4354,3,2024-09-14,2024-10-14,Monthly,True,Active,False,,22
4355,4355,2,2025-07-04,2025-08-04,Monthly,True,Active,False,,12
4356,4356,2,2025-10-01,2025-11-01,Monthly,True,Active,False,,9
4357,4357,1,2025-09-24,2025-11-28,Monthly,False,Cancelled,True,2025-11-28,10
4358,4358,5,2024-05-01,2025-05-01,Annual,True,Active,False,,26
4359,4359,3,2025-06-20,2025-07-20,Monthly,True,Active,False,,13
4360,4360,5,2024-05-12,2025-05-12,Annual,True,Active,False,,26
4361,4361,5,2024-10-24,2025-10-24,Annual,True,Active,False,,21
4362,4362,4,2024-07-02,2024-08-02,Monthly,True,Active,False,,24
4363,4363,3,2025-12-07,2026-03-29,Monthly,True,Cancelled,True,2026-03-29,7
4364,4364,2,2024-11-09,2024-12-09,Monthly,True,Active,False,,20
4365,4365,2,2024-12-19,2025-06-03,Monthly,False,Expired,True,2025-06-03,19
4366,4366,5,2025-02-18,2026-02-18,Annual,True,Active,False,,17
4367,4367,4,2025-07-04,2025-08-04,Monthly,True,Active,False,,12
4368,4368,5,2024-07-12,2025-07-12,Annual,True,Active,False,,24
4369,4369,5,2024-09-16,2025-09-16,Annual,True,Active,False,,22
4370,4370,3,2025-09-17,2025-10-17,Monthly,True,Active,False,,10
4371,4371,3,2024-10-18,2024-11-18,Monthly,True,Active,False,,21
4372,4372,6,2024-05-25,2025-05-25,Annual,True,Active,False,,26
4373,4373,5,2025-12-05,2026-12-05,Annual,True,Active,False,,7
4374,4374,1,2025-06-28,2025-11-26,Monthly,False,Expired,True,2025-11-26,13
4375,4375,2,2024-03-19,2024-05-09,Monthly,False,Expired,True,2024-05-09,28
4376,4376,2,2025-06-01,2025-07-01,Monthly,True,Active,False,,13
4377,4377,5,2025-04-23,2026-04-23,Annual,True,Active,False,,15
4378,4378,2,2025-04-17,2025-05-17,Monthly,False,Active,False,,15
4379,4379,2,2024-04-05,2024-05-05,Monthly,True,Active,False,,27
4380,4380,4,2025-11-14,2025-12-14,Monthly,True,Active,False,,8
4381,4381,1,2024-10-16,2024-11-16,Monthly,True,Active,False,,21
4382,4382,2,2024-11-22,2024-12-22,Monthly,True,Active,False,,20
4383,4383,5,2025-05-11,2026-05-11,Annual,True,Active,False,,14
4384,4384,2,2024-06-26,2024-07-26,Monthly,True,Active,False,,25
4385,4385,6,2026-01-15,2027-01-15,Annual,True,Active,False,,6
4386,4386,5,2024-05-28,2025-05-28,Annual,True,Active,False,,26
4387,4387,6,2024-04-29,2025-04-29,Annual,True,Active,False,,27
4388,4388,2,2025-10-23,2025-11-23,Monthly,True,Active,False,,9
4389,4389,2,2025-08-30,2025-09-30,Monthly,True,Active,False,,11
4390,4390,5,2025-01-29,2026-01-29,Annual,True,Active,False,,18
4391,4391,2,2026-01-02,2026-02-02,Monthly,True,Active,False,,6
4392,4392,5,2024-11-27,2025-11-27,Annual,True,Active,False,,20
4393,4393,2,2024-09-23,2024-10-23,Monthly,True,Active,False,,22
4394,4394,2,2025-09-13,2025-10-13,Monthly,False,Active,False,,10
4395,4395,5,2024-10-31,2025-10-31,Annual,True,Active,False,,21
4396,4396,4,2024-07-09,2024-12-03,Monthly,True,Cancelled,True,2024-12-03,24
4397,4397,2,2024-04-19,2024-05-19,Monthly,True,Active,False,,27
4398,4398,6,2024-01-12,2025-01-12,Annual,True,Active,False,,30
4399,4399,6,2025-05-22,2026-05-22,Annual,True,Active,False,,14
4400,4400,2,2024-12-05,2025-01-05,Monthly,True,Active,False,,19
4401,4401,2,2025-01-28,2025-02-28,Monthly,True,Active,False,,18
4402,4402,5,2025-11-06,2026-11-06,Annual,True,Active,False,,8
4403,4403,2,2025-11-02,2025-12-02,Monthly,True,Active,False,,8
4404,4404,5,2024-08-06,2025-08-06,Annual,True,Active,False,,23
4405,4405,2,2025-02-03,2025-03-03,Monthly,True,Active,False,,17
4406,4406,5,2025-03-04,2026-03-04,Annual,True,Active,False,,16
4407,4407,3,2024-09-19,2024-10-19,Monthly,True,Active,False,,22
4408,4408,2,2025-12-29,2026-01-29,Monthly,True,Active,False,,7
4409,4409,2,2025-07-04,2025-08-04,Monthly,True,Active,False,,12
4410,4410,3,2024-02-06,2024-03-06,Monthly,False,Active,False,,29
4411,4411,3,2025-11-27,2025-12-27,Monthly,True,Active,False,,8
4412,4412,3,2024-09-14,2024-10-14,Monthly,True,Active,False,,22
4413,4413,5,2024-10-06,2025-10-06,Annual,True,Active,False,,21
4414,4414,5,2025-12-09,2026-12-09,Annual,True,Active,False,,7
4415,4415,2,2025-10-29,2026-01-08,Monthly,False,Cancelled,True,2026-01-08,9
4416,4416,3,2024-05-06,2024-06-06,Monthly,True,Active,False,,26
4417,4417,2,2025-11-30,2025-12-30,Monthly,True,Active,False,,8
4418,4418,4,2025-10-09,2025-11-09,Monthly,True,Active,False,,9
4419,4419,4,2024-10-22,2024-11-22,Monthly,True,Active,False,,21
4420,4420,5,2025-06-20,2026-06-20,Annual,True,Active,False,,13
4421,4421,2,2024-08-14,2024-09-14,Monthly,True,Active,False,,23
4422,4422,3,2024-05-30,2024-06-30,Monthly,False,Active,False,,26
4423,4423,2,2024-03-25,2024-04-25,Monthly,False,Active,False,,28
4424,4424,2,2024-11-17,2024-12-17,Monthly,True,Active,False,,20
4425,4425,3,2024-06-15,2024-10-14,Monthly,False,Cancelled,True,2024-10-14,25
4426,4426,4,2025-08-21,2025-09-21,Monthly,True,Active,False,,11
4427,4427,4,2025-05-16,2025-06-16,Monthly,True,Active,False,,14
4428,4428,2,2024-04-13,2024-05-13,Monthly,True,Active,False,,27
4429,4429,3,2025-09-03,2025-10-03,Monthly,False,Active,False,,10
4430,4430,5,2024-03-25,2025-03-25,Annual,True,Active,False,,28
4431,4431,2,2025-11-01,2025-12-18,Monthly,False,Cancelled,True,2025-12-18,8
4432,4432,2,2024-07-31,2024-08-31,Monthly,False,Active,False,,24
4433,4433,3,2025-11-25,2025-12-25,Monthly,True,Active,False,,8
4434,4434,5,2025-04-12,2026-04-12,Annual,True,Active,False,,15
4435,4435,2,2025-02-03,2025-03-03,Monthly,True,Active,False,,17
4436,4436,4,2024-02-26,2024-03-26,Monthly,True,Active,False,,29
4437,4437,4,2024-09-30,2024-10-30,Monthly,True,Active,False,,22
4438,4438,5,2024-10-01,2025-10-01,Annual,True,Active,False,,21
4439,4439,4,2025-08-29,2025-12-27,Monthly,True,Cancelled,True,2025-12-27,11
4440,4440,6,2024-10-11,2025-10-11,Annual,True,Active,False,,21
4441,4441,5,2025-10-25,2026-10-25,Annual,True,Active,False,,9
4442,4442,5,2025-08-05,2026-08-05,Annual,True,Active,False,,11
4443,4443,2,2025-11-21,2025-12-21,Monthly,True,Active,False,,8
4444,4444,2,2024-03-16,2024-04-16,Monthly,True,Active,False,,28
4445,4445,5,2025-01-17,2026-01-17,Annual,True,Active,False,,18
4446,4446,1,2025-05-22,2025-06-22,Monthly,True,Active,False,,14
4447,4447,5,2024-09-23,2025-09-23,Annual,True,Active,False,,22
4448,4448,6,2025-06-25,2026-06-25,Annual,True,Active,False,,13
4449,4449,2,2024-02-05,2024-03-05,Monthly,True,Active,False,,29
4450,4450,5,2025-06-14,2026-06-14,Annual,True,Active,False,,13
4451,4451,3,2025-08-15,2025-09-15,Monthly,True,Active,False,,11
4452,4452,2,2025-03-26,2025-04-26,Monthly,True,Active,False,,16
4453,4453,2,2024-11-04,2024-12-04,Monthly,True,Active,False,,20
4454,4454,4,2025-08-15,2025-09-15,Monthly,True,Active,False,,11
4455,4455,6,2025-06-27,2026-06-27,Annual,True,Active,False,,13
4456,4456,3,2024-07-22,2024-08-22,Monthly,True,Active,False,,24
4457,4457,6,2025-08-28,2026-08-28,Annual,True,Active,False,,11
4458,4458,4,2025-04-25,2025-05-25,Monthly,True,Active,False,,15
4459,4459,4,2024-12-18,2025-01-18,Monthly,True,Active,False,,19
4460,4460,3,2024-09-27,2025-03-10,Monthly,False,Cancelled,True,2025-03-10,22
4461,4461,2,2024-07-24,2024-08-24,Monthly,True,Active,False,,24
4462,4462,2,2025-10-15,2025-11-15,Monthly,True,Active,False,,9
4463,4463,6,2025-06-05,2026-06-05,Annual,True,Active,False,,13
4464,4464,4,2024-10-18,2024-11-18,Monthly,True,Active,False,,21
4465,4465,2,2025-03-05,2025-04-05,Monthly,True,Active,False,,16
4466,4466,2,2024-09-26,2024-10-26,Monthly,True,Active,False,,22
4467,4467,6,2025-06-22,2026-06-22,Annual,True,Active,False,,13
4468,4468,2,2025-03-28,2025-04-28,Monthly,True,Active,False,,16
4469,4469,5,2025-09-25,2026-06-15,Annual,True,Cancelled,True,2026-06-15,10
4470,4470,3,2024-05-09,2024-06-09,Monthly,True,Active,False,,26
4471,4471,2,2024-03-05,2024-08-20,Monthly,False,Cancelled,True,2024-08-20,28
4472,4472,1,2024-10-02,2025-01-20,Monthly,False,Expired,True,2025-01-20,21
4473,4473,3,2024-05-16,2024-06-16,Monthly,True,Active,False,,26
4474,4474,3,2024-07-16,2024-08-16,Monthly,True,Active,False,,24
4475,4475,5,2024-09-25,2025-09-25,Annual,True,Active,False,,22
4476,4476,2,2024-12-11,2025-01-11,Monthly,True,Active,False,,19
4477,4477,2,2025-09-18,2025-10-18,Monthly,True,Active,False,,10
4478,4478,2,2025-06-07,2025-07-07,Monthly,True,Active,False,,13
4479,4479,2,2024-01-27,2024-02-27,Monthly,True,Active,False,,30
4480,4480,3,2024-05-08,2024-06-08,Monthly,True,Active,False,,26
4481,4481,2,2024-05-24,2024-06-24,Monthly,True,Active,False,,26
4482,4482,2,2025-11-21,2025-12-21,Monthly,True,Active,False,,8
4483,4483,3,2024-02-21,2024-08-16,Monthly,False,Expired,True,2024-08-16,29
4484,4484,5,2026-01-02,2027-01-02,Annual,True,Active,False,,6
4485,4485,1,2024-10-26,2024-11-26,Monthly,True,Active,False,,21
4486,4486,3,2024-06-28,2024-07-28,Monthly,True,Active,False,,25
4487,4487,3,2024-02-14,2024-03-29,Monthly,False,Expired,True,2024-03-29,29
4488,4488,4,2025-05-16,2025-07-29,Monthly,True,Cancelled,True,2025-07-29,14
4489,4489,5,2025-01-25,2026-01-25,Annual,True,Active,False,,18
4490,4490,4,2025-03-25,2025-04-25,Monthly,True,Active,False,,16
4491,4491,1,2024-08-16,2024-09-16,Monthly,True,Active,False,,23
4492,4492,5,2025-02-08,2026-02-08,Annual,True,Active,False,,17
4493,4493,3,2024-09-11,2024-10-11,Monthly,True,Active,False,,22
4494,4494,5,2025-06-17,2026-06-17,Annual,False,Active,False,,13
4495,4495,2,2024-12-19,2025-01-19,Monthly,True,Active,False,,19
4496,4496,6,2024-03-03,2025-03-03,Annual,True,Active,False,,28
4497,4497,5,2024-02-11,2025-02-11,Annual,True,Active,False,,29
4498,4498,5,2025-04-04,2026-04-04,Annual,True,Active,False,,15
4499,4499,6,2025-06-01,2026-06-01,Annual,True,Active,False,,13
4500,4500,3,2024-06-23,2024-12-13,Monthly,True,Cancelled,True,2024-12-13,25
4501,4501,2,2025-03-01,2025-04-01,Monthly,True,Active,False,,16
4502,4502,4,2025-09-13,2025-10-13,Monthly,True,Active,False,,10
4503,4503,3,2024-09-14,2024-10-14,Monthly,True,Active,False,,22
4504,4504,3,2024-09-07,2024-10-07,Monthly,True,Active,False,,22
4505,4505,2,2025-03-30,2025-04-30,Monthly,True,Active,False,,16
4506,4506,5,2025-01-22,2026-01-22,Annual,True,Active,False,,18
4507,4507,4,2024-07-14,2024-08-14,Monthly,True,Active,False,,24
4508,4508,2,2025-01-09,2025-02-09,Monthly,True,Active,False,,18
4509,4509,3,2024-03-01,2024-04-01,Monthly,True,Active,False,,28
4510,4510,3,2025-09-18,2025-10-18,Monthly,True,Active,False,,10
4511,4511,5,2025-10-01,2026-10-01,Annual,True,Active,False,,9
4512,4512,2,2024-08-13,2024-12-16,Monthly,True,Cancelled,True,2024-12-16,23
4513,4513,6,2024-09-12,2025-09-12,Annual,True,Active,False,,22
4514,4514,4,2025-06-18,2025-09-02,Monthly,False,Expired,True,2025-09-02,13
4515,4515,2,2024-03-11,2024-04-11,Monthly,False,Active,False,,28
4516,4516,5,2024-11-21,2025-11-21,Annual,True,Active,False,,20
4517,4517,5,2025-03-26,2026-03-26,Annual,True,Active,False,,16
4518,4518,5,2025-02-26,2026-02-26,Annual,True,Active,False,,17
4519,4519,5,2024-04-09,2025-04-09,Annual,True,Active,False,,27
4520,4520,3,2026-01-18,2026-02-18,Monthly,True,Active,False,,6
4521,4521,4,2025-06-19,2025-10-04,Monthly,False,Cancelled,True,2025-10-04,13
4522,4522,3,2025-09-10,2025-10-10,Monthly,True,Active,False,,10
4523,4523,3,2024-11-26,2024-12-26,Monthly,True,Active,False,,20
4524,4524,6,2024-02-18,2025-02-18,Annual,True,Active,False,,29
4525,4525,4,2025-10-13,2025-11-13,Monthly,True,Active,False,,9
4526,4526,5,2024-02-24,2025-02-24,Annual,True,Active,False,,29
4527,4527,2,2024-10-14,2024-11-14,Monthly,True,Active,False,,21
4528,4528,2,2024-07-30,2024-08-30,Monthly,True,Active,False,,24
4529,4529,2,2024-11-14,2024-12-14,Monthly,False,Active,False,,20
4530,4530,2,2024-02-11,2024-03-11,Monthly,True,Active,False,,29
4531,4531,2,2024-12-25,2025-01-25,Monthly,True,Active,False,,19
4532,4532,3,2024-04-14,2024-05-14,Monthly,False,Active,False,,27
4533,4533,6,2024-06-05,2025-06-05,Annual,True,Active,False,,25
4534,4534,6,2026-01-13,2027-01-13,Annual,False,Active,False,,6
4535,4535,3,2025-04-17,2025-05-17,Monthly,True,Active,False,,15
4536,4536,2,2024-07-31,2024-08-31,Monthly,True,Active,False,,24
4537,4537,2,2025-04-30,2025-05-30,Monthly,False,Active,False,,15
4538,4538,3,2025-09-24,2025-10-24,Monthly,True,Active,False,,10
4539,4539,3,2025-10-07,2025-11-07,Monthly,True,Active,False,,9
4540,4540,2,2024-10-02,2024-11-02,Monthly,True,Active,False,,21
4541,4541,2,2025-06-30,2025-07-30,Monthly,False,Active,False,,13
4542,4542,2,2024-07-30,2024-08-30,Monthly,False,Active,False,,24
4543,4543,3,2024-06-07,2024-07-07,Monthly,True,Active,False,,25
4544,4544,6,2024-03-08,2025-03-08,Annual,True,Active,False,,28
4545,4545,6,2024-09-11,2025-09-11,Annual,True,Active,False,,22
4546,4546,3,2024-04-13,2024-05-13,Monthly,True,Active,False,,27
4547,4547,3,2025-04-05,2025-05-05,Monthly,True,Active,False,,15
4548,4548,5,2025-05-10,2026-05-10,Annual,True,Active,False,,14
4549,4549,5,2024-02-18,2025-02-18,Annual,True,Active,False,,29
4550,4550,5,2025-11-29,2026-11-29,Annual,True,Active,False,,8
4551,4551,3,2025-10-17,2025-11-17,Monthly,True,Active,False,,9
4552,4552,6,2024-09-03,2025-09-03,Annual,True,Active,False,,22
4553,4553,4,2025-11-08,2025-12-08,Monthly,True,Active,False,,8
4554,4554,3,2025-10-30,2025-11-30,Monthly,True,Active,False,,9
4555,4555,6,2025-01-25,2026-01-25,Annual,True,Active,False,,18
4556,4556,2,2024-06-16,2024-08-21,Monthly,False,Cancelled,True,2024-08-21,25
4557,4557,2,2025-08-23,2025-09-23,Monthly,False,Active,False,,11
4558,4558,2,2024-10-17,2024-11-17,Monthly,False,Active,False,,21
4559,4559,3,2024-05-30,2024-06-30,Monthly,True,Active,False,,26
4560,4560,3,2024-11-12,2025-02-26,Monthly,True,Cancelled,True,2025-02-26,20
4561,4561,3,2025-02-09,2025-03-09,Monthly,True,Active,False,,17
4562,4562,4,2025-02-23,2025-06-27,Monthly,False,Expired,True,2025-06-27,17
4563,4563,5,2025-12-06,2026-12-06,Annual,True,Active,False,,7
4564,4564,2,2025-11-01,2025-12-01,Monthly,False,Active,False,,8
4565,4565,2,2024-11-19,2024-12-19,Monthly,False,Active,False,,20
4566,4566,6,2024-09-10,2025-09-10,Annual,True,Active,False,,22
4567,4567,2,2024-11-13,2024-12-13,Monthly,True,Active,False,,20
4568,4568,5,2025-03-02,2026-03-02,Annual,True,Active,False,,16
4569,4569,2,2025-05-18,2025-06-18,Monthly,True,Active,False,,14
4570,4570,5,2025-01-22,2026-01-22,Annual,True,Active,False,,18
4571,4571,5,2025-01-25,2026-01-25,Annual,True,Active,False,,18
4572,4572,4,2025-03-12,2025-08-22,Monthly,True,Cancelled,True,2025-08-22,16
4573,4573,5,2025-06-30,2026-06-30,Annual,True,Active,False,,13
4574,4574,4,2024-12-10,2025-01-10,Monthly,True,Active,False,,19
4575,4575,2,2025-05-19,2025-06-19,Monthly,True,Active,False,,14
4576,4576,3,2025-05-14,2025-06-14,Monthly,True,Active,False,,14
4577,4577,6,2025-01-10,2026-01-10,Annual,True,Active,False,,18
4578,4578,2,2025-01-23,2025-02-23,Monthly,True,Active,False,,18
4579,4579,5,2024-10-13,2025-10-13,Annual,True,Active,False,,21
4580,4580,5,2024-10-06,2025-10-06,Annual,True,Active,False,,21
4581,4581,3,2024-07-13,2024-08-13,Monthly,True,Active,False,,24
4582,4582,6,2024-02-04,2025-02-04,Annual,True,Active,False,,29
4583,4583,2,2025-01-24,2025-02-24,Monthly,True,Active,False,,18
4584,4584,6,2025-02-02,2026-02-02,Annual,True,Active,False,,17
4585,4585,4,2025-07-23,2025-08-23,Monthly,True,Active,False,,12
4586,4586,6,2025-03-02,2026-03-02,Annual,True,Active,False,,16
4587,4587,4,2024-07-10,2024-08-10,Monthly,True,Active,False,,24
4588,4588,3,2025-08-13,2025-09-13,Monthly,True,Active,False,,11
4589,4589,5,2025-02-23,2026-02-23,Annual,True,Active,False,,17
4590,4590,5,2024-06-23,2025-06-23,Annual,True,Active,False,,25
4591,4591,6,2025-07-06,2026-05-13,Annual,False,Expired,True,2026-05-13,12
4592,4592,3,2025-08-06,2025-11-21,Monthly,False,Expired,True,2025-11-21,11
4593,4593,4,2025-09-19,2025-10-19,Monthly,True,Active,False,,10
4594,4594,3,2025-10-16,2026-01-07,Monthly,False,Expired,True,2026-01-07,9
4595,4595,4,2025-06-30,2025-10-06,Monthly,False,Cancelled,True,2025-10-06,13
4596,4596,3,2025-10-24,2025-11-24,Monthly,True,Active,False,,9
4597,4597,2,2024-02-19,2024-03-19,Monthly,False,Active,False,,29
4598,4598,3,2024-07-22,2024-11-16,Monthly,False,Expired,True,2024-11-16,24
4599,4599,4,2025-01-15,2025-02-15,Monthly,True,Active,False,,18
4600,4600,4,2024-09-21,2024-10-21,Monthly,False,Active,False,,22
4601,4601,3,2024-06-21,2024-07-21,Monthly,False,Active,False,,25
4602,4602,4,2024-09-29,2024-10-29,Monthly,True,Active,False,,22
4603,4603,3,2025-10-02,2025-11-02,Monthly,True,Active,False,,9
4604,4604,2,2025-08-28,2025-09-28,Monthly,True,Active,False,,11
4605,4605,5,2025-10-13,2026-10-13,Annual,True,Active,False,,9
4606,4606,1,2024-08-07,2025-01-11,Monthly,False,Expired,True,2025-01-11,23
4607,4607,2,2025-01-09,2025-02-09,Monthly,True,Active,False,,18
4608,4608,4,2025-05-23,2025-06-23,Monthly,True,Active,False,,14
4609,4609,5,2025-05-04,2026-05-04,Annual,True,Active,False,,14
4610,4610,6,2024-07-01,2025-07-01,Annual,True,Active,False,,24
4611,4611,3,2025-01-07,2025-02-07,Monthly,True,Active,False,,18
4612,4612,1,2024-03-06,2024-04-06,Monthly,True,Active,False,,28
4613,4613,2,2025-07-23,2025-08-23,Monthly,True,Active,False,,12
4614,4614,4,2024-02-28,2024-03-28,Monthly,True,Active,False,,29
4615,4615,4,2024-02-10,2024-04-05,Monthly,True,Cancelled,True,2024-04-05,29
4616,4616,2,2024-09-14,2024-10-14,Monthly,True,Active,False,,22
4617,4617,6,2025-12-10,2026-12-10,Annual,True,Active,False,,7
4618,4618,6,2025-03-08,2026-03-08,Annual,True,Active,False,,16
4619,4619,3,2024-03-02,2024-04-02,Monthly,True,Active,False,,28
4620,4620,3,2025-09-05,2025-10-05,Monthly,True,Active,False,,10
4621,4621,5,2024-12-23,2025-12-17,Annual,True,Cancelled,True,2025-12-17,19
4622,4622,5,2025-02-04,2026-02-04,Annual,True,Active,False,,17
4623,4623,2,2025-05-05,2025-06-05,Monthly,True,Active,False,,14
4624,4624,2,2024-02-13,2024-03-13,Monthly,True,Active,False,,29
4625,4625,4,2024-11-05,2024-12-05,Monthly,True,Active,False,,20
4626,4626,2,2025-02-15,2025-03-15,Monthly,True,Active,False,,17
4627,4627,2,2025-02-23,2025-03-26,Monthly,True,Cancelled,True,2025-03-26,17
4628,4628,2,2024-11-20,2024-12-20,Monthly,True,Active,False,,20
4629,4629,2,2025-09-07,2025-10-07,Monthly,True,Active,False,,10
4630,4630,2,2025-12-21,2026-01-21,Monthly,True,Active,False,,7
4631,4631,5,2024-12-13,2025-12-13,Annual,True,Active,False,,19
4632,4632,3,2024-06-09,2024-07-09,Monthly,True,Active,False,,25
4633,4633,4,2024-09-10,2024-10-10,Monthly,True,Active,False,,22
4634,4634,5,2025-12-28,2026-12-28,Annual,True,Active,False,,7
4635,4635,2,2025-01-09,2025-02-09,Monthly,True,Active,False,,18
4636,4636,1,2024-03-13,2024-04-13,Monthly,True,Active,False,,28
4637,4637,2,2025-11-01,2025-12-01,Monthly,True,Active,False,,8
4638,4638,3,2024-01-18,2024-02-18,Monthly,True,Active,False,,30
4639,4639,2,2025-12-24,2026-01-24,Monthly,False,Active,False,,7
4640,4640,5,2025-06-22,2026-06-22,Annual,True,Active,False,,13
4641,4641,2,2024-08-28,2024-09-28,Monthly,True,Active,False,,23
4642,4642,4,2024-12-31,2025-01-31,Monthly,True,Active,False,,19
4643,4643,3,2025-01-11,2025-06-12,Monthly,True,Cancelled,True,2025-06-12,18
4644,4644,3,2025-06-10,2025-07-10,Monthly,True,Active,False,,13
4645,4645,5,2024-09-21,2025-09-21,Annual,True,Active,False,,22
4646,4646,3,2024-11-07,2025-03-17,Monthly,True,Cancelled,True,2025-03-17,20
4647,4647,4,2025-05-09,2025-06-09,Monthly,True,Active,False,,14
4648,4648,5,2024-08-31,2025-08-31,Annual,True,Active,False,,23
4649,4649,1,2024-04-15,2024-05-15,Monthly,True,Active,False,,27
4650,4650,5,2025-11-17,2026-11-17,Annual,True,Active,False,,8
4651,4651,5,2024-03-25,2025-03-25,Annual,True,Active,False,,28
4652,4652,6,2025-09-27,2026-09-27,Annual,True,Active,False,,10
4653,4653,2,2024-10-04,2024-11-04,Monthly,False,Active,False,,21
4654,4654,6,2024-05-05,2025-05-05,Annual,True,Active,False,,26
4655,4655,3,2025-03-12,2025-04-12,Monthly,True,Active,False,,16
4656,4656,3,2024-03-31,2024-04-30,Monthly,True,Active,False,,28
4657,4657,2,2024-07-10,2024-09-19,Monthly,False,Expired,True,2024-09-19,24
4658,4658,1,2025-04-29,2025-05-29,Monthly,True,Active,False,,15
4659,4659,6,2024-11-24,2025-11-24,Annual,True,Active,False,,20
4660,4660,2,2024-12-11,2025-03-30,Monthly,False,Expired,True,2025-03-30,19
4661,4661,5,2024-05-14,2025-05-14,Annual,True,Active,False,,26
4662,4662,5,2025-11-06,2026-11-06,Annual,True,Active,False,,8
4663,4663,2,2025-08-06,2025-09-06,Monthly,True,Active,False,,11
4664,4664,2,2025-05-01,2025-06-01,Monthly,True,Active,False,,14
4665,4665,2,2024-12-29,2025-01-29,Monthly,True,Active,False,,19
4666,4666,2,2024-12-06,2025-01-06,Monthly,True,Active,False,,19
4667,4667,2,2025-06-16,2025-07-16,Monthly,True,Active,False,,13
4668,4668,5,2025-07-19,2026-07-19,Annual,True,Active,False,,12
4669,4669,5,2024-03-08,2025-03-08,Annual,True,Active,False,,28
4670,4670,5,2024-12-14,2025-12-14,Annual,True,Active,False,,19
4671,4671,2,2024-06-07,2024-09-21,Monthly,False,Expired,True,2024-09-21,25
4672,4672,3,2024-12-15,2025-01-15,Monthly,True,Active,False,,19
4673,4673,6,2025-02-07,2026-02-07,Annual,True,Active,False,,17
4674,4674,5,2025-09-29,2026-09-29,Annual,True,Active,False,,10
4675,4675,5,2024-12-29,2025-12-29,Annual,True,Active,False,,19
4676,4676,2,2024-07-07,2024-08-07,Monthly,True,Active,False,,24
4677,4677,2,2025-02-08,2025-03-08,Monthly,True,Active,False,,17
4678,4678,5,2024-06-07,2025-06-07,Annual,True,Active,False,,25
4679,4679,5,2025-05-03,2026-05-03,Annual,True,Active,False,,14
4680,4680,2,2025-07-07,2025-08-07,Monthly,True,Active,False,,12
4681,4681,2,2025-04-27,2025-05-27,Monthly,True,Active,False,,15
4682,4682,5,2024-03-07,2025-03-07,Annual,True,Active,False,,28
4683,4683,1,2024-02-13,2024-04-22,Monthly,False,Expired,True,2024-04-22,29
4684,4684,2,2024-07-17,2024-08-17,Monthly,True,Active,False,,24
4685,4685,2,2024-05-28,2024-06-28,Monthly,True,Active,False,,26
4686,4686,1,2025-06-17,2025-07-17,Monthly,True,Active,False,,13
4687,4687,4,2025-07-03,2025-08-03,Monthly,True,Active,False,,12
4688,4688,3,2024-01-16,2024-02-16,Monthly,True,Active,False,,30
4689,4689,5,2025-10-07,2026-06-01,Annual,True,Cancelled,True,2026-06-01,9
4690,4690,2,2025-01-06,2025-02-06,Monthly,True,Active,False,,18
4691,4691,3,2024-06-26,2024-07-26,Monthly,True,Active,False,,25
4692,4692,2,2024-06-13,2024-11-02,Monthly,False,Expired,True,2024-11-02,25
4693,4693,6,2025-05-13,2026-05-13,Annual,True,Active,False,,14
4694,4694,3,2024-03-31,2024-04-30,Monthly,True,Active,False,,28
4695,4695,1,2025-11-15,2025-12-15,Monthly,True,Active,False,,8
4696,4696,5,2024-01-25,2025-01-25,Annual,True,Active,False,,30
4697,4697,2,2025-10-14,2025-11-14,Monthly,True,Active,False,,9
4698,4698,5,2025-01-01,2026-01-01,Annual,True,Active,False,,18
4699,4699,2,2025-08-14,2025-09-14,Monthly,True,Active,False,,11
4700,4700,3,2024-01-31,2024-02-29,Monthly,True,Active,False,,30
4701,4701,2,2024-10-21,2024-11-21,Monthly,True,Active,False,,21
4702,4702,2,2024-03-09,2024-04-09,Monthly,True,Active,False,,28
4703,4703,2,2025-12-27,2026-01-27,Monthly,True,Active,False,,7
4704,4704,4,2024-05-16,2024-06-16,Monthly,False,Active,False,,26
4705,4705,6,2024-04-28,2025-04-28,Annual,True,Active,False,,27
4706,4706,1,2025-10-25,2025-11-25,Monthly,True,Active,False,,9
4707,4707,1,2025-09-14,2025-10-14,Monthly,True,Active,False,,10
4708,4708,2,2024-05-24,2024-06-24,Monthly,True,Active,False,,26
4709,4709,3,2024-02-16,2024-03-16,Monthly,False,Active,False,,29
4710,4710,5,2025-08-24,2026-08-24,Annual,True,Active,False,,11
4711,4711,6,2024-12-08,2025-12-08,Annual,True,Active,False,,19
4712,4712,4,2025-02-26,2025-06-09,Monthly,False,Expired,True,2025-06-09,17
4713,4713,5,2025-10-21,2026-10-21,Annual,True,Active,False,,9
4714,4714,6,2024-06-25,2025-06-25,Annual,True,Active,False,,25
4715,4715,2,2025-08-24,2025-09-24,Monthly,True,Active,False,,11
4716,4716,2,2024-05-13,2024-06-13,Monthly,True,Active,False,,26
4717,4717,3,2025-09-16,2025-11-26,Monthly,True,Cancelled,True,2025-11-26,10
4718,4718,2,2024-05-17,2024-11-13,Monthly,False,Expired,True,2024-11-13,26
4719,4719,2,2025-02-13,2025-03-13,Monthly,True,Active,False,,17
4720,4720,4,2025-10-13,2026-01-28,Monthly,False,Expired,True,2026-01-28,9
4721,4721,3,2024-03-17,2024-04-17,Monthly,True,Active,False,,28
4722,4722,5,2025-03-07,2026-03-07,Annual,True,Active,False,,16
4723,4723,2,2025-07-04,2025-08-04,Monthly,True,Active,False,,12
4724,4724,5,2025-02-26,2026-02-26,Annual,True,Active,False,,17
4725,4725,5,2024-01-11,2025-01-11,Annual,True,Active,False,,30
4726,4726,5,2024-09-11,2025-09-11,Annual,True,Active,False,,22
4727,4727,2,2024-11-25,2024-12-25,Monthly,True,Active,False,,20
4728,4728,5,2025-08-28,2026-08-28,Annual,True,Active,False,,11
4729,4729,3,2025-09-01,2025-10-01,Monthly,True,Active,False,,10
4730,4730,2,2025-11-14,2025-12-14,Monthly,True,Active,False,,8
4731,4731,1,2024-09-16,2024-10-16,Monthly,True,Active,False,,22
4732,4732,5,2024-03-25,2025-03-25,Annual,True,Active,False,,28
4733,4733,2,2025-12-03,2026-02-07,Monthly,False,Expired,True,2026-02-07,7
4734,4734,3,2024-02-22,2024-03-22,Monthly,True,Active,False,,29
4735,4735,4,2025-11-23,2026-03-30,Monthly,True,Cancelled,True,2026-03-30,8
4736,4736,2,2024-10-25,2024-11-25,Monthly,True,Active,False,,21
4737,4737,6,2025-11-20,2026-11-20,Annual,True,Active,False,,8
4738,4738,2,2025-10-15,2025-11-15,Monthly,True,Active,False,,9
4739,4739,5,2025-08-02,2026-08-02,Annual,True,Active,False,,11
4740,4740,2,2025-07-30,2025-08-30,Monthly,True,Active,False,,12
4741,4741,5,2024-06-21,2025-06-21,Annual,True,Active,False,,25
4742,4742,4,2024-07-28,2024-11-21,Monthly,True,Cancelled,True,2024-11-21,24
4743,4743,3,2024-12-30,2025-01-30,Monthly,True,Active,False,,19
4744,4744,5,2025-12-22,2026-12-22,Annual,True,Active,False,,7
4745,4745,5,2025-01-10,2026-01-10,Annual,True,Active,False,,18
4746,4746,2,2024-06-03,2024-07-03,Monthly,True,Active,False,,25
4747,4747,2,2025-05-06,2025-06-06,Monthly,False,Active,False,,14
4748,4748,5,2025-10-30,2026-10-30,Annual,True,Active,False,,9
4749,4749,5,2024-09-27,2025-09-27,Annual,True,Active,False,,22
4750,4750,2,2024-11-22,2024-12-22,Monthly,True,Active,False,,20
4751,4751,3,2024-12-30,2025-01-30,Monthly,True,Active,False,,19
4752,4752,4,2024-01-21,2024-05-25,Monthly,False,Cancelled,True,2024-05-25,30
4753,4753,3,2025-02-24,2025-03-24,Monthly,False,Active,False,,17
4754,4754,2,2025-07-29,2025-08-29,Monthly,True,Active,False,,12
4755,4755,2,2025-12-22,2026-02-25,Monthly,False,Expired,True,2026-02-25,7
4756,4756,5,2024-01-30,2025-01-30,Annual,True,Active,False,,30
4757,4757,3,2025-01-23,2025-02-23,Monthly,False,Active,False,,18
4758,4758,2,2024-12-05,2025-01-05,Monthly,True,Active,False,,19
4759,4759,2,2024-03-13,2024-04-13,Monthly,True,Active,False,,28
4760,4760,2,2024-10-16,2024-11-16,Monthly,True,Active,False,,21
4761,4761,2,2024-08-12,2024-09-12,Monthly,True,Active,False,,23
4762,4762,2,2025-12-13,2026-01-13,Monthly,True,Active,False,,7
4763,4763,2,2024-06-08,2024-07-08,Monthly,True,Active,False,,25
4764,4764,3,2024-09-07,2024-10-08,Monthly,False,Cancelled,True,2024-10-08,22
4765,4765,6,2024-05-16,2025-05-16,Annual,True,Active,False,,26
4766,4766,5,2024-01-31,2025-01-31,Annual,True,Active,False,,30
4767,4767,2,2024-11-29,2024-12-29,Monthly,False,Active,False,,20
4768,4768,3,2025-01-02,2025-02-02,Monthly,True,Active,False,,18
4769,4769,5,2024-07-17,2025-07-17,Annual,True,Active,False,,24
4770,4770,6,2024-10-04,2025-10-04,Annual,True,Active,False,,21
4771,4771,5,2024-03-28,2025-03-28,Annual,True,Active,False,,28
4772,4772,3,2025-07-07,2025-08-07,Monthly,True,Active,False,,12
4773,4773,2,2025-02-12,2025-03-12,Monthly,True,Active,False,,17
4774,4774,4,2025-01-19,2025-02-19,Monthly,True,Active,False,,18
4775,4775,2,2025-09-12,2025-10-12,Monthly,True,Active,False,,10
4776,4776,2,2024-08-24,2024-09-24,Monthly,True,Active,False,,23
4777,4777,2,2024-05-26,2024-06-26,Monthly,True,Active,False,,26
4778,4778,3,2024-08-04,2024-09-04,Monthly,True,Active,False,,23
4779,4779,2,2025-02-09,2025-03-09,Monthly,True,Active,False,,17
4780,4780,2,2024-10-31,2024-11-30,Monthly,False,Active,False,,21
4781,4781,6,2025-02-07,2026-02-07,Annual,True,Active,False,,17
4782,4782,5,2024-10-24,2025-10-24,Annual,True,Active,False,,21
4783,4783,2,2024-10-24,2024-11-24,Monthly,True,Active,False,,21
4784,4784,6,2025-09-11,2026-09-11,Annual,True,Active,False,,10
4785,4785,5,2025-01-29,2026-01-29,Annual,True,Active,False,,18
4786,4786,4,2024-11-10,2024-12-10,Monthly,True,Active,False,,20
4787,4787,2,2024-11-24,2024-12-24,Monthly,True,Active,False,,20
4788,4788,4,2024-05-27,2024-06-27,Monthly,True,Active,False,,26
4789,4789,5,2025-08-15,2026-08-15,Annual,True,Active,False,,11
4790,4790,5,2024-06-06,2025-06-06,Annual,True,Active,False,,25
4791,4791,2,2025-12-20,2026-04-24,Monthly,False,Cancelled,True,2026-04-24,7
4792,4792,3,2024-05-03,2024-06-03,Monthly,True,Active,False,,26
4793,4793,2,2025-09-27,2025-10-27,Monthly,True,Active,False,,10
4794,4794,2,2024-09-02,2024-10-02,Monthly,True,Active,False,,22
4795,4795,3,2025-06-29,2025-07-29,Monthly,True,Active,False,,13
4796,4796,3,2025-09-12,2025-10-12,Monthly,True,Active,False,,10
4797,4797,5,2024-05-29,2025-05-29,Annual,True,Active,False,,26
4798,4798,3,2025-08-22,2025-09-22,Monthly,True,Active,False,,11
4799,4799,2,2025-03-03,2025-04-03,Monthly,True,Active,False,,16
4800,4800,3,2025-11-04,2025-12-04,Monthly,False,Active,False,,8
4801,4801,3,2025-03-06,2025-04-21,Monthly,False,Expired,True,2025-04-21,16
4802,4802,2,2024-06-14,2024-07-14,Monthly,False,Active,False,,25
4803,4803,6,2024-09-29,2025-09-29,Annual,True,Active,False,,22
4804,4804,1,2024-11-03,2024-12-03,Monthly,True,Active,False,,20
4805,4805,6,2024-09-26,2025-09-26,Annual,True,Active,False,,22
4806,4806,3,2025-02-25,2025-03-25,Monthly,True,Active,False,,17
4807,4807,2,2024-09-13,2024-10-13,Monthly,True,Active,False,,22
4808,4808,4,2025-08-12,2025-12-13,Monthly,False,Expired,True,2025-12-13,11
4809,4809,5,2024-10-26,2025-10-26,Annual,True,Active,False,,21
4810,4810,3,2024-10-18,2024-11-18,Monthly,True,Active,False,,21
4811,4811,5,2024-12-31,2025-12-31,Annual,True,Active,False,,19
4812,4812,2,2024-07-12,2024-08-12,Monthly,True,Active,False,,24
4813,4813,5,2025-09-29,2026-09-29,Annual,True,Active,False,,10
4814,4814,5,2025-04-27,2026-04-27,Annual,True,Active,False,,15
4815,4815,2,2024-09-18,2024-10-18,Monthly,True,Active,False,,22
4816,4816,5,2026-01-15,2027-01-15,Annual,True,Active,False,,6
4817,4817,5,2025-04-03,2026-04-03,Annual,True,Active,False,,15
4818,4818,4,2024-04-25,2024-05-25,Monthly,True,Active,False,,27
4819,4819,4,2025-01-07,2025-02-07,Monthly,False,Active,False,,18
4820,4820,5,2024-11-09,2025-11-09,Annual,True,Active,False,,20
4821,4821,2,2025-11-26,2026-03-18,Monthly,False,Expired,True,2026-03-18,8
4822,4822,5,2025-10-03,2026-10-03,Annual,True,Active,False,,9
4823,4823,2,2025-10-24,2026-04-09,Monthly,False,Cancelled,True,2026-04-09,9
4824,4824,5,2024-12-09,2025-12-09,Annual,True,Active,False,,19
4825,4825,5,2025-11-07,2026-11-07,Annual,True,Active,False,,8
4826,4826,5,2024-05-31,2025-05-31,Annual,True,Active,False,,26
4827,4827,3,2024-10-03,2024-11-03,Monthly,True,Active,False,,21
4828,4828,5,2024-11-21,2025-11-21,Annual,True,Active,False,,20
4829,4829,2,2025-11-09,2025-12-09,Monthly,False,Active,False,,8
4830,4830,1,2025-07-18,2025-08-18,Monthly,True,Active,False,,12
4831,4831,4,2025-04-08,2025-05-08,Monthly,True,Active,False,,15
4832,4832,6,2025-01-26,2026-01-26,Annual,True,Active,False,,18
4833,4833,6,2025-05-25,2026-05-25,Annual,True,Active,False,,14
4834,4834,3,2025-08-21,2025-09-21,Monthly,True,Active,False,,11
4835,4835,6,2024-01-27,2025-01-27,Annual,True,Active,False,,30
4836,4836,5,2025-06-06,2026-01-02,Annual,False,Cancelled,True,2026-01-02,13
4837,4837,2,2025-05-03,2025-06-03,Monthly,True,Active,False,,14
4838,4838,5,2024-09-14,2025-09-14,Annual,True,Active,False,,22
4839,4839,4,2024-03-14,2024-04-14,Monthly,True,Active,False,,28
4840,4840,5,2025-10-13,2026-10-13,Annual,True,Active,False,,9
4841,4841,2,2024-08-24,2024-09-24,Monthly,True,Active,False,,23
4842,4842,2,2024-11-20,2024-12-20,Monthly,True,Active,False,,20
4843,4843,1,2025-03-05,2025-04-05,Monthly,True,Active,False,,16
4844,4844,2,2024-09-16,2024-10-16,Monthly,True,Active,False,,22
4845,4845,3,2025-09-17,2025-10-17,Monthly,False,Active,False,,10
4846,4846,2,2024-11-18,2024-12-18,Monthly,True,Active,False,,20
4847,4847,5,2024-11-14,2025-11-14,Annual,True,Active,False,,20
4848,4848,3,2025-04-05,2025-05-05,Monthly,True,Active,False,,15
4849,4849,5,2024-08-28,2025-08-28,Annual,True,Active,False,,23
4850,4850,4,2025-04-16,2025-05-16,Monthly,False,Active,False,,15
4851,4851,4,2025-08-15,2025-09-15,Monthly,True,Active,False,,11
4852,4852,5,2024-07-29,2025-07-29,Annual,True,Active,False,,24
4853,4853,5,2024-09-17,2025-09-17,Annual,True,Active,False,,22
4854,4854,5,2024-12-05,2025-12-05,Annual,True,Active,False,,19
4855,4855,3,2025-07-25,2025-08-25,Monthly,True,Active,False,,12
4856,4856,5,2026-01-15,2027-01-15,Annual,True,Active,False,,6
4857,4857,4,2025-05-13,2025-06-13,Monthly,True,Active,False,,14
4858,4858,2,2025-08-07,2025-09-07,Monthly,True,Active,False,,11
4859,4859,1,2025-10-20,2025-11-20,Monthly,True,Active,False,,9
4860,4860,6,2025-05-13,2026-05-13,Annual,True,Active,False,,14
4861,4861,2,2024-03-09,2024-04-09,Monthly,True,Active,False,,28
4862,4862,2,2024-03-21,2024-04-21,Monthly,True,Active,False,,28
4863,4863,5,2024-08-15,2025-08-15,Annual,True,Active,False,,23
4864,4864,2,2024-10-08,2024-11-08,Monthly,False,Active,False,,21
4865,4865,5,2024-03-26,2025-03-26,Annual,True,Active,False,,28
4866,4866,3,2024-02-02,2024-03-02,Monthly,True,Active,False,,29
4867,4867,4,2025-01-29,2025-02-28,Monthly,True,Active,False,,18
4868,4868,3,2025-12-03,2026-01-03,Monthly,True,Active,False,,7
4869,4869,5,2025-08-02,2026-08-02,Annual,True,Active,False,,11
4870,4870,4,2025-02-15,2025-03-15,Monthly,True,Active,False,,17
4871,4871,3,2024-12-01,2025-01-01,Monthly,True,Active,False,,19
4872,4872,3,2025-09-14,2025-10-14,Monthly,True,Active,False,,10
4873,4873,2,2025-10-25,2025-11-25,Monthly,True,Active,False,,9
4874,4874,5,2024-04-22,2025-04-22,Annual,True,Active,False,,27
4875,4875,1,2024-04-16,2024-05-16,Monthly,True,Active,False,,27
4876,4876,4,2025-03-02,2025-06-06,Monthly,True,Cancelled,True,2025-06-06,16
4877,4877,5,2025-01-17,2026-01-17,Annual,True,Active,False,,18
4878,4878,2,2025-08-16,2025-09-16,Monthly,True,Active,False,,11
4879,4879,6,2025-05-19,2026-05-19,Annual,True,Active,False,,14
4880,4880,5,2025-05-12,2026-05-12,Annual,True,Active,False,,14
4881,4881,3,2024-09-26,2024-10-26,Monthly,True,Active,False,,22
4882,4882,1,2024-01-17,2024-02-17,Monthly,True,Active,False,,30
4883,4883,6,2024-08-13,2025-08-13,Annual,True,Active,False,,23
4884,4884,6,2025-03-07,2026-03-07,Annual,True,Active,False,,16
4885,4885,4,2025-10-30,2025-11-30,Monthly,True,Active,False,,9
4886,4886,4,2025-12-02,2026-01-02,Monthly,True,Active,False,,7
4887,4887,5,2024-09-17,2025-09-17,Annual,True,Active,False,,22
4888,4888,2,2025-10-19,2025-11-19,Monthly,True,Active,False,,9
4889,4889,5,2025-08-09,2026-08-09,Annual,True,Active,False,,11
4890,4890,6,2024-05-07,2025-05-07,Annual,True,Active,False,,26
4891,4891,2,2024-01-31,2024-02-29,Monthly,True,Active,False,,30
4892,4892,5,2025-05-28,2026-01-05,Annual,True,Cancelled,True,2026-01-05,14
4893,4893,4,2025-06-08,2025-07-08,Monthly,True,Active,False,,13
4894,4894,2,2024-11-12,2024-12-12,Monthly,True,Active,False,,20
4895,4895,2,2025-01-18,2025-02-18,Monthly,False,Active,False,,18
4896,4896,2,2024-05-30,2024-06-30,Monthly,True,Active,False,,26
4897,4897,3,2024-10-24,2024-11-24,Monthly,True,Active,False,,21
4898,4898,6,2025-02-01,2026-02-01,Annual,True,Active,False,,17
4899,4899,6,2025-01-06,2026-01-06,Annual,True,Active,False,,18
4900,4900,5,2025-02-26,2026-01-09,Annual,True,Cancelled,True,2026-01-09,17
4901,4901,4,2024-10-18,2024-11-18,Monthly,True,Active,False,,21
4902,4902,6,2024-03-27,2025-03-27,Annual,True,Active,False,,28
4903,4903,5,2025-02-14,2026-02-14,Annual,True,Active,False,,17
4904,4904,5,2024-05-26,2025-05-26,Annual,True,Active,False,,26
4905,4905,1,2024-04-22,2024-05-22,Monthly,True,Active,False,,27
4906,4906,5,2025-05-02,2026-05-02,Annual,True,Active,False,,14
4907,4907,5,2024-12-22,2025-12-22,Annual,True,Active,False,,19
4908,4908,3,2025-11-22,2025-12-22,Monthly,True,Active,False,,8
4909,4909,5,2025-04-30,2026-04-30,Annual,True,Active,False,,15
4910,4910,5,2024-05-03,2025-05-03,Annual,True,Active,False,,26
4911,4911,2,2025-07-29,2025-08-29,Monthly,True,Active,False,,12
4912,4912,4,2024-11-28,2025-05-10,Monthly,False,Expired,True,2025-05-10,20
4913,4913,3,2024-08-24,2024-09-24,Monthly,True,Active,False,,23
4914,4914,4,2024-12-22,2025-01-22,Monthly,True,Active,False,,19
4915,4915,1,2025-12-21,2026-05-05,Monthly,True,Cancelled,True,2026-05-05,7
4916,4916,4,2025-01-04,2025-02-04,Monthly,True,Active,False,,18
4917,4917,5,2024-05-14,2025-05-14,Annual,True,Active,False,,26
4918,4918,5,2025-06-23,2026-06-23,Annual,True,Active,False,,13
4919,4919,6,2024-06-14,2025-06-14,Annual,True,Active,False,,25
4920,4920,2,2025-07-26,2025-10-21,Monthly,True,Cancelled,True,2025-10-21,12
4921,4921,2,2024-07-16,2024-08-16,Monthly,False,Active,False,,24
4922,4922,3,2025-09-09,2025-10-09,Monthly,True,Active,False,,10
4923,4923,5,2024-05-05,2025-05-05,Annual,True,Active,False,,26
4924,4924,2,2024-06-18,2024-07-18,Monthly,True,Active,False,,25
4925,4925,2,2024-08-13,2024-09-13,Monthly,True,Active,False,,23
4926,4926,2,2024-05-26,2024-06-26,Monthly,False,Active,False,,26
4927,4927,2,2025-07-30,2025-08-30,Monthly,True,Active,False,,12
4928,4928,2,2025-11-20,2026-02-18,Monthly,False,Cancelled,True,2026-02-18,8
4929,4929,3,2026-01-24,2026-02-24,Monthly,True,Active,False,,6
4930,4930,5,2024-08-25,2025-08-25,Annual,True,Active,False,,23
4931,4931,1,2025-11-17,2025-12-17,Monthly,True,Active,False,,8
4932,4932,6,2025-02-15,2026-02-15,Annual,True,Active,False,,17
4933,4933,3,2024-12-28,2025-01-28,Monthly,True,Active,False,,19
4934,4934,2,2024-11-01,2024-12-01,Monthly,True,Active,False,,20
4935,4935,4,2025-01-03,2025-02-03,Monthly,True,Active,False,,18
4936,4936,2,2025-08-04,2025-09-04,Monthly,True,Active,False,,11
4937,4937,2,2025-05-19,2025-06-19,Monthly,True,Active,False,,14
4938,4938,5,2025-05-15,2026-05-15,Annual,True,Active,False,,14
4939,4939,3,2025-12-24,2026-01-24,Monthly,True,Active,False,,7
4940,4940,5,2025-08-24,2026-08-24,Annual,True,Active,False,,11
4941,4941,6,2024-12-24,2025-12-24,Annual,True,Active,False,,19
4942,4942,2,2024-07-03,2024-08-03,Monthly,False,Active,False,,24
4943,4943,3,2025-01-09,2025-02-09,Monthly,True,Active,False,,18
4944,4944,6,2024-12-15,2025-12-15,Annual,True,Active,False,,19
4945,4945,1,2025-12-25,2026-01-25,Monthly,True,Active,False,,7
4946,4946,5,2025-03-03,2026-03-03,Annual,True,Active,False,,16
4947,4947,5,2024-03-28,2025-03-28,Annual,True,Active,False,,28
4948,4948,1,2024-02-16,2024-03-16,Monthly,True,Active,False,,29
4949,4949,3,2026-01-12,2026-02-12,Monthly,False,Active,False,,6
4950,4950,3,2025-04-10,2025-05-10,Monthly,True,Active,False,,15
4951,4951,4,2025-02-21,2025-03-21,Monthly,False,Active,False,,17
4952,4952,4,2025-02-18,2025-03-18,Monthly,True,Active,False,,17
4953,4953,2,2024-11-14,2024-12-14,Monthly,True,Active,False,,20
4954,4954,5,2024-11-02,2025-11-02,Annual,True,Active,False,,20
4955,4955,4,2025-08-20,2025-09-20,Monthly,True,Active,False,,11
4956,4956,4,2025-06-19,2025-07-19,Monthly,True,Active,False,,13
4957,4957,5,2024-11-21,2025-11-21,Annual,True,Active,False,,20
4958,4958,4,2024-03-09,2024-04-09,Monthly,True,Active,False,,28
4959,4959,3,2024-02-15,2024-03-15,Monthly,True,Active,False,,29
4960,4960,5,2025-09-19,2026-09-19,Annual,True,Active,False,,10
4961,4961,4,2024-10-12,2024-11-12,Monthly,True,Active,False,,21
4962,4962,3,2025-12-21,2026-01-21,Monthly,True,Active,False,,7
4963,4963,3,2024-09-11,2024-10-11,Monthly,False,Active,False,,22
4964,4964,5,2025-05-25,2026-05-25,Annual,True,Active,False,,14
4965,4965,5,2025-10-31,2026-10-31,Annual,True,Active,False,,9
4966,4966,4,2026-01-14,2026-02-14,Monthly,True,Active,False,,6
4967,4967,2,2026-01-13,2026-02-13,Monthly,True,Active,False,,6
4968,4968,5,2025-05-12,2026-05-12,Annual,True,Active,False,,14
4969,4969,2,2025-09-19,2025-10-19,Monthly,True,Active,False,,10
4970,4970,5,2024-11-06,2025-11-06,Annual,True,Active,False,,20
4971,4971,6,2025-12-12,2026-12-12,Annual,True,Active,False,,7
4972,4972,6,2024-01-16,2025-01-16,Annual,False,Active,False,,30
4973,4973,2,2024-02-10,2024-04-28,Monthly,True,Cancelled,True,2024-04-28,29
4974,4974,3,2025-10-29,2025-11-29,Monthly,True,Active,False,,9
4975,4975,4,2025-10-17,2025-11-17,Monthly,True,Active,False,,9
4976,4976,6,2025-01-06,2026-01-06,Annual,True,Active,False,,18
4977,4977,6,2024-06-01,2025-06-01,Annual,True,Active,False,,25
4978,4978,3,2024-10-04,2025-01-07,Monthly,True,Cancelled,True,2025-01-07,21
4979,4979,5,2025-08-03,2026-08-03,Annual,True,Active,False,,11
4980,4980,4,2024-07-15,2024-08-15,Monthly,True,Active,False,,24
4981,4981,3,2025-12-08,2026-01-08,Monthly,True,Active,False,,7
4982,4982,2,2025-08-29,2025-09-29,Monthly,True,Active,False,,11
4983,4983,6,2024-06-08,2025-06-08,Annual,True,Active,False,,25
4984,4984,2,2024-06-21,2024-07-21,Monthly,True,Active,False,,25
4985,4985,3,2024-11-23,2024-12-23,Monthly,False,Active,False,,20
4986,4986,4,2025-09-22,2025-10-22,Monthly,True,Active,False,,10
4987,4987,5,2024-07-23,2025-07-23,Annual,True,Active,False,,24
4988,4988,2,2025-10-10,2025-11-10,Monthly,True,Active,False,,9
4989,4989,5,2024-10-24,2025-10-24,Annual,True,Active,False,,21
4990,4990,6,2024-05-22,2025-05-22,Annual,True,Active,False,,26
4991,4991,2,2024-09-30,2024-10-30,Monthly,True,Active,False,,22
4992,4992,6,2025-06-03,2026-06-03,Annual,True,Active,False,,13
4993,4993,5,2024-05-20,2025-05-20,Annual,True,Active,False,,26
4994,4994,3,2025-12-27,2026-01-27,Monthly,True,Active,False,,7
4995,4995,3,2025-07-31,2025-08-31,Monthly,False,Active,False,,12
4996,4996,3,2025-01-04,2025-02-04,Monthly,True,Active,False,,18
4997,4997,5,2025-04-13,2026-04-13,Annual,True,Active,False,,15
4998,4998,5,2024-08-16,2025-08-16,Annual,True,Active,False,,23
4999,4999,4,2025-12-24,2026-01-24,Monthly,True,Active,False,,7
5000,5000,5,2024-02-05,2025-02-05,Annual,True,Active,False,,29
5001,5001,2,2024-05-09,2024-06-09,Monthly,True,Active,False,,26
5002,5002,3,2025-03-19,2025-04-19,Monthly,True,Active,False,,16
5003,5003,5,2024-01-26,2025-01-26,Annual,True,Active,False,,30
5004,5004,4,2026-01-05,2026-02-05,Monthly,True,Active,False,,6
5005,5005,4,2024-05-29,2024-06-29,Monthly,True,Active,False,,26
5006,5006,2,2025-07-19,2025-08-19,Monthly,True,Active,False,,12
5007,5007,3,2024-09-16,2024-10-16,Monthly,True,Active,False,,22
5008,5008,6,2024-09-25,2025-09-25,Annual,True,Active,False,,22
5009,5009,3,2024-11-30,2024-12-30,Monthly,True,Active,False,,20
5010,5010,2,2025-12-03,2026-01-03,Monthly,True,Active,False,,7
5011,5011,3,2025-09-10,2025-10-10,Monthly,False,Active,False,,10
5012,5012,5,2024-09-23,2025-09-23,Annual,True,Active,False,,22
5013,5013,5,2025-11-06,2026-11-06,Annual,True,Active,False,,8
5014,5014,4,2024-06-20,2024-07-20,Monthly,True,Active,False,,25
5015,5015,6,2024-05-11,2025-05-11,Annual,True,Active,False,,26
5016,5016,1,2025-04-08,2025-05-08,Monthly,True,Active,False,,15
5017,5017,4,2024-12-01,2025-02-19,Monthly,False,Cancelled,True,2025-02-19,19
5018,5018,5,2024-12-13,2025-12-13,Annual,True,Active,False,,19
5019,5019,5,2025-07-14,2026-07-14,Annual,True,Active,False,,12
5020,5020,4,2024-02-18,2024-03-18,Monthly,True,Active,False,,29
5021,5021,2,2024-12-06,2025-04-22,Monthly,False,Cancelled,True,2025-04-22,19
5022,5022,3,2024-09-28,2024-10-28,Monthly,True,Active,False,,22
5023,5023,5,2024-02-24,2025-02-24,Annual,True,Active,False,,29
5024,5024,1,2025-09-18,2025-10-18,Monthly,False,Active,False,,10
5025,5025,3,2025-07-24,2025-10-27,Monthly,False,Expired,True,2025-10-27,12
5026,5026,3,2025-11-29,2025-12-29,Monthly,True,Active,False,,8
5027,5027,2,2025-12-07,2026-01-07,Monthly,True,Active,False,,7
5028,5028,2,2024-02-12,2024-03-12,Monthly,False,Active,False,,29
5029,5029,1,2024-06-22,2024-07-22,Monthly,True,Active,False,,25
5030,5030,6,2025-11-25,2026-11-25,Annual,True,Active,False,,8
5031,5031,5,2024-08-30,2025-08-30,Annual,True,Active,False,,23
5032,5032,2,2024-05-24,2024-06-24,Monthly,True,Active,False,,26
5033,5033,2,2025-08-10,2025-09-10,Monthly,True,Active,False,,11
5034,5034,3,2024-09-06,2024-12-23,Monthly,True,Cancelled,True,2024-12-23,22
5035,5035,3,2026-01-28,2026-03-28,Monthly,True,Cancelled,True,2026-03-28,6
5036,5036,2,2024-08-29,2024-10-04,Monthly,False,Cancelled,True,2024-10-04,23
5037,5037,2,2024-03-07,2024-04-07,Monthly,True,Active,False,,28
5038,5038,2,2025-10-16,2025-11-16,Monthly,True,Active,False,,9
5039,5039,2,2025-02-02,2025-03-02,Monthly,False,Active,False,,17
5040,5040,3,2024-05-05,2024-06-05,Monthly,True,Active,False,,26
5041,5041,2,2024-06-25,2024-07-25,Monthly,True,Active,False,,25
5042,5042,1,2024-10-11,2024-11-11,Monthly,True,Active,False,,21
5043,5043,6,2025-04-18,2026-04-18,Annual,True,Active,False,,15
5044,5044,6,2025-01-23,2026-01-23,Annual,True,Active,False,,18
5045,5045,3,2025-11-18,2025-12-18,Monthly,True,Active,False,,8
5046,5046,5,2025-09-28,2026-09-28,Annual,True,Active,False,,10
5047,5047,2,2025-06-12,2025-07-12,Monthly,True,Active,False,,13
5048,5048,4,2025-12-25,2026-04-05,Monthly,False,Cancelled,True,2026-04-05,7
5049,5049,1,2025-04-24,2025-08-03,Monthly,True,Cancelled,True,2025-08-03,15
5050,5050,5,2024-02-01,2025-02-01,Annual,False,Active,False,,29
5051,5051,2,2025-12-14,2026-01-14,Monthly,True,Active,False,,7
5052,5052,2,2025-08-11,2025-09-11,Monthly,True,Active,False,,11
5053,5053,5,2024-05-30,2025-05-30,Annual,True,Active,False,,26
5054,5054,5,2025-03-04,2026-03-04,Annual,True,Active,False,,16
5055,5055,2,2024-12-19,2025-01-19,Monthly,True,Active,False,,19
5056,5056,6,2025-01-18,2026-01-18,Annual,True,Active,False,,18
5057,5057,5,2025-07-22,2026-07-22,Annual,True,Active,False,,12
5058,5058,2,2026-01-10,2026-02-10,Monthly,True,Active,False,,6
5059,5059,6,2024-03-03,2025-03-03,Annual,True,Active,False,,28
5060,5060,6,2024-11-26,2025-11-26,Annual,True,Active,False,,20
5061,5061,5,2025-01-11,2026-01-11,Annual,True,Active,False,,18
5062,5062,4,2026-01-04,2026-02-04,Monthly,True,Active,False,,6
5063,5063,3,2024-08-20,2024-09-20,Monthly,True,Active,False,,23
5064,5064,2,2025-09-21,2025-11-04,Monthly,False,Expired,True,2025-11-04,10
5065,5065,5,2024-06-29,2025-06-29,Annual,True,Active,False,,25
5066,5066,2,2025-08-04,2025-09-04,Monthly,True,Active,False,,11
5067,5067,2,2025-02-13,2025-03-13,Monthly,False,Active,False,,17
5068,5068,5,2024-11-20,2025-11-20,Annual,True,Active,False,,20
5069,5069,3,2024-05-09,2024-06-09,Monthly,False,Active,False,,26
5070,5070,6,2024-06-13,2025-06-13,Annual,True,Active,False,,25
5071,5071,2,2024-11-18,2024-12-18,Monthly,True,Active,False,,20
5072,5072,2,2024-03-19,2024-09-01,Monthly,False,Expired,True,2024-09-01,28
5073,5073,3,2024-12-09,2025-01-09,Monthly,True,Active,False,,19
5074,5074,5,2024-11-03,2025-11-03,Annual,True,Active,False,,20
5075,5075,5,2025-06-20,2026-06-20,Annual,True,Active,False,,13
5076,5076,5,2024-11-16,2025-11-16,Annual,True,Active,False,,20
5077,5077,3,2024-10-20,2024-11-20,Monthly,True,Active,False,,21
5078,5078,4,2024-12-13,2025-01-13,Monthly,True,Active,False,,19
5079,5079,4,2025-03-01,2025-04-01,Monthly,True,Active,False,,16
5080,5080,5,2024-12-12,2025-12-12,Annual,True,Active,False,,19
5081,5081,3,2024-12-03,2025-01-03,Monthly,True,Active,False,,19
5082,5082,3,2025-12-25,2026-01-25,Monthly,True,Active,False,,7
5083,5083,2,2024-04-15,2024-05-15,Monthly,True,Active,False,,27
5084,5084,6,2024-01-18,2025-01-18,Annual,True,Active,False,,30
5085,5085,3,2024-06-22,2024-07-22,Monthly,False,Active,False,,25
5086,5086,5,2024-12-18,2025-12-18,Annual,True,Active,False,,19
5087,5087,5,2024-08-29,2025-08-29,Annual,True,Active,False,,23
5088,5088,1,2025-12-27,2026-01-27,Monthly,True,Active,False,,7
5089,5089,2,2025-01-21,2025-02-21,Monthly,True,Active,False,,18
5090,5090,5,2025-07-25,2026-07-25,Annual,True,Active,False,,12
5091,5091,4,2024-04-16,2024-05-16,Monthly,True,Active,False,,27
5092,5092,3,2025-02-25,2025-03-25,Monthly,True,Active,False,,17
5093,5093,5,2025-07-22,2026-07-22,Annual,True,Active,False,,12
5094,5094,5,2024-09-06,2025-09-06,Annual,True,Active,False,,22
5095,5095,5,2024-04-03,2025-04-03,Annual,True,Active,False,,27
5096,5096,2,2025-01-27,2025-02-27,Monthly,True,Active,False,,18
5097,5097,5,2024-01-08,2025-01-08,Annual,True,Active,False,,30
5098,5098,5,2025-09-01,2026-09-01,Annual,True,Active,False,,10
5099,5099,2,2025-03-17,2025-04-17,Monthly,False,Active,False,,16
5100,5100,1,2025-02-18,2025-03-18,Monthly,True,Active,False,,17
5101,5101,3,2024-05-05,2024-06-05,Monthly,True,Active,False,,26
5102,5102,5,2025-03-16,2026-03-16,Annual,True,Active,False,,16
5103,5103,4,2024-06-30,2024-07-30,Monthly,True,Active,False,,25
5104,5104,5,2026-01-23,2027-01-23,Annual,True,Active,False,,6
5105,5105,3,2025-04-30,2025-09-25,Monthly,False,Expired,True,2025-09-25,15
5106,5106,2,2024-08-03,2024-09-03,Monthly,True,Active,False,,23
5107,5107,3,2025-02-22,2025-03-22,Monthly,True,Active,False,,17
5108,5108,6,2025-03-01,2026-03-01,Annual,True,Active,False,,16
5109,5109,2,2025-01-06,2025-05-26,Monthly,True,Cancelled,True,2025-05-26,18
5110,5110,4,2024-06-07,2024-07-28,Monthly,False,Cancelled,True,2024-07-28,25
5111,5111,1,2024-06-05,2024-07-05,Monthly,True,Active,False,,25
5112,5112,2,2025-09-27,2025-10-27,Monthly,True,Active,False,,10
5113,5113,4,2025-06-15,2025-07-15,Monthly,True,Active,False,,13
5114,5114,4,2025-09-21,2025-10-21,Monthly,True,Active,False,,10
5115,5115,6,2024-05-02,2025-05-02,Annual,True,Active,False,,26
5116,5116,5,2024-07-13,2025-07-13,Annual,True,Active,False,,24
5117,5117,4,2025-08-10,2025-09-10,Monthly,True,Active,False,,11
5118,5118,2,2024-03-29,2024-04-29,Monthly,True,Active,False,,28
5119,5119,5,2024-10-10,2025-10-10,Annual,True,Active,False,,21
5120,5120,5,2025-09-11,2026-09-11,Annual,True,Active,False,,10
5121,5121,2,2025-03-28,2025-04-28,Monthly,True,Active,False,,16
5122,5122,2,2025-03-01,2025-06-04,Monthly,False,Expired,True,2025-06-04,16
5123,5123,3,2025-01-29,2025-02-28,Monthly,True,Active,False,,18
5124,5124,1,2024-09-13,2024-10-13,Monthly,True,Active,False,,22
5125,5125,3,2025-08-21,2025-09-21,Monthly,True,Active,False,,11
5126,5126,1,2025-07-14,2025-08-14,Monthly,True,Active,False,,12
5127,5127,2,2024-04-26,2024-05-26,Monthly,True,Active,False,,27
5128,5128,3,2024-05-07,2024-06-07,Monthly,True,Active,False,,26
5129,5129,2,2025-04-27,2025-05-27,Monthly,True,Active,False,,15
5130,5130,5,2024-09-10,2025-05-12,Annual,True,Cancelled,True,2025-05-12,22
5131,5131,5,2024-02-02,2025-02-02,Annual,True,Active,False,,29
5132,5132,5,2025-03-29,2026-03-29,Annual,True,Active,False,,16
5133,5133,3,2025-04-16,2025-05-16,Monthly,True,Active,False,,15
5134,5134,2,2025-10-25,2025-11-25,Monthly,False,Active,False,,9
5135,5135,4,2025-06-12,2025-07-12,Monthly,True,Active,False,,13
5136,5136,2,2025-09-22,2025-10-22,Monthly,True,Active,False,,10
5137,5137,3,2024-08-14,2024-09-14,Monthly,False,Active,False,,23
5138,5138,5,2024-11-17,2025-11-17,Annual,True,Active,False,,20
5139,5139,5,2024-06-25,2025-06-25,Annual,True,Active,False,,25
5140,5140,5,2025-04-12,2026-04-12,Annual,True,Active,False,,15
5141,5141,2,2025-10-19,2025-11-19,Monthly,False,Active,False,,9
5142,5142,5,2024-07-20,2025-07-20,Annual,True,Active,False,,24
5143,5143,6,2025-11-08,2026-11-08,Annual,True,Active,False,,8
5144,5144,2,2025-03-29,2025-07-21,Monthly,True,Cancelled,True,2025-07-21,16
5145,5145,2,2025-12-31,2026-01-31,Monthly,True,Active,False,,7
5146,5146,2,2026-01-11,2026-02-11,Monthly,True,Active,False,,6
5147,5147,5,2025-02-09,2026-02-09,Annual,True,Active,False,,17
5148,5148,4,2025-03-19,2025-04-27,Monthly,False,Expired,True,2025-04-27,16
5149,5149,3,2024-10-06,2024-11-06,Monthly,True,Active,False,,21
5150,5150,5,2024-08-16,2025-08-16,Annual,True,Active,False,,23
5151,5151,3,2024-07-21,2024-08-21,Monthly,True,Active,False,,24
5152,5152,6,2025-04-27,2026-04-27,Annual,True,Active,False,,15
5153,5153,2,2024-04-12,2024-05-12,Monthly,True,Active,False,,27
5154,5154,4,2025-05-27,2025-06-27,Monthly,True,Active,False,,14
5155,5155,1,2024-01-20,2024-02-20,Monthly,True,Active,False,,30
5156,5156,5,2025-05-19,2026-05-19,Annual,True,Active,False,,14
5157,5157,5,2024-08-19,2025-08-19,Annual,True,Active,False,,23
5158,5158,3,2025-08-30,2025-09-30,Monthly,True,Active,False,,11
5159,5159,4,2025-09-21,2025-10-21,Monthly,True,Active,False,,10
5160,5160,2,2025-11-15,2025-12-15,Monthly,True,Active,False,,8
5161,5161,2,2025-11-03,2025-12-03,Monthly,True,Active,False,,8
5162,5162,3,2024-02-19,2024-03-19,Monthly,True,Active,False,,29
5163,5163,5,2025-07-29,2026-07-29,Annual,True,Active,False,,12
5164,5164,2,2024-04-17,2024-09-17,Monthly,False,Cancelled,True,2024-09-17,27
5165,5165,5,2024-02-09,2025-02-09,Annual,True,Active,False,,29
5166,5166,2,2024-08-02,2024-09-02,Monthly,True,Active,False,,23
5167,5167,1,2025-02-21,2025-07-23,Monthly,True,Cancelled,True,2025-07-23,17
5168,5168,5,2025-02-19,2026-02-19,Annual,True,Active,False,,17
5169,5169,6,2025-10-20,2026-10-20,Annual,True,Active,False,,9
5170,5170,2,2024-06-09,2024-07-09,Monthly,True,Active,False,,25
5171,5171,5,2025-01-25,2026-01-25,Annual,True,Active,False,,18
5172,5172,2,2025-01-22,2025-02-22,Monthly,False,Active,False,,18
5173,5173,5,2025-07-17,2026-07-17,Annual,True,Active,False,,12
5174,5174,4,2024-10-09,2024-11-09,Monthly,True,Active,False,,21
5175,5175,1,2025-06-12,2025-07-12,Monthly,True,Active,False,,13
5176,5176,2,2024-09-15,2024-10-15,Monthly,True,Active,False,,22
5177,5177,1,2025-09-08,2026-01-14,Monthly,False,Expired,True,2026-01-14,10
5178,5178,2,2024-01-31,2024-02-29,Monthly,False,Active,False,,30
5179,5179,6,2024-03-16,2025-03-16,Annual,True,Active,False,,28
5180,5180,1,2025-08-14,2025-09-14,Monthly,True,Active,False,,11
5181,5181,3,2025-04-08,2025-07-13,Monthly,False,Expired,True,2025-07-13,15
5182,5182,4,2024-09-08,2024-10-08,Monthly,True,Active,False,,22
5183,5183,3,2025-06-30,2025-07-30,Monthly,True,Active,False,,13
5184,5184,2,2025-07-14,2025-08-14,Monthly,True,Active,False,,12
5185,5185,3,2025-03-15,2025-04-15,Monthly,True,Active,False,,16
5186,5186,5,2024-12-31,2025-12-31,Annual,True,Active,False,,19
5187,5187,6,2024-01-23,2025-01-23,Annual,True,Active,False,,30
5188,5188,2,2025-03-13,2025-04-13,Monthly,True,Active,False,,16
5189,5189,5,2024-06-05,2025-06-05,Annual,True,Active,False,,25
5190,5190,5,2024-04-09,2025-04-09,Annual,True,Active,False,,27
5191,5191,3,2025-02-03,2025-03-03,Monthly,True,Active,False,,17
5192,5192,2,2024-12-28,2025-01-28,Monthly,False,Active,False,,19
5193,5193,5,2024-08-19,2025-08-19,Annual,True,Active,False,,23
5194,5194,5,2024-01-31,2024-07-29,Annual,False,Expired,True,2024-07-29,30
5195,5195,2,2024-11-02,2025-02-26,Monthly,False,Cancelled,True,2025-02-26,20
5196,5196,5,2024-09-21,2025-09-21,Annual,True,Active,False,,22
5197,5197,3,2024-03-31,2024-04-30,Monthly,True,Active,False,,28
5198,5198,1,2024-04-01,2024-05-01,Monthly,True,Active,False,,27
5199,5199,5,2025-08-25,2026-08-25,Annual,True,Active,False,,11
5200,5200,5,2024-11-14,2025-11-14,Annual,True,Active,False,,20
5201,5201,5,2024-11-08,2025-11-08,Annual,True,Active,False,,20
5202,5202,5,2025-02-17,2026-02-17,Annual,True,Active,False,,17
5203,5203,5,2024-05-23,2025-05-23,Annual,True,Active,False,,26
5204,5204,2,2025-12-23,2026-01-22,Monthly,True,Cancelled,True,2026-01-22,7
5205,5205,4,2024-10-20,2024-11-20,Monthly,True,Active,False,,21
5206,5206,4,2025-08-31,2026-02-15,Monthly,True,Cancelled,True,2026-02-15,11
5207,5207,3,2025-08-12,2025-09-12,Monthly,True,Active,False,,11
5208,5208,1,2025-12-25,2026-01-25,Monthly,True,Active,False,,7
5209,5209,3,2025-09-25,2025-10-25,Monthly,True,Active,False,,10
5210,5210,4,2024-10-15,2024-11-15,Monthly,True,Active,False,,21
5211,5211,2,2025-10-14,2025-11-14,Monthly,True,Active,False,,9
5212,5212,5,2024-01-12,2025-01-12,Annual,True,Active,False,,30
5213,5213,5,2025-02-05,2026-02-05,Annual,True,Active,False,,17
5214,5214,6,2024-11-05,2025-11-05,Annual,True,Active,False,,20
5215,5215,2,2025-11-05,2025-12-05,Monthly,True,Active,False,,8
5216,5216,5,2024-09-08,2025-09-08,Annual,True,Active,False,,22
5217,5217,1,2025-11-14,2025-12-14,Monthly,True,Active,False,,8
5218,5218,5,2025-01-30,2026-01-30,Annual,True,Active,False,,18
5219,5219,6,2024-06-13,2025-06-13,Annual,True,Active,False,,25
5220,5220,2,2025-10-09,2025-11-09,Monthly,True,Active,False,,9
5221,5221,2,2025-02-26,2025-03-26,Monthly,True,Active,False,,17
5222,5222,4,2025-06-11,2025-07-11,Monthly,True,Active,False,,13
5223,5223,2,2025-03-17,2025-07-29,Monthly,True,Cancelled,True,2025-07-29,16
5224,5224,4,2024-12-09,2025-01-09,Monthly,True,Active,False,,19
5225,5225,4,2024-07-15,2024-08-15,Monthly,True,Active,False,,24
5226,5226,1,2024-04-07,2024-05-07,Monthly,True,Active,False,,27
5227,5227,2,2024-05-25,2024-06-25,Monthly,True,Active,False,,26
5228,5228,4,2024-07-30,2024-08-30,Monthly,True,Active,False,,24
5229,5229,5,2024-11-10,2025-11-10,Annual,True,Active,False,,20
5230,5230,2,2025-04-26,2025-05-26,Monthly,True,Active,False,,15
5231,5231,4,2024-06-26,2024-07-26,Monthly,True,Active,False,,25
5232,5232,2,2025-08-25,2025-09-25,Monthly,True,Active,False,,11
5233,5233,6,2024-08-30,2025-08-30,Annual,True,Active,False,,23
5234,5234,3,2025-10-05,2025-11-05,Monthly,True,Active,False,,9
5235,5235,2,2025-07-11,2025-08-11,Monthly,True,Active,False,,12
5236,5236,5,2024-05-12,2025-05-12,Annual,True,Active,False,,26
5237,5237,2,2024-02-22,2024-03-22,Monthly,True,Active,False,,29
5238,5238,2,2025-07-26,2025-08-26,Monthly,True,Active,False,,12
5239,5239,5,2024-09-11,2025-09-11,Annual,True,Active,False,,22
5240,5240,2,2024-10-11,2024-11-11,Monthly,False,Active,False,,21
5241,5241,1,2024-06-03,2024-07-03,Monthly,True,Active,False,,25
5242,5242,3,2025-04-20,2025-05-20,Monthly,True,Active,False,,15
5243,5243,5,2025-08-11,2026-08-11,Annual,True,Active,False,,11
5244,5244,6,2024-07-15,2025-07-15,Annual,True,Active,False,,24
5245,5245,3,2025-12-31,2026-01-31,Monthly,True,Active,False,,7
5246,5246,3,2024-02-10,2024-03-10,Monthly,True,Active,False,,29
5247,5247,2,2025-01-16,2025-02-16,Monthly,True,Active,False,,18
5248,5248,5,2025-09-10,2026-09-10,Annual,True,Active,False,,10
5249,5249,5,2024-11-30,2025-11-30,Annual,True,Active,False,,20
5250,5250,5,2024-02-01,2025-02-01,Annual,True,Active,False,,29
5251,5251,1,2025-11-14,2025-12-14,Monthly,True,Active,False,,8
5252,5252,3,2025-08-15,2025-09-15,Monthly,True,Active,False,,11
5253,5253,4,2025-02-11,2025-03-11,Monthly,True,Active,False,,17
5254,5254,2,2025-03-02,2025-04-02,Monthly,True,Active,False,,16
5255,5255,4,2024-04-23,2024-05-23,Monthly,True,Active,False,,27
5256,5256,2,2024-06-16,2024-07-16,Monthly,True,Active,False,,25
5257,5257,5,2025-05-08,2026-05-08,Annual,True,Active,False,,14
5258,5258,4,2025-09-02,2026-02-11,Monthly,False,Expired,True,2026-02-11,10
5259,5259,5,2025-01-22,2026-01-22,Annual,True,Active,False,,18
5260,5260,5,2024-09-10,2025-09-10,Annual,True,Active,False,,22
5261,5261,2,2026-01-12,2026-02-12,Monthly,True,Active,False,,6
5262,5262,6,2025-08-15,2026-08-15,Annual,True,Active,False,,11
5263,5263,6,2024-12-25,2025-12-25,Annual,True,Active,False,,19
5264,5264,3,2025-07-30,2025-08-30,Monthly,True,Active,False,,12
5265,5265,5,2024-04-23,2025-04-23,Annual,True,Active,False,,27
5266,5266,5,2025-09-15,2026-09-15,Annual,True,Active,False,,10
5267,5267,3,2025-02-28,2025-03-28,Monthly,True,Active,False,,17
5268,5268,5,2025-10-06,2026-10-06,Annual,True,Active,False,,9
5269,5269,5,2024-09-12,2025-09-12,Annual,True,Active,False,,22
5270,5270,5,2024-07-01,2025-07-01,Annual,True,Active,False,,24
5271,5271,3,2024-06-04,2024-07-04,Monthly,False,Active,False,,25
5272,5272,5,2024-05-24,2025-05-24,Annual,True,Active,False,,26
5273,5273,3,2024-05-23,2024-06-23,Monthly,True,Active,False,,26
5274,5274,2,2025-11-17,2025-12-17,Monthly,True,Active,False,,8
5275,5275,5,2025-12-30,2026-12-30,Annual,True,Active,False,,7
5276,5276,3,2024-12-25,2025-01-25,Monthly,True,Active,False,,19
5277,5277,5,2024-09-05,2025-09-05,Annual,True,Active,False,,22
5278,5278,4,2025-02-09,2025-03-09,Monthly,True,Active,False,,17
5279,5279,3,2024-08-14,2024-09-14,Monthly,True,Active,False,,23
5280,5280,4,2025-11-09,2025-12-09,Monthly,True,Active,False,,8
5281,5281,2,2024-07-25,2024-08-25,Monthly,True,Active,False,,24
5282,5282,6,2024-12-13,2025-12-13,Annual,True,Active,False,,19
5283,5283,6,2024-02-07,2025-02-07,Annual,True,Active,False,,29
5284,5284,2,2024-04-01,2024-05-01,Monthly,True,Active,False,,27
5285,5285,5,2024-10-08,2025-10-08,Annual,True,Active,False,,21
5286,5286,2,2025-09-07,2026-02-27,Monthly,False,Cancelled,True,2026-02-27,10
5287,5287,2,2024-07-14,2024-08-14,Monthly,True,Active,False,,24
5288,5288,2,2024-12-15,2025-01-15,Monthly,True,Active,False,,19
5289,5289,2,2025-11-22,2025-12-22,Monthly,False,Active,False,,8
5290,5290,6,2025-03-30,2026-03-30,Annual,True,Active,False,,16
5291,5291,5,2025-04-11,2026-04-11,Annual,True,Active,False,,15
5292,5292,3,2024-05-27,2024-06-27,Monthly,True,Active,False,,26
5293,5293,5,2025-04-22,2026-04-22,Annual,True,Active,False,,15
5294,5294,3,2024-04-25,2024-05-25,Monthly,True,Active,False,,27
5295,5295,2,2024-07-16,2024-08-16,Monthly,True,Active,False,,24
5296,5296,2,2025-06-08,2025-07-08,Monthly,True,Active,False,,13
5297,5297,5,2024-12-22,2025-12-22,Annual,True,Active,False,,19
5298,5298,5,2024-06-06,2025-06-06,Annual,True,Active,False,,25
5299,5299,5,2024-03-15,2025-03-15,Annual,True,Active,False,,28
5300,5300,2,2025-09-13,2025-10-13,Monthly,True,Active,False,,10
5301,5301,5,2024-04-03,2025-04-03,Annual,True,Active,False,,27
5302,5302,5,2024-10-05,2025-10-05,Annual,True,Active,False,,21
5303,5303,3,2024-11-04,2024-12-04,Monthly,True,Active,False,,20
5304,5304,5,2024-06-10,2025-06-10,Annual,True,Active,False,,25
5305,5305,5,2024-01-21,2025-01-21,Annual,True,Active,False,,30
5306,5306,2,2025-06-09,2025-07-09,Monthly,True,Active,False,,13
5307,5307,2,2025-04-08,2025-07-10,Monthly,False,Expired,True,2025-07-10,15
5308,5308,2,2025-06-02,2025-07-02,Monthly,True,Active,False,,13
5309,5309,2,2025-12-28,2026-01-28,Monthly,False,Active,False,,7
5310,5310,5,2024-12-29,2025-12-29,Annual,True,Active,False,,19
5311,5311,2,2024-11-11,2024-12-11,Monthly,False,Active,False,,20
5312,5312,2,2025-03-30,2025-04-30,Monthly,True,Active,False,,16
5313,5313,5,2024-06-24,2025-03-13,Annual,True,Cancelled,True,2025-03-13,25
5314,5314,2,2025-06-06,2025-08-09,Monthly,False,Expired,True,2025-08-09,13
5315,5315,5,2024-05-01,2025-05-01,Annual,True,Active,False,,26
5316,5316,3,2024-02-15,2024-06-12,Monthly,False,Cancelled,True,2024-06-12,29
5317,5317,5,2024-10-10,2025-06-29,Annual,False,Expired,True,2025-06-29,21
5318,5318,5,2024-08-20,2025-08-20,Annual,True,Active,False,,23
5319,5319,2,2025-02-21,2025-03-21,Monthly,True,Active,False,,17
5320,5320,5,2024-06-12,2025-06-12,Annual,True,Active,False,,25
5321,5321,4,2025-02-26,2025-03-26,Monthly,True,Active,False,,17
5322,5322,5,2024-10-03,2025-10-03,Annual,True,Active,False,,21
5323,5323,3,2025-03-20,2025-08-18,Monthly,False,Expired,True,2025-08-18,16
5324,5324,1,2025-02-01,2025-03-01,Monthly,True,Active,False,,17
5325,5325,2,2025-04-23,2025-05-23,Monthly,True,Active,False,,15
5326,5326,3,2024-01-23,2024-02-23,Monthly,True,Active,False,,30
5327,5327,5,2024-07-28,2025-07-28,Annual,True,Active,False,,24
5328,5328,2,2024-04-23,2024-08-08,Monthly,False,Expired,True,2024-08-08,27
5329,5329,5,2024-05-04,2025-05-04,Annual,True,Active,False,,26
5330,5330,2,2024-11-09,2024-12-09,Monthly,True,Active,False,,20
5331,5331,5,2025-10-07,2026-10-07,Annual,True,Active,False,,9
5332,5332,5,2024-03-27,2025-03-27,Annual,True,Active,False,,28
5333,5333,2,2024-12-27,2025-01-27,Monthly,True,Active,False,,19
5334,5334,4,2024-07-29,2024-08-29,Monthly,True,Active,False,,24
5335,5335,6,2024-02-16,2025-02-16,Annual,True,Active,False,,29
5336,5336,2,2025-01-19,2025-02-19,Monthly,True,Active,False,,18
5337,5337,6,2025-07-10,2026-07-10,Annual,False,Active,False,,12
5338,5338,2,2025-07-06,2025-08-06,Monthly,True,Active,False,,12
5339,5339,5,2025-12-14,2026-12-14,Annual,True,Active,False,,7
5340,5340,5,2025-04-22,2026-04-22,Annual,True,Active,False,,15
5341,5341,5,2024-05-09,2025-05-09,Annual,True,Active,False,,26
5342,5342,4,2025-08-01,2025-11-11,Monthly,True,Cancelled,True,2025-11-11,11
5343,5343,2,2025-07-26,2025-08-26,Monthly,True,Active,False,,12
5344,5344,5,2024-12-24,2025-12-24,Annual,True,Active,False,,19
5345,5345,2,2025-07-13,2025-08-13,Monthly,True,Active,False,,12
5346,5346,2,2024-10-26,2024-11-26,Monthly,True,Active,False,,21
5347,5347,1,2024-03-02,2024-04-02,Monthly,True,Active,False,,28
5348,5348,3,2024-03-02,2024-04-02,Monthly,True,Active,False,,28
5349,5349,4,2025-06-27,2025-07-27,Monthly,True,Active,False,,13
5350,5350,2,2024-07-18,2024-08-18,Monthly,True,Active,False,,24
5351,5351,3,2024-05-17,2024-06-17,Monthly,False,Active,False,,26
5352,5352,2,2025-06-25,2025-07-25,Monthly,False,Active,False,,13
5353,5353,2,2025-05-09,2025-10-17,Monthly,True,Cancelled,True,2025-10-17,14
5354,5354,2,2024-09-17,2024-10-17,Monthly,True,Active,False,,22
5355,5355,3,2024-06-01,2024-07-01,Monthly,True,Active,False,,25
5356,5356,5,2026-01-07,2027-01-07,Annual,True,Active,False,,6
5357,5357,4,2025-09-17,2025-10-17,Monthly,True,Active,False,,10
5358,5358,2,2025-02-24,2025-03-24,Monthly,True,Active,False,,17
5359,5359,5,2025-10-27,2026-10-27,Annual,True,Active,False,,9
5360,5360,5,2024-05-26,2025-05-26,Annual,True,Active,False,,26
5361,5361,2,2025-12-20,2026-01-20,Monthly,True,Active,False,,7
5362,5362,2,2025-07-14,2025-08-14,Monthly,False,Active,False,,12
5363,5363,5,2026-01-15,2027-01-15,Annual,True,Active,False,,6
5364,5364,2,2025-02-21,2025-03-21,Monthly,True,Active,False,,17
5365,5365,3,2024-04-16,2024-08-21,Monthly,True,Cancelled,True,2024-08-21,27
5366,5366,5,2025-03-23,2026-03-23,Annual,True,Active,False,,16
5367,5367,3,2024-06-19,2024-07-19,Monthly,True,Active,False,,25
5368,5368,5,2024-09-16,2025-09-16,Annual,True,Active,False,,22
5369,5369,5,2025-10-15,2026-10-15,Annual,True,Active,False,,9
5370,5370,5,2025-07-30,2026-07-30,Annual,True,Active,False,,12
5371,5371,2,2025-01-21,2025-02-21,Monthly,True,Active,False,,18
5372,5372,6,2024-08-02,2025-08-02,Annual,True,Active,False,,23
5373,5373,3,2025-10-07,2025-11-07,Monthly,True,Active,False,,9
5374,5374,2,2024-11-28,2024-12-28,Monthly,True,Active,False,,20
5375,5375,6,2025-11-21,2026-11-21,Annual,True,Active,False,,8
5376,5376,2,2025-09-30,2025-10-30,Monthly,True,Active,False,,10
5377,5377,5,2025-10-23,2026-10-23,Annual,True,Active,False,,9
5378,5378,5,2024-05-03,2025-05-03,Annual,True,Active,False,,26
5379,5379,5,2025-12-18,2026-12-18,Annual,True,Active,False,,7
5380,5380,5,2025-04-09,2026-04-09,Annual,True,Active,False,,15
5381,5381,2,2025-08-23,2025-09-23,Monthly,True,Active,False,,11
5382,5382,5,2024-10-20,2025-09-26,Annual,True,Cancelled,True,2025-09-26,21
5383,5383,2,2025-02-18,2025-05-10,Monthly,True,Cancelled,True,2025-05-10,17
5384,5384,6,2025-09-06,2026-09-06,Annual,True,Active,False,,10
5385,5385,3,2025-12-16,2026-01-16,Monthly,True,Active,False,,7
5386,5386,5,2025-01-16,2026-01-16,Annual,True,Active,False,,18
5387,5387,2,2025-10-13,2025-11-13,Monthly,True,Active,False,,9
5388,5388,4,2024-03-26,2024-04-26,Monthly,True,Active,False,,28
5389,5389,2,2024-11-27,2024-12-27,Monthly,True,Active,False,,20
5390,5390,2,2025-05-17,2025-06-17,Monthly,True,Active,False,,14
5391,5391,2,2025-02-19,2025-03-19,Monthly,True,Active,False,,17
5392,5392,6,2024-06-08,2025-06-08,Annual,True,Active,False,,25
5393,5393,5,2024-10-17,2025-10-17,Annual,True,Active,False,,21
5394,5394,5,2026-01-19,2027-01-19,Annual,True,Active,False,,6
5395,5395,2,2024-11-10,2024-12-10,Monthly,True,Active,False,,20
5396,5396,5,2024-09-14,2025-09-14,Annual,True,Active,False,,22
5397,5397,3,2025-03-16,2025-04-16,Monthly,True,Active,False,,16
5398,5398,1,2025-01-11,2025-06-25,Monthly,False,Expired,True,2025-06-25,18
5399,5399,2,2025-05-06,2025-06-06,Monthly,True,Active,False,,14
5400,5400,3,2024-03-13,2024-07-13,Monthly,False,Expired,True,2024-07-13,28
5401,5401,5,2024-04-01,2025-04-01,Annual,True,Active,False,,27
5402,5402,2,2025-10-10,2025-11-10,Monthly,True,Active,False,,9
5403,5403,5,2025-06-24,2026-06-24,Annual,True,Active,False,,13
5404,5404,4,2025-01-17,2025-02-17,Monthly,True,Active,False,,18
5405,5405,5,2025-10-23,2026-10-23,Annual,True,Active,False,,9
5406,5406,3,2025-02-23,2025-03-23,Monthly,True,Active,False,,17
5407,5407,3,2024-08-18,2024-09-18,Monthly,True,Active,False,,23
5408,5408,6,2025-03-30,2025-12-01,Annual,True,Cancelled,True,2025-12-01,16
5409,5409,2,2024-09-26,2024-10-26,Monthly,False,Active,False,,22
5410,5410,3,2024-04-23,2024-05-23,Monthly,False,Active,False,,27
5411,5411,6,2024-06-05,2025-06-05,Annual,True,Active,False,,25
5412,5412,5,2024-03-19,2025-03-19,Annual,True,Active,False,,28
5413,5413,2,2024-02-23,2024-03-23,Monthly,True,Active,False,,29
5414,5414,2,2024-07-15,2024-08-15,Monthly,True,Active,False,,24
5415,5415,5,2025-09-28,2026-09-28,Annual,True,Active,False,,10
5416,5416,1,2024-04-23,2024-05-23,Monthly,True,Active,False,,27
5417,5417,5,2025-05-13,2025-11-20,Annual,True,Cancelled,True,2025-11-20,14
5418,5418,2,2025-05-24,2025-06-24,Monthly,True,Active,False,,14
5419,5419,3,2024-06-09,2024-07-09,Monthly,True,Active,False,,25
5420,5420,3,2024-09-21,2024-10-21,Monthly,True,Active,False,,22
5421,5421,5,2024-03-16,2025-03-16,Annual,True,Active,False,,28
5422,5422,4,2024-12-12,2025-01-12,Monthly,True,Active,False,,19
5423,5423,3,2025-02-24,2025-03-24,Monthly,True,Active,False,,17
5424,5424,3,2024-02-15,2024-07-17,Monthly,False,Expired,True,2024-07-17,29
5425,5425,5,2025-08-26,2026-08-26,Annual,True,Active,False,,11
5426,5426,4,2024-07-31,2024-08-31,Monthly,True,Active,False,,24
5427,5427,2,2025-03-26,2025-04-26,Monthly,True,Active,False,,16
5428,5428,5,2024-03-10,2025-03-10,Annual,True,Active,False,,28
5429,5429,3,2025-05-27,2025-06-27,Monthly,True,Active,False,,14
5430,5430,5,2025-07-06,2026-07-06,Annual,False,Active,False,,12
5431,5431,6,2025-02-17,2026-02-17,Annual,False,Active,False,,17
5432,5432,3,2025-04-21,2025-05-21,Monthly,True,Active,False,,15
5433,5433,5,2024-07-05,2025-07-05,Annual,True,Active,False,,24
5434,5434,6,2024-03-17,2025-03-17,Annual,True,Active,False,,28
5435,5435,3,2025-08-13,2025-09-13,Monthly,True,Active,False,,11
5436,5436,2,2024-07-08,2024-08-08,Monthly,True,Active,False,,24
5437,5437,3,2024-04-28,2024-05-28,Monthly,True,Active,False,,27
5438,5438,2,2024-09-15,2024-10-15,Monthly,True,Active,False,,22
5439,5439,3,2025-10-08,2025-11-08,Monthly,True,Active,False,,9
5440,5440,2,2024-11-20,2024-12-20,Monthly,False,Active,False,,20
5441,5441,3,2025-01-19,2025-02-19,Monthly,True,Active,False,,18
5442,5442,4,2025-03-18,2025-05-21,Monthly,True,Cancelled,True,2025-05-21,16
5443,5443,2,2025-08-18,2025-10-07,Monthly,False,Cancelled,True,2025-10-07,11
5444,5444,6,2024-03-02,2024-11-30,Annual,False,Cancelled,True,2024-11-30,28
5445,5445,3,2025-03-21,2025-04-21,Monthly,True,Active,False,,16
5446,5446,3,2024-10-10,2024-11-10,Monthly,True,Active,False,,21
5447,5447,3,2024-03-10,2024-07-15,Monthly,True,Cancelled,True,2024-07-15,28
5448,5448,3,2025-11-03,2025-12-03,Monthly,True,Active,False,,8
5449,5449,2,2024-09-10,2024-10-22,Monthly,False,Expired,True,2024-10-22,22
5450,5450,4,2024-03-16,2024-04-16,Monthly,True,Active,False,,28
5451,5451,2,2025-01-25,2025-02-25,Monthly,True,Active,False,,18
5452,5452,3,2026-01-28,2026-02-28,Monthly,True,Active,False,,6
5453,5453,2,2024-02-20,2024-03-20,Monthly,True,Active,False,,29
5454,5454,6,2024-09-30,2025-09-30,Annual,True,Active,False,,22
5455,5455,5,2024-10-02,2025-10-02,Annual,True,Active,False,,21
5456,5456,5,2025-05-21,2026-05-21,Annual,True,Active,False,,14
5457,5457,3,2024-08-28,2024-09-28,Monthly,True,Active,False,,23
5458,5458,2,2024-11-08,2024-12-08,Monthly,True,Active,False,,20
5459,5459,6,2024-06-29,2025-06-29,Annual,True,Active,False,,25
5460,5460,6,2024-08-13,2025-08-13,Annual,True,Active,False,,23
5461,5461,5,2024-04-11,2024-12-30,Annual,True,Cancelled,True,2024-12-30,27
5462,5462,5,2026-01-05,2027-01-05,Annual,False,Active,False,,6
5463,5463,4,2024-06-25,2024-07-25,Monthly,True,Active,False,,25
5464,5464,5,2024-11-24,2025-11-24,Annual,True,Active,False,,20
5465,5465,4,2025-09-11,2025-10-11,Monthly,True,Active,False,,10
5466,5466,2,2025-07-12,2025-08-12,Monthly,True,Active,False,,12
5467,5467,5,2024-10-24,2025-10-24,Annual,True,Active,False,,21
5468,5468,1,2024-07-31,2024-08-31,Monthly,True,Active,False,,24
5469,5469,6,2025-10-04,2026-10-04,Annual,True,Active,False,,9
5470,5470,4,2024-10-18,2024-11-18,Monthly,True,Active,False,,21
5471,5471,5,2025-09-16,2026-09-16,Annual,True,Active,False,,10
5472,5472,5,2024-03-12,2025-03-12,Annual,True,Active,False,,28
5473,5473,4,2024-07-11,2024-08-11,Monthly,True,Active,False,,24
5474,5474,3,2024-12-02,2025-01-02,Monthly,True,Active,False,,19
5475,5475,5,2024-11-16,2025-11-16,Annual,True,Active,False,,20
5476,5476,2,2024-03-01,2024-04-01,Monthly,True,Active,False,,28
5477,5477,2,2024-05-14,2024-06-14,Monthly,False,Active,False,,26
5478,5478,6,2025-04-09,2026-04-09,Annual,True,Active,False,,15
5479,5479,2,2024-12-30,2025-02-17,Monthly,False,Cancelled,True,2025-02-17,19
5480,5480,2,2025-04-12,2025-05-12,Monthly,True,Active,False,,15
5481,5481,2,2025-05-17,2025-06-17,Monthly,True,Active,False,,14
5482,5482,3,2025-11-12,2025-12-12,Monthly,True,Active,False,,8
5483,5483,5,2024-06-22,2025-06-22,Annual,False,Active,False,,25
5484,5484,5,2024-03-09,2025-03-09,Annual,True,Active,False,,28
5485,5485,1,2024-08-15,2024-09-15,Monthly,True,Active,False,,23
5486,5486,5,2024-04-29,2025-04-29,Annual,True,Active,False,,27
5487,5487,5,2025-09-17,2026-09-17,Annual,True,Active,False,,10
5488,5488,2,2025-06-11,2025-07-11,Monthly,True,Active,False,,13
5489,5489,5,2025-06-02,2026-06-02,Annual,True,Active,False,,13
5490,5490,3,2025-09-14,2025-10-14,Monthly,True,Active,False,,10
5491,5491,4,2025-01-10,2025-02-10,Monthly,True,Active,False,,18
5492,5492,4,2024-10-21,2024-11-21,Monthly,True,Active,False,,21
5493,5493,5,2025-12-28,2026-12-28,Annual,True,Active,False,,7
5494,5494,4,2025-03-05,2025-04-05,Monthly,True,Active,False,,16
5495,5495,4,2025-10-04,2025-11-04,Monthly,True,Active,False,,9
5496,5496,5,2024-10-25,2025-10-25,Annual,True,Active,False,,21
5497,5497,3,2024-01-28,2024-02-28,Monthly,True,Active,False,,30
5498,5498,3,2024-03-10,2024-08-16,Monthly,False,Cancelled,True,2024-08-16,28
5499,5499,3,2025-12-04,2026-04-21,Monthly,False,Expired,True,2026-04-21,7
5500,5500,2,2024-05-05,2024-06-05,Monthly,True,Active,False,,26
5501,5501,6,2025-05-14,2026-05-14,Annual,True,Active,False,,14
5502,5502,2,2025-04-03,2025-05-03,Monthly,True,Active,False,,15
5503,5503,5,2024-02-01,2025-02-01,Annual,True,Active,False,,29
5504,5504,2,2025-09-17,2025-10-17,Monthly,False,Active,False,,10
5505,5505,1,2024-01-31,2024-02-29,Monthly,True,Active,False,,30
5506,5506,5,2025-03-24,2026-03-24,Annual,True,Active,False,,16
5507,5507,5,2025-10-01,2026-10-01,Annual,True,Active,False,,9
5508,5508,5,2025-10-31,2026-10-31,Annual,True,Active,False,,9
5509,5509,2,2024-10-03,2024-11-03,Monthly,True,Active,False,,21
5510,5510,5,2025-09-13,2026-09-13,Annual,True,Active,False,,10
5511,5511,3,2025-01-11,2025-02-11,Monthly,False,Active,False,,18
5512,5512,4,2024-08-05,2024-09-05,Monthly,True,Active,False,,23
5513,5513,5,2024-07-04,2025-07-04,Annual,True,Active,False,,24
5514,5514,4,2024-09-09,2024-10-09,Monthly,True,Active,False,,22
5515,5515,2,2025-06-26,2025-07-26,Monthly,False,Active,False,,13
5516,5516,4,2024-09-25,2024-10-25,Monthly,True,Active,False,,22
5517,5517,4,2024-02-25,2024-03-25,Monthly,True,Active,False,,29
5518,5518,2,2025-04-18,2025-05-18,Monthly,True,Active,False,,15
5519,5519,2,2024-10-12,2024-11-12,Monthly,True,Active,False,,21
5520,5520,1,2024-08-25,2024-09-25,Monthly,True,Active,False,,23
5521,5521,5,2024-10-14,2025-10-14,Annual,True,Active,False,,21
5522,5522,5,2025-03-26,2026-03-26,Annual,True,Active,False,,16
5523,5523,2,2024-01-25,2024-02-25,Monthly,False,Active,False,,30
5524,5524,5,2025-06-29,2026-06-29,Annual,True,Active,False,,13
5525,5525,3,2025-08-01,2025-10-03,Monthly,False,Cancelled,True,2025-10-03,11
5526,5526,2,2025-10-15,2025-11-15,Monthly,True,Active,False,,9
5527,5527,2,2025-12-05,2026-01-05,Monthly,True,Active,False,,7
5528,5528,6,2024-02-29,2025-02-28,Annual,True,Active,False,,29
5529,5529,1,2025-10-05,2025-11-05,Monthly,True,Active,False,,9
5530,5530,2,2024-11-20,2024-12-20,Monthly,True,Active,False,,20
5531,5531,5,2025-05-01,2026-05-01,Annual,True,Active,False,,14
5532,5532,5,2024-11-04,2025-11-04,Annual,True,Active,False,,20
5533,5533,4,2025-06-21,2025-07-21,Monthly,True,Active,False,,13
5534,5534,2,2024-12-31,2025-01-31,Monthly,True,Active,False,,19
5535,5535,2,2024-07-18,2024-08-18,Monthly,True,Active,False,,24
5536,5536,2,2025-07-18,2025-12-25,Monthly,True,Cancelled,True,2025-12-25,12
5537,5537,3,2025-10-01,2025-11-22,Monthly,False,Expired,True,2025-11-22,9
5538,5538,1,2025-08-24,2025-09-24,Monthly,True,Active,False,,11
5539,5539,2,2024-03-03,2024-04-03,Monthly,True,Active,False,,28
5540,5540,2,2024-12-15,2025-02-17,Monthly,False,Cancelled,True,2025-02-17,19
5541,5541,5,2025-09-04,2026-09-04,Annual,True,Active,False,,10
5542,5542,2,2024-09-01,2024-10-01,Monthly,True,Active,False,,22
5543,5543,2,2024-03-31,2024-04-30,Monthly,True,Active,False,,28
5544,5544,2,2024-02-15,2024-03-15,Monthly,True,Active,False,,29
5545,5545,5,2024-07-28,2025-07-28,Annual,True,Active,False,,24
5546,5546,3,2025-02-02,2025-03-02,Monthly,True,Active,False,,17
5547,5547,1,2025-02-01,2025-03-01,Monthly,True,Active,False,,17
5548,5548,3,2024-04-17,2024-05-17,Monthly,True,Active,False,,27
5549,5549,3,2025-06-28,2025-07-28,Monthly,True,Active,False,,13
5550,5550,5,2025-10-27,2026-10-27,Annual,True,Active,False,,9
5551,5551,2,2024-12-24,2025-01-24,Monthly,True,Active,False,,19
5552,5552,2,2025-06-04,2025-07-04,Monthly,True,Active,False,,13
5553,5553,2,2025-08-02,2025-09-02,Monthly,True,Active,False,,11
5554,5554,3,2025-07-13,2025-08-13,Monthly,True,Active,False,,12
5555,5555,2,2025-12-03,2026-01-03,Monthly,True,Active,False,,7
5556,5556,5,2025-08-17,2026-08-17,Annual,True,Active,False,,11
5557,5557,6,2025-10-31,2026-10-31,Annual,True,Active,False,,9
5558,5558,6,2025-08-17,2026-08-17,Annual,True,Active,False,,11
5559,5559,4,2024-05-17,2024-06-17,Monthly,True,Active,False,,26
5560,5560,2,2025-09-30,2025-10-30,Monthly,False,Active,False,,10
5561,5561,2,2025-11-20,2025-12-20,Monthly,False,Active,False,,8
5562,5562,5,2024-10-28,2025-10-28,Annual,True,Active,False,,21
5563,5563,5,2025-10-09,2026-10-09,Annual,True,Active,False,,9
5564,5564,2,2025-11-24,2025-12-24,Monthly,True,Active,False,,8
5565,5565,3,2025-01-21,2025-02-21,Monthly,True,Active,False,,18
5566,5566,3,2024-10-14,2024-11-14,Monthly,True,Active,False,,21
5567,5567,6,2024-11-13,2025-11-13,Annual,True,Active,False,,20
5568,5568,4,2025-09-20,2025-10-20,Monthly,True,Active,False,,10
5569,5569,2,2025-10-29,2025-11-29,Monthly,True,Active,False,,9
5570,5570,5,2026-01-01,2027-01-01,Annual,True,Active,False,,6
5571,5571,5,2025-04-15,2026-04-15,Annual,True,Active,False,,15
5572,5572,3,2026-01-12,2026-02-12,Monthly,False,Active,False,,6
5573,5573,6,2025-09-24,2026-09-24,Annual,True,Active,False,,10
5574,5574,3,2024-07-12,2024-11-03,Monthly,True,Cancelled,True,2024-11-03,24
5575,5575,2,2024-04-29,2024-05-29,Monthly,True,Active,False,,27
5576,5576,5,2024-10-19,2025-10-19,Annual,True,Active,False,,21
5577,5577,3,2024-05-10,2024-06-10,Monthly,True,Active,False,,26
5578,5578,2,2025-10-29,2025-11-29,Monthly,True,Active,False,,9
5579,5579,3,2025-02-26,2025-03-26,Monthly,True,Active,False,,17
5580,5580,5,2025-12-05,2026-12-05,Annual,True,Active,False,,7
5581,5581,1,2024-09-11,2024-10-11,Monthly,True,Active,False,,22
5582,5582,5,2025-07-28,2026-07-28,Annual,True,Active,False,,12
5583,5583,2,2024-04-08,2024-05-08,Monthly,True,Active,False,,27
5584,5584,3,2025-12-03,2026-01-03,Monthly,True,Active,False,,7
5585,5585,5,2024-07-20,2025-07-20,Annual,True,Active,False,,24
5586,5586,2,2025-08-18,2025-09-18,Monthly,True,Active,False,,11
5587,5587,2,2024-12-05,2025-01-05,Monthly,True,Active,False,,19
5588,5588,3,2024-03-24,2024-04-24,Monthly,True,Active,False,,28
5589,5589,2,2025-08-15,2025-09-15,Monthly,True,Active,False,,11
5590,5590,5,2025-09-27,2026-09-27,Annual,True,Active,False,,10
5591,5591,5,2024-09-15,2025-09-15,Annual,True,Active,False,,22
5592,5592,2,2025-10-27,2025-11-27,Monthly,True,Active,False,,9
5593,5593,6,2024-11-19,2025-11-19,Annual,True,Active,False,,20
5594,5594,4,2024-11-17,2024-12-17,Monthly,True,Active,False,,20
5595,5595,5,2025-03-27,2026-03-27,Annual,False,Active,False,,16
5596,5596,2,2024-03-26,2024-04-26,Monthly,True,Active,False,,28
5597,5597,3,2025-04-20,2025-05-20,Monthly,True,Active,False,,15
5598,5598,2,2024-03-10,2024-04-10,Monthly,True,Active,False,,28
5599,5599,2,2025-03-28,2025-04-28,Monthly,True,Active,False,,16
5600,5600,4,2024-03-10,2024-04-10,Monthly,True,Active,False,,28
5601,5601,3,2024-02-09,2024-03-09,Monthly,True,Active,False,,29
5602,5602,2,2024-07-13,2024-08-13,Monthly,True,Active,False,,24
5603,5603,2,2025-01-29,2025-02-28,Monthly,True,Active,False,,18
5604,5604,4,2024-10-15,2024-11-15,Monthly,True,Active,False,,21
5605,5605,2,2024-04-06,2024-05-06,Monthly,True,Active,False,,27
5606,5606,5,2025-12-26,2026-12-26,Annual,True,Active,False,,7
5607,5607,5,2025-09-06,2026-04-17,Annual,True,Cancelled,True,2026-04-17,10
5608,5608,2,2024-01-24,2024-02-24,Monthly,True,Active,False,,30
5609,5609,5,2024-04-07,2025-04-07,Annual,True,Active,False,,27
5610,5610,2,2024-08-20,2024-09-20,Monthly,False,Active,False,,23
5611,5611,5,2025-05-21,2026-05-21,Annual,True,Active,False,,14
5612,5612,5,2025-07-01,2026-03-21,Annual,True,Cancelled,True,2026-03-21,12
5613,5613,6,2024-03-30,2025-03-30,Annual,True,Active,False,,28
5614,5614,1,2024-10-31,2024-11-30,Monthly,True,Active,False,,21
5615,5615,5,2024-12-03,2025-12-03,Annual,True,Active,False,,19
5616,5616,3,2024-08-22,2024-09-22,Monthly,True,Active,False,,23
5617,5617,5,2025-08-19,2026-08-19,Annual,True,Active,False,,11
5618,5618,5,2025-01-12,2026-01-12,Annual,True,Active,False,,18
5619,5619,2,2025-11-20,2025-12-20,Monthly,True,Active,False,,8
5620,5620,3,2025-10-11,2025-11-11,Monthly,True,Active,False,,9
5621,5621,5,2025-11-17,2026-11-17,Annual,True,Active,False,,8
5622,5622,6,2025-10-18,2026-10-18,Annual,True,Active,False,,9
5623,5623,2,2024-03-24,2024-09-13,Monthly,True,Cancelled,True,2024-09-13,28
5624,5624,5,2025-05-04,2026-05-04,Annual,True,Active,False,,14
5625,5625,1,2025-06-07,2025-07-07,Monthly,True,Active,False,,13
5626,5626,2,2024-01-23,2024-02-23,Monthly,True,Active,False,,30
5627,5627,5,2025-05-08,2026-05-08,Annual,True,Active,False,,14
5628,5628,5,2025-02-03,2026-02-03,Annual,True,Active,False,,17
5629,5629,5,2025-12-05,2026-12-05,Annual,True,Active,False,,7
5630,5630,2,2024-06-06,2024-07-06,Monthly,True,Active,False,,25
5631,5631,2,2026-01-10,2026-02-10,Monthly,True,Active,False,,6
5632,5632,5,2024-07-11,2025-07-11,Annual,True,Active,False,,24
5633,5633,3,2024-01-17,2024-02-17,Monthly,True,Active,False,,30
5634,5634,3,2026-01-21,2026-02-21,Monthly,False,Active,False,,6
5635,5635,6,2026-01-11,2027-01-11,Annual,True,Active,False,,6
5636,5636,5,2024-05-26,2025-05-26,Annual,True,Active,False,,26
5637,5637,3,2024-09-19,2024-10-19,Monthly,True,Active,False,,22
5638,5638,1,2025-03-10,2025-04-10,Monthly,True,Active,False,,16
5639,5639,2,2024-12-22,2025-01-22,Monthly,True,Active,False,,19
5640,5640,6,2024-10-25,2025-10-25,Annual,True,Active,False,,21
5641,5641,5,2024-08-20,2025-08-20,Annual,True,Active,False,,23
5642,5642,2,2024-06-04,2024-07-04,Monthly,True,Active,False,,25
5643,5643,1,2024-03-06,2024-04-06,Monthly,True,Active,False,,28
5644,5644,5,2025-08-28,2026-08-28,Annual,True,Active,False,,11
5645,5645,6,2025-09-11,2026-09-11,Annual,True,Active,False,,10
5646,5646,5,2024-09-11,2025-09-11,Annual,True,Active,False,,22
5647,5647,2,2025-06-24,2025-07-24,Monthly,False,Active,False,,13
5648,5648,5,2024-02-10,2025-02-10,Annual,True,Active,False,,29
5649,5649,3,2025-08-09,2025-09-09,Monthly,True,Active,False,,11
5650,5650,5,2024-07-04,2025-04-24,Annual,True,Cancelled,True,2025-04-24,24
5651,5651,3,2025-10-16,2025-11-16,Monthly,True,Active,False,,9
5652,5652,4,2026-01-02,2026-02-02,Monthly,True,Active,False,,6
5653,5653,5,2025-09-25,2026-09-25,Annual,True,Active,False,,10
5654,5654,5,2024-01-21,2025-01-21,Annual,True,Active,False,,30
5655,5655,4,2025-06-10,2025-07-10,Monthly,True,Active,False,,13
5656,5656,3,2024-07-01,2024-12-19,Monthly,False,Cancelled,True,2024-12-19,24
5657,5657,5,2025-03-13,2026-03-13,Annual,True,Active,False,,16
5658,5658,2,2024-07-16,2024-08-16,Monthly,False,Active,False,,24
5659,5659,6,2025-02-12,2026-02-12,Annual,True,Active,False,,17
5660,5660,5,2024-10-02,2025-10-02,Annual,True,Active,False,,21
5661,5661,2,2025-03-09,2025-06-08,Monthly,False,Cancelled,True,2025-06-08,16
5662,5662,5,2024-11-02,2025-11-02,Annual,True,Active,False,,20
5663,5663,5,2025-02-22,2026-02-22,Annual,True,Active,False,,17
5664,5664,6,2024-03-24,2025-03-24,Annual,True,Active,False,,28
5665,5665,4,2024-04-16,2024-10-06,Monthly,False,Expired,True,2024-10-06,27
5666,5666,5,2024-07-11,2025-07-11,Annual,True,Active,False,,24
5667,5667,5,2025-12-09,2026-12-09,Annual,True,Active,False,,7
5668,5668,4,2025-06-01,2025-07-01,Monthly,True,Active,False,,13
5669,5669,5,2024-10-22,2025-10-22,Annual,True,Active,False,,21
5670,5670,3,2024-12-14,2025-01-14,Monthly,True,Active,False,,19
5671,5671,5,2025-08-17,2026-08-17,Annual,True,Active,False,,11
5672,5672,5,2025-10-07,2026-10-07,Annual,True,Active,False,,9
5673,5673,2,2025-09-27,2025-10-27,Monthly,True,Active,False,,10
5674,5674,2,2024-05-25,2024-06-25,Monthly,True,Active,False,,26
5675,5675,2,2024-10-03,2024-11-03,Monthly,False,Active,False,,21
5676,5676,4,2024-10-16,2024-11-16,Monthly,True,Active,False,,21
5677,5677,2,2024-10-28,2024-11-28,Monthly,True,Active,False,,21
5678,5678,5,2024-03-30,2025-03-30,Annual,True,Active,False,,28
5679,5679,5,2024-12-06,2025-12-06,Annual,True,Active,False,,19
5680,5680,2,2024-09-16,2024-10-16,Monthly,True,Active,False,,22
5681,5681,3,2025-02-10,2025-03-10,Monthly,True,Active,False,,17
5682,5682,5,2025-11-26,2026-11-26,Annual,True,Active,False,,8
5683,5683,2,2025-12-01,2026-05-17,Monthly,False,Cancelled,True,2026-05-17,7
5684,5684,5,2025-05-30,2026-05-30,Annual,True,Active,False,,14
5685,5685,4,2024-11-29,2024-12-29,Monthly,True,Active,False,,20
5686,5686,5,2025-11-23,2026-11-23,Annual,True,Active,False,,8
5687,5687,5,2025-08-14,2026-08-14,Annual,True,Active,False,,11
5688,5688,2,2025-03-17,2025-04-17,Monthly,False,Active,False,,16
5689,5689,3,2024-02-20,2024-03-20,Monthly,True,Active,False,,29
5690,5690,5,2025-04-30,2026-04-30,Annual,True,Active,False,,15
5691,5691,2,2024-01-12,2024-06-15,Monthly,False,Cancelled,True,2024-06-15,30
5692,5692,4,2025-03-06,2025-04-06,Monthly,True,Active,False,,16
5693,5693,2,2024-03-11,2024-04-11,Monthly,True,Active,False,,28
5694,5694,5,2025-10-09,2026-10-09,Annual,True,Active,False,,9
5695,5695,3,2025-11-22,2025-12-22,Monthly,True,Active,False,,8
5696,5696,5,2024-12-02,2025-12-02,Annual,True,Active,False,,19
5697,5697,4,2024-02-24,2024-03-24,Monthly,True,Active,False,,29
5698,5698,5,2025-01-06,2025-09-11,Annual,True,Cancelled,True,2025-09-11,18
5699,5699,1,2025-05-22,2025-06-22,Monthly,True,Active,False,,14
5700,5700,3,2024-09-12,2024-10-12,Monthly,False,Active,False,,22
5701,5701,3,2024-06-11,2024-07-11,Monthly,False,Active,False,,25
5702,5702,1,2025-11-28,2025-12-28,Monthly,True,Active,False,,8
5703,5703,5,2025-09-22,2026-09-22,Annual,True,Active,False,,10
5704,5704,2,2024-08-24,2024-09-24,Monthly,True,Active,False,,23
5705,5705,2,2025-11-19,2025-12-19,Monthly,True,Active,False,,8
5706,5706,2,2024-05-23,2024-07-28,Monthly,False,Cancelled,True,2024-07-28,26
5707,5707,5,2024-10-07,2025-10-07,Annual,True,Active,False,,21
5708,5708,4,2024-11-29,2024-12-29,Monthly,True,Active,False,,20
5709,5709,6,2024-08-09,2025-08-09,Annual,True,Active,False,,23
5710,5710,3,2025-12-09,2026-01-09,Monthly,True,Active,False,,7
5711,5711,2,2025-06-09,2025-07-09,Monthly,True,Active,False,,13
5712,5712,2,2025-03-17,2025-04-17,Monthly,True,Active,False,,16
5713,5713,2,2025-09-18,2025-10-18,Monthly,True,Active,False,,10
5714,5714,5,2024-11-13,2025-11-13,Annual,True,Active,False,,20
5715,5715,6,2025-12-11,2026-12-11,Annual,True,Active,False,,7
5716,5716,3,2025-04-11,2025-05-11,Monthly,True,Active,False,,15
5717,5717,5,2025-08-03,2026-08-03,Annual,True,Active,False,,11
5718,5718,4,2025-04-03,2025-05-03,Monthly,True,Active,False,,15
5719,5719,2,2024-11-22,2025-03-31,Monthly,True,Cancelled,True,2025-03-31,20
5720,5720,2,2025-07-08,2025-08-08,Monthly,True,Active,False,,12
5721,5721,3,2024-02-11,2024-03-11,Monthly,True,Active,False,,29
5722,5722,5,2025-09-21,2026-09-21,Annual,True,Active,False,,10
5723,5723,2,2024-11-15,2024-12-15,Monthly,False,Active,False,,20
5724,5724,5,2025-01-01,2026-01-01,Annual,True,Active,False,,18
5725,5725,2,2024-04-24,2024-05-24,Monthly,False,Active,False,,27
5726,5726,2,2024-07-22,2024-08-22,Monthly,True,Active,False,,24
5727,5727,2,2024-02-20,2024-03-20,Monthly,True,Active,False,,29
5728,5728,3,2025-05-21,2025-06-21,Monthly,True,Active,False,,14
5729,5729,5,2025-01-04,2026-01-04,Annual,True,Active,False,,18
5730,5730,5,2024-02-16,2025-02-16,Annual,True,Active,False,,29
5731,5731,2,2024-09-19,2024-10-19,Monthly,True,Active,False,,22
5732,5732,1,2024-05-30,2024-06-30,Monthly,True,Active,False,,26
5733,5733,5,2025-08-20,2026-08-20,Annual,True,Active,False,,11
5734,5734,6,2024-12-18,2025-12-18,Annual,True,Active,False,,19
5735,5735,3,2025-01-26,2025-02-26,Monthly,False,Active,False,,18
5736,5736,5,2025-04-19,2026-04-19,Annual,True,Active,False,,15
5737,5737,5,2025-11-03,2026-11-03,Annual,True,Active,False,,8
5738,5738,6,2024-05-09,2025-05-09,Annual,True,Active,False,,26
5739,5739,2,2024-12-04,2025-01-04,Monthly,True,Active,False,,19
5740,5740,5,2025-12-16,2026-12-16,Annual,True,Active,False,,7
5741,5741,5,2024-12-03,2025-12-03,Annual,True,Active,False,,19
5742,5742,5,2024-04-27,2025-04-27,Annual,True,Active,False,,27
5743,5743,2,2025-05-14,2025-10-18,Monthly,False,Expired,True,2025-10-18,14
5744,5744,4,2026-01-05,2026-02-05,Monthly,True,Active,False,,6
5745,5745,3,2024-08-21,2024-09-21,Monthly,True,Active,False,,23
5746,5746,5,2025-02-19,2026-02-19,Annual,True,Active,False,,17
5747,5747,5,2025-05-27,2026-05-27,Annual,True,Active,False,,14
5748,5748,2,2025-12-12,2026-01-12,Monthly,True,Active,False,,7
5749,5749,5,2024-05-17,2025-05-17,Annual,True,Active,False,,26
5750,5750,3,2024-12-23,2025-01-23,Monthly,True,Active,False,,19
5751,5751,2,2024-02-18,2024-03-18,Monthly,True,Active,False,,29
5752,5752,5,2024-09-03,2025-09-03,Annual,True,Active,False,,22
5753,5753,2,2024-06-25,2024-07-25,Monthly,True,Active,False,,25
5754,5754,2,2025-05-23,2025-06-23,Monthly,True,Active,False,,14
5755,5755,2,2025-08-13,2025-09-13,Monthly,True,Active,False,,11
5756,5756,5,2025-12-27,2026-12-27,Annual,True,Active,False,,7
5757,5757,5,2024-05-29,2025-05-29,Annual,True,Active,False,,26
5758,5758,2,2025-10-07,2025-11-07,Monthly,True,Active,False,,9
5759,5759,5,2025-03-21,2026-03-21,Annual,True,Active,False,,16
5760,5760,6,2024-11-09,2025-11-09,Annual,True,Active,False,,20
5761,5761,3,2024-04-25,2024-05-25,Monthly,True,Active,False,,27
5762,5762,2,2024-08-05,2024-09-05,Monthly,True,Active,False,,23
5763,5763,2,2025-11-22,2025-12-22,Monthly,True,Active,False,,8
5764,5764,6,2024-02-15,2025-02-15,Annual,True,Active,False,,29
5765,5765,1,2025-01-28,2025-02-28,Monthly,True,Active,False,,18
5766,5766,2,2024-03-11,2024-04-11,Monthly,True,Active,False,,28
5767,5767,5,2024-08-25,2025-08-25,Annual,True,Active,False,,23
5768,5768,2,2024-08-12,2024-09-12,Monthly,True,Active,False,,23
5769,5769,6,2024-05-08,2025-05-08,Annual,False,Active,False,,26
5770,5770,6,2025-08-10,2026-08-10,Annual,True,Active,False,,11
5771,5771,3,2025-07-03,2025-08-03,Monthly,True,Active,False,,12
5772,5772,3,2025-03-05,2025-04-05,Monthly,False,Active,False,,16
5773,5773,1,2025-07-19,2025-08-19,Monthly,False,Active,False,,12
5774,5774,2,2025-07-25,2025-08-25,Monthly,True,Active,False,,12
5775,5775,4,2024-04-08,2024-05-08,Monthly,True,Active,False,,27
5776,5776,2,2025-07-21,2025-08-21,Monthly,True,Active,False,,12
5777,5777,2,2025-02-05,2025-03-05,Monthly,True,Active,False,,17
5778,5778,4,2024-04-02,2024-05-02,Monthly,True,Active,False,,27
5779,5779,5,2025-03-01,2026-03-01,Annual,True,Active,False,,16
5780,5780,4,2025-05-10,2025-06-10,Monthly,True,Active,False,,14
5781,5781,6,2025-05-08,2026-05-08,Annual,True,Active,False,,14
5782,5782,3,2024-03-20,2024-04-20,Monthly,True,Active,False,,28
5783,5783,4,2025-11-07,2025-12-07,Monthly,True,Active,False,,8
5784,5784,1,2024-10-15,2024-11-15,Monthly,True,Active,False,,21
5785,5785,4,2025-04-18,2025-05-18,Monthly,True,Active,False,,15
5786,5786,2,2025-02-21,2025-03-21,Monthly,False,Active,False,,17
5787,5787,2,2024-07-01,2024-08-01,Monthly,True,Active,False,,24
5788,5788,3,2025-09-29,2025-11-28,Monthly,False,Expired,True,2025-11-28,10
5789,5789,5,2024-04-26,2025-04-26,Annual,True,Active,False,,27
5790,5790,4,2024-07-06,2024-08-06,Monthly,True,Active,False,,24
5791,5791,4,2025-12-17,2026-01-17,Monthly,False,Active,False,,7
5792,5792,1,2024-06-15,2024-07-15,Monthly,True,Active,False,,25
5793,5793,2,2025-03-14,2025-04-14,Monthly,True,Active,False,,16
5794,5794,2,2025-05-29,2025-06-29,Monthly,True,Active,False,,14
5795,5795,2,2025-03-23,2025-04-23,Monthly,True,Active,False,,16
5796,5796,3,2024-11-30,2024-12-30,Monthly,True,Active,False,,20
5797,5797,5,2024-12-06,2025-06-22,Annual,True,Cancelled,True,2025-06-22,19
5798,5798,4,2024-03-14,2024-04-14,Monthly,True,Active,False,,28
5799,5799,2,2024-10-13,2025-03-14,Monthly,False,Cancelled,True,2025-03-14,21
5800,5800,5,2025-05-12,2026-05-12,Annual,True,Active,False,,14
5801,5801,6,2025-12-28,2026-12-28,Annual,True,Active,False,,7
5802,5802,5,2024-09-18,2025-09-18,Annual,True,Active,False,,22
5803,5803,6,2024-04-02,2025-04-02,Annual,True,Active,False,,27
5804,5804,3,2024-11-09,2024-12-09,Monthly,True,Active,False,,20
5805,5805,6,2024-04-23,2025-04-23,Annual,True,Active,False,,27
5806,5806,5,2025-06-08,2026-06-08,Annual,True,Active,False,,13
5807,5807,2,2024-06-28,2024-07-28,Monthly,True,Active,False,,25
5808,5808,4,2024-04-29,2024-05-29,Monthly,True,Active,False,,27
5809,5809,2,2024-03-07,2024-04-07,Monthly,True,Active,False,,28
5810,5810,2,2025-11-10,2025-12-10,Monthly,True,Active,False,,8
5811,5811,4,2024-10-01,2024-11-01,Monthly,True,Active,False,,21
5812,5812,6,2025-07-06,2026-07-06,Annual,True,Active,False,,12
5813,5813,2,2025-05-24,2025-06-24,Monthly,True,Active,False,,14
5814,5814,5,2025-06-28,2026-06-28,Annual,True,Active,False,,13
5815,5815,4,2025-06-09,2025-07-09,Monthly,True,Active,False,,13
5816,5816,5,2025-07-28,2026-07-28,Annual,True,Active,False,,12
5817,5817,5,2025-02-05,2025-08-20,Annual,False,Expired,True,2025-08-20,17
5818,5818,5,2025-06-23,2026-06-23,Annual,True,Active,False,,13
5819,5819,6,2025-10-22,2026-10-22,Annual,True,Active,False,,9
5820,5820,5,2025-05-29,2026-05-29,Annual,True,Active,False,,14
5821,5821,5,2024-10-19,2025-10-19,Annual,True,Active,False,,21
5822,5822,5,2024-06-20,2025-06-20,Annual,True,Active,False,,25
5823,5823,3,2025-01-22,2025-02-22,Monthly,True,Active,False,,18
5824,5824,6,2025-11-12,2026-11-12,Annual,True,Active,False,,8
5825,5825,1,2024-04-10,2024-05-10,Monthly,True,Active,False,,27
5826,5826,3,2024-09-05,2024-10-05,Monthly,True,Active,False,,22
5827,5827,2,2025-03-28,2025-04-28,Monthly,True,Active,False,,16
5828,5828,5,2025-08-24,2026-08-24,Annual,True,Active,False,,11
5829,5829,4,2024-10-26,2024-11-26,Monthly,True,Active,False,,21
5830,5830,2,2024-11-21,2025-02-09,Monthly,True,Cancelled,True,2025-02-09,20
5831,5831,6,2024-08-29,2025-08-29,Annual,True,Active,False,,23
5832,5832,2,2025-05-12,2025-06-12,Monthly,True,Active,False,,14
5833,5833,2,2024-11-27,2024-12-27,Monthly,True,Active,False,,20
5834,5834,5,2025-11-01,2026-11-01,Annual,True,Active,False,,8
5835,5835,5,2024-02-09,2025-02-09,Annual,True,Active,False,,29
5836,5836,6,2025-04-24,2026-04-24,Annual,True,Active,False,,15
5837,5837,5,2024-11-29,2025-11-29,Annual,True,Active,False,,20
5838,5838,5,2025-04-12,2026-04-12,Annual,True,Active,False,,15
5839,5839,5,2024-07-04,2025-07-04,Annual,True,Active,False,,24
5840,5840,4,2025-03-24,2025-04-24,Monthly,False,Active,False,,16
5841,5841,4,2024-02-27,2024-03-27,Monthly,True,Active,False,,29
5842,5842,5,2025-11-16,2026-11-16,Annual,True,Active,False,,8
5843,5843,2,2025-06-26,2025-07-26,Monthly,True,Active,False,,13
5844,5844,2,2025-05-25,2025-06-25,Monthly,False,Active,False,,14
5845,5845,5,2024-02-02,2025-02-02,Annual,True,Active,False,,29
5846,5846,5,2024-02-14,2025-02-14,Annual,True,Active,False,,29
5847,5847,1,2024-09-07,2024-10-07,Monthly,True,Active,False,,22
5848,5848,1,2025-02-14,2025-03-14,Monthly,True,Active,False,,17
5849,5849,6,2025-01-10,2026-01-10,Annual,True,Active,False,,18
5850,5850,5,2025-03-24,2026-03-24,Annual,True,Active,False,,16
5851,5851,3,2025-07-03,2025-08-03,Monthly,True,Active,False,,12
5852,5852,2,2024-01-27,2024-02-27,Monthly,True,Active,False,,30
5853,5853,2,2024-10-18,2024-11-18,Monthly,True,Active,False,,21
5854,5854,5,2025-02-11,2026-02-11,Annual,True,Active,False,,17
5855,5855,6,2025-01-07,2026-01-07,Annual,True,Active,False,,18
5856,5856,2,2024-03-18,2024-04-18,Monthly,True,Active,False,,28
5857,5857,5,2025-04-17,2026-04-17,Annual,True,Active,False,,15
5858,5858,2,2025-07-25,2025-08-25,Monthly,True,Active,False,,12
5859,5859,2,2024-05-06,2024-06-06,Monthly,True,Active,False,,26
5860,5860,2,2024-07-14,2024-08-14,Monthly,True,Active,False,,24
5861,5861,6,2024-01-29,2025-01-29,Annual,True,Active,False,,30
5862,5862,2,2024-12-28,2025-01-28,Monthly,True,Active,False,,19
5863,5863,3,2025-05-28,2025-06-28,Monthly,True,Active,False,,14
5864,5864,5,2024-07-10,2025-07-10,Annual,True,Active,False,,24
5865,5865,5,2025-10-30,2026-07-30,Annual,True,Cancelled,True,2026-07-30,9
5866,5866,5,2024-07-10,2025-07-10,Annual,True,Active,False,,24
5867,5867,2,2025-02-06,2025-03-06,Monthly,False,Active,False,,17
5868,5868,1,2024-06-11,2024-07-11,Monthly,True,Active,False,,25
5869,5869,5,2024-05-18,2025-05-18,Annual,True,Active,False,,26
5870,5870,2,2026-01-21,2026-02-21,Monthly,True,Active,False,,6
5871,5871,2,2025-01-19,2025-02-19,Monthly,True,Active,False,,18
5872,5872,4,2024-12-30,2025-01-30,Monthly,True,Active,False,,19
5873,5873,3,2024-08-27,2024-09-27,Monthly,True,Active,False,,23
5874,5874,5,2026-01-10,2027-01-10,Annual,True,Active,False,,6
5875,5875,6,2025-08-10,2026-08-10,Annual,True,Active,False,,11
5876,5876,4,2024-06-05,2024-07-05,Monthly,True,Active,False,,25
5877,5877,5,2024-11-05,2025-11-05,Annual,True,Active,False,,20
5878,5878,5,2024-06-01,2025-06-01,Annual,True,Active,False,,25
5879,5879,2,2024-03-12,2024-08-21,Monthly,False,Cancelled,True,2024-08-21,28
5880,5880,3,2025-11-12,2025-12-12,Monthly,True,Active,False,,8
5881,5881,1,2025-03-18,2025-04-18,Monthly,True,Active,False,,16
5882,5882,5,2025-06-15,2026-06-15,Annual,True,Active,False,,13
5883,5883,5,2025-07-24,2026-07-24,Annual,True,Active,False,,12
5884,5884,5,2025-09-07,2026-09-07,Annual,True,Active,False,,10
5885,5885,5,2025-01-30,2026-01-30,Annual,True,Active,False,,18
5886,5886,4,2024-09-10,2025-02-03,Monthly,False,Cancelled,True,2025-02-03,22
5887,5887,4,2025-12-03,2026-01-03,Monthly,True,Active,False,,7
5888,5888,2,2024-06-19,2024-07-19,Monthly,True,Active,False,,25
5889,5889,4,2024-07-16,2024-08-16,Monthly,True,Active,False,,24
5890,5890,3,2024-12-18,2025-01-18,Monthly,True,Active,False,,19
5891,5891,5,2024-08-16,2025-08-16,Annual,True,Active,False,,23
5892,5892,3,2025-02-17,2025-03-17,Monthly,True,Active,False,,17
5893,5893,2,2025-07-14,2025-08-14,Monthly,True,Active,False,,12
5894,5894,3,2024-02-14,2024-03-14,Monthly,True,Active,False,,29
5895,5895,6,2025-02-27,2026-02-16,Annual,True,Cancelled,True,2026-02-16,17
5896,5896,4,2025-02-06,2025-07-02,Monthly,False,Expired,True,2025-07-02,17
5897,5897,5,2025-10-30,2026-10-30,Annual,True,Active,False,,9
5898,5898,5,2025-06-28,2026-06-28,Annual,True,Active,False,,13
5899,5899,4,2024-10-24,2024-11-24,Monthly,True,Active,False,,21
5900,5900,2,2024-06-17,2024-07-17,Monthly,True,Active,False,,25
5901,5901,5,2025-05-26,2026-05-26,Annual,True,Active,False,,14
5902,5902,3,2025-01-21,2025-02-21,Monthly,True,Active,False,,18
5903,5903,5,2024-04-25,2025-04-25,Annual,True,Active,False,,27
5904,5904,2,2024-12-10,2025-01-10,Monthly,True,Active,False,,19
5905,5905,5,2026-01-11,2027-01-11,Annual,True,Active,False,,6
5906,5906,2,2025-03-18,2025-04-18,Monthly,True,Active,False,,16
5907,5907,2,2024-07-31,2024-08-31,Monthly,True,Active,False,,24
5908,5908,2,2025-02-26,2025-03-26,Monthly,True,Active,False,,17
5909,5909,5,2025-04-23,2026-04-23,Annual,True,Active,False,,15
5910,5910,6,2024-04-05,2024-11-23,Annual,False,Expired,True,2024-11-23,27
5911,5911,5,2025-04-24,2026-04-24,Annual,True,Active,False,,15
5912,5912,2,2024-06-29,2024-07-29,Monthly,True,Active,False,,25
5913,5913,2,2024-07-08,2024-08-08,Monthly,True,Active,False,,24
5914,5914,4,2024-08-02,2024-09-02,Monthly,True,Active,False,,23
5915,5915,4,2024-07-11,2024-08-11,Monthly,True,Active,False,,24
5916,5916,5,2024-02-26,2025-02-26,Annual,True,Active,False,,29
5917,5917,3,2025-11-11,2025-12-11,Monthly,True,Active,False,,8
5918,5918,4,2025-11-03,2025-12-03,Monthly,True,Active,False,,8
5919,5919,5,2024-10-10,2025-10-10,Annual,True,Active,False,,21
5920,5920,1,2025-04-25,2025-07-21,Monthly,True,Cancelled,True,2025-07-21,15
5921,5921,2,2024-10-20,2024-11-20,Monthly,False,Active,False,,21
5922,5922,3,2024-12-20,2025-01-20,Monthly,False,Active,False,,19
5923,5923,5,2025-03-10,2026-03-10,Annual,True,Active,False,,16
5924,5924,2,2025-08-27,2025-09-27,Monthly,True,Active,False,,11
5925,5925,5,2024-09-21,2025-09-21,Annual,True,Active,False,,22
5926,5926,5,2025-07-22,2026-07-22,Annual,True,Active,False,,12
5927,5927,5,2025-02-01,2026-02-01,Annual,True,Active,False,,17
5928,5928,5,2024-09-20,2025-09-20,Annual,True,Active,False,,22
5929,5929,2,2025-10-16,2025-11-16,Monthly,True,Active,False,,9
5930,5930,5,2024-08-30,2025-08-30,Annual,True,Active,False,,23
5931,5931,6,2025-01-19,2026-01-19,Annual,True,Active,False,,18
5932,5932,2,2024-05-09,2024-06-09,Monthly,True,Active,False,,26
5933,5933,4,2025-06-09,2025-09-13,Monthly,False,Expired,True,2025-09-13,13
5934,5934,6,2025-02-11,2026-02-11,Annual,True,Active,False,,17
5935,5935,3,2025-07-11,2025-11-08,Monthly,True,Cancelled,True,2025-11-08,12
5936,5936,5,2024-03-16,2025-03-16,Annual,True,Active,False,,28
5937,5937,3,2024-03-23,2024-04-23,Monthly,True,Active,False,,28
5938,5938,3,2024-09-26,2025-01-03,Monthly,False,Expired,True,2025-01-03,22
5939,5939,6,2025-11-13,2026-11-13,Annual,False,Active,False,,8
5940,5940,2,2025-06-18,2025-07-18,Monthly,True,Active,False,,13
5941,5941,5,2024-02-26,2025-02-26,Annual,True,Active,False,,29
5942,5942,6,2025-03-07,2026-03-07,Annual,True,Active,False,,16
5943,5943,6,2025-09-27,2026-09-27,Annual,True,Active,False,,10
5944,5944,3,2025-12-14,2026-01-14,Monthly,False,Active,False,,7
5945,5945,6,2024-06-18,2025-06-18,Annual,True,Active,False,,25
5946,5946,1,2025-01-21,2025-02-21,Monthly,True,Active,False,,18
5947,5947,2,2026-01-09,2026-02-09,Monthly,True,Active,False,,6
5948,5948,3,2024-01-12,2024-02-12,Monthly,True,Active,False,,30
5949,5949,2,2024-12-11,2025-01-11,Monthly,True,Active,False,,19
5950,5950,4,2025-08-21,2025-09-21,Monthly,True,Active,False,,11
5951,5951,2,2024-04-05,2024-05-05,Monthly,True,Active,False,,27
5952,5952,5,2025-03-18,2026-01-18,Annual,True,Cancelled,True,2026-01-18,16
5953,5953,2,2024-12-24,2025-03-16,Monthly,False,Expired,True,2025-03-16,19
5954,5954,6,2024-06-05,2025-06-05,Annual,True,Active,False,,25
5955,5955,6,2026-01-07,2027-01-07,Annual,True,Active,False,,6
5956,5956,2,2024-02-01,2024-03-01,Monthly,False,Active,False,,29
5957,5957,2,2024-04-19,2024-05-19,Monthly,True,Active,False,,27
5958,5958,3,2026-01-02,2026-05-12,Monthly,False,Cancelled,True,2026-05-12,6
5959,5959,5,2024-11-19,2025-11-19,Annual,True,Active,False,,20
5960,5960,2,2024-09-30,2024-10-30,Monthly,True,Active,False,,22
5961,5961,5,2025-07-04,2026-07-04,Annual,True,Active,False,,12
5962,5962,2,2025-06-05,2025-07-05,Monthly,True,Active,False,,13
5963,5963,2,2025-08-10,2025-09-10,Monthly,True,Active,False,,11
5964,5964,4,2024-03-28,2024-04-28,Monthly,True,Active,False,,28
5965,5965,5,2024-05-15,2025-05-15,Annual,True,Active,False,,26
5966,5966,5,2025-07-18,2026-07-18,Annual,True,Active,False,,12
5967,5967,2,2024-11-24,2024-12-24,Monthly,True,Active,False,,20
5968,5968,3,2025-08-30,2025-09-30,Monthly,True,Active,False,,11
5969,5969,4,2024-04-16,2024-05-16,Monthly,True,Active,False,,27
5970,5970,5,2024-01-29,2025-01-29,Annual,True,Active,False,,30
5971,5971,3,2025-09-11,2026-02-04,Monthly,False,Expired,True,2026-02-04,10
5972,5972,3,2025-11-05,2025-12-05,Monthly,True,Active,False,,8
5973,5973,3,2024-12-08,2025-01-08,Monthly,True,Active,False,,19
5974,5974,6,2025-03-09,2026-03-09,Annual,True,Active,False,,16
5975,5975,4,2025-02-17,2025-03-17,Monthly,True,Active,False,,17
5976,5976,5,2024-08-09,2025-08-09,Annual,True,Active,False,,23
5977,5977,3,2025-03-18,2025-04-18,Monthly,True,Active,False,,16
5978,5978,4,2025-01-14,2025-07-08,Monthly,False,Cancelled,True,2025-07-08,18
5979,5979,6,2024-05-05,2025-05-05,Annual,True,Active,False,,26
5980,5980,2,2025-10-02,2025-11-07,Monthly,False,Cancelled,True,2025-11-07,9
5981,5981,6,2024-11-26,2025-11-26,Annual,True,Active,False,,20
5982,5982,4,2025-09-04,2025-10-04,Monthly,True,Active,False,,10
5983,5983,5,2025-11-03,2026-11-03,Annual,True,Active,False,,8
5984,5984,5,2024-12-19,2025-12-19,Annual,True,Active,False,,19
5985,5985,4,2025-05-25,2025-06-25,Monthly,True,Active,False,,14
5986,5986,2,2025-05-15,2025-06-15,Monthly,True,Active,False,,14
5987,5987,2,2024-03-16,2024-04-16,Monthly,False,Active,False,,28
5988,5988,2,2025-03-24,2025-04-24,Monthly,True,Active,False,,16
5989,5989,5,2025-03-04,2026-03-04,Annual,True,Active,False,,16
5990,5990,2,2024-06-19,2024-07-19,Monthly,True,Active,False,,25
5991,5991,4,2024-11-15,2024-12-15,Monthly,True,Active,False,,20
5992,5992,4,2024-11-19,2024-12-19,Monthly,False,Active,False,,20
5993,5993,5,2024-12-08,2025-12-08,Annual,True,Active,False,,19
5994,5994,2,2025-12-28,2026-01-28,Monthly,True,Active,False,,7
5995,5995,2,2024-01-16,2024-02-16,Monthly,True,Active,False,,30
5996,5996,2,2024-07-29,2024-12-26,Monthly,False,Expired,True,2024-12-26,24
5997,5997,1,2025-10-04,2025-11-04,Monthly,True,Active,False,,9
5998,5998,4,2024-03-09,2024-04-09,Monthly,True,Active,False,,28
5999,5999,5,2025-11-23,2026-11-23,Annual,True,Active,False,,8
6000,6000,3,2024-10-19,2024-11-19,Monthly,True,Active,False,,21
6001,6001,5,2024-02-09,2025-02-09,Annual,True,Active,False,,29
6002,6002,6,2024-01-18,2025-01-18,Annual,True,Active,False,,30
6003,6003,3,2025-06-30,2025-07-30,Monthly,True,Active,False,,13
6004,6004,5,2025-04-08,2026-04-08,Annual,True,Active,False,,15
6005,6005,3,2024-04-08,2024-05-08,Monthly,True,Active,False,,27
6006,6006,5,2024-12-16,2025-12-16,Annual,True,Active,False,,19
6007,6007,3,2024-05-30,2024-06-30,Monthly,True,Active,False,,26
6008,6008,6,2025-12-06,2026-12-06,Annual,True,Active,False,,7
6009,6009,2,2025-02-12,2025-03-12,Monthly,True,Active,False,,17
6010,6010,6,2024-11-27,2025-11-27,Annual,True,Active,False,,20
6011,6011,3,2025-01-14,2025-02-14,Monthly,True,Active,False,,18
6012,6012,3,2025-07-16,2025-08-16,Monthly,True,Active,False,,12
6013,6013,2,2025-05-16,2025-06-16,Monthly,True,Active,False,,14
6014,6014,5,2024-05-25,2025-05-25,Annual,True,Active,False,,26
6015,6015,1,2024-05-03,2024-06-03,Monthly,True,Active,False,,26
6016,6016,2,2025-10-26,2026-01-10,Monthly,False,Expired,True,2026-01-10,9
6017,6017,5,2024-06-20,2025-06-20,Annual,True,Active,False,,25
6018,6018,6,2025-02-02,2026-02-02,Annual,True,Active,False,,17
6019,6019,5,2025-11-07,2026-11-07,Annual,True,Active,False,,8
6020,6020,3,2024-05-16,2024-06-16,Monthly,True,Active,False,,26
6021,6021,5,2024-04-20,2025-04-20,Annual,True,Active,False,,27
6022,6022,5,2025-07-02,2026-07-02,Annual,True,Active,False,,12
6023,6023,3,2025-02-02,2025-03-02,Monthly,True,Active,False,,17
6024,6024,4,2025-12-28,2026-01-28,Monthly,True,Active,False,,7
6025,6025,2,2024-02-03,2024-03-03,Monthly,True,Active,False,,29
6026,6026,3,2024-08-09,2024-09-09,Monthly,True,Active,False,,23
6027,6027,5,2024-10-04,2025-10-04,Annual,True,Active,False,,21
6028,6028,3,2025-01-27,2025-02-27,Monthly,True,Active,False,,18
6029,6029,6,2025-06-04,2026-06-04,Annual,True,Active,False,,13
6030,6030,3,2024-06-06,2024-07-06,Monthly,True,Active,False,,25
6031,6031,2,2025-04-05,2025-05-05,Monthly,True,Active,False,,15
6032,6032,5,2024-07-30,2025-07-30,Annual,True,Active,False,,24
6033,6033,5,2025-12-09,2026-12-09,Annual,True,Active,False,,7
6034,6034,2,2025-08-30,2025-09-30,Monthly,True,Active,False,,11
6035,6035,6,2024-03-04,2025-03-04,Annual,True,Active,False,,28
6036,6036,5,2026-01-08,2027-01-08,Annual,True,Active,False,,6
6037,6037,2,2025-07-30,2025-08-30,Monthly,True,Active,False,,12
6038,6038,2,2024-09-29,2024-10-29,Monthly,True,Active,False,,22
6039,6039,2,2024-11-15,2024-12-15,Monthly,True,Active,False,,20
6040,6040,2,2025-09-12,2025-10-12,Monthly,True,Active,False,,10
6041,6041,5,2024-07-05,2025-07-05,Annual,True,Active,False,,24
6042,6042,2,2024-08-09,2024-09-09,Monthly,True,Active,False,,23
6043,6043,5,2024-05-23,2025-05-23,Annual,False,Active,False,,26
6044,6044,6,2025-12-28,2026-12-28,Annual,True,Active,False,,7
6045,6045,5,2025-08-06,2026-08-06,Annual,True,Active,False,,11
6046,6046,5,2024-09-25,2025-09-25,Annual,True,Active,False,,22
6047,6047,5,2025-01-20,2026-01-20,Annual,True,Active,False,,18
6048,6048,6,2025-03-02,2026-03-02,Annual,True,Active,False,,16
6049,6049,5,2024-10-18,2025-05-03,Annual,True,Cancelled,True,2025-05-03,21
6050,6050,3,2024-07-27,2024-08-27,Monthly,True,Active,False,,24
6051,6051,2,2024-08-23,2024-09-23,Monthly,True,Active,False,,23
6052,6052,3,2025-05-23,2025-06-23,Monthly,True,Active,False,,14
6053,6053,6,2025-02-14,2026-02-14,Annual,True,Active,False,,17
6054,6054,5,2025-03-02,2026-03-02,Annual,True,Active,False,,16
6055,6055,5,2024-08-11,2025-08-11,Annual,True,Active,False,,23
6056,6056,4,2025-12-24,2026-01-24,Monthly,True,Active,False,,7
6057,6057,3,2024-05-17,2024-06-17,Monthly,True,Active,False,,26
6058,6058,2,2025-03-29,2025-04-29,Monthly,True,Active,False,,16
6059,6059,3,2025-02-25,2025-03-25,Monthly,True,Active,False,,17
6060,6060,2,2024-03-26,2024-04-26,Monthly,True,Active,False,,28
6061,6061,2,2024-03-17,2024-06-14,Monthly,False,Cancelled,True,2024-06-14,28
6062,6062,4,2025-03-12,2025-04-12,Monthly,True,Active,False,,16
6063,6063,5,2024-03-08,2025-03-08,Annual,False,Active,False,,28
6064,6064,5,2024-10-05,2025-10-05,Annual,True,Active,False,,21
6065,6065,5,2025-05-11,2026-05-11,Annual,True,Active,False,,14
6066,6066,5,2024-03-15,2025-03-15,Annual,True,Active,False,,28
6067,6067,4,2025-09-10,2025-10-10,Monthly,True,Active,False,,10
6068,6068,4,2025-04-05,2025-05-05,Monthly,True,Active,False,,15
6069,6069,5,2024-03-10,2025-03-10,Annual,True,Active,False,,28
6070,6070,3,2025-04-23,2025-05-23,Monthly,True,Active,False,,15
6071,6071,2,2024-07-05,2024-09-25,Monthly,True,Cancelled,True,2024-09-25,24
6072,6072,5,2024-12-03,2025-12-03,Annual,True,Active,False,,19
6073,6073,1,2024-06-09,2024-07-09,Monthly,True,Active,False,,25
6074,6074,2,2025-12-09,2026-01-09,Monthly,True,Active,False,,7
6075,6075,3,2024-05-05,2024-06-05,Monthly,True,Active,False,,26
6076,6076,3,2025-07-07,2025-08-07,Monthly,True,Active,False,,12
6077,6077,2,2025-11-27,2025-12-27,Monthly,True,Active,False,,8
6078,6078,5,2025-10-28,2026-10-28,Annual,True,Active,False,,9
6079,6079,2,2025-12-08,2026-01-08,Monthly,True,Active,False,,7
6080,6080,2,2024-08-18,2024-09-18,Monthly,True,Active,False,,23
6081,6081,4,2024-06-10,2024-11-24,Monthly,False,Cancelled,True,2024-11-24,25
6082,6082,5,2025-10-28,2026-10-28,Annual,True,Active,False,,9
6083,6083,2,2024-08-25,2024-09-25,Monthly,True,Active,False,,23
6084,6084,5,2025-05-24,2026-05-24,Annual,True,Active,False,,14
6085,6085,3,2024-02-27,2024-03-27,Monthly,True,Active,False,,29
6086,6086,6,2024-07-08,2025-07-08,Annual,True,Active,False,,24
6087,6087,6,2025-10-31,2026-10-31,Annual,True,Active,False,,9
6088,6088,5,2024-06-25,2025-06-25,Annual,True,Active,False,,25
6089,6089,3,2024-11-24,2024-12-24,Monthly,True,Active,False,,20
6090,6090,2,2024-02-28,2024-03-28,Monthly,True,Active,False,,29
6091,6091,3,2025-04-07,2025-07-21,Monthly,True,Cancelled,True,2025-07-21,15
6092,6092,1,2024-09-26,2024-10-26,Monthly,True,Active,False,,22
6093,6093,6,2024-07-19,2025-07-19,Annual,True,Active,False,,24
6094,6094,2,2024-03-01,2024-04-01,Monthly,True,Active,False,,28
6095,6095,5,2024-05-26,2025-05-26,Annual,True,Active,False,,26
6096,6096,5,2024-07-12,2025-07-12,Annual,True,Active,False,,24
6097,6097,5,2025-11-22,2026-11-22,Annual,True,Active,False,,8
6098,6098,5,2024-03-17,2025-03-17,Annual,True,Active,False,,28
6099,6099,2,2025-10-21,2025-11-21,Monthly,True,Active,False,,9
6100,6100,5,2024-11-11,2025-11-11,Annual,True,Active,False,,20
6101,6101,5,2025-08-08,2026-08-08,Annual,True,Active,False,,11
6102,6102,5,2025-06-10,2026-06-10,Annual,True,Active,False,,13
6103,6103,6,2025-04-13,2026-04-13,Annual,True,Active,False,,15
6104,6104,2,2025-06-05,2025-07-05,Monthly,True,Active,False,,13
6105,6105,3,2024-06-28,2024-07-28,Monthly,True,Active,False,,25
6106,6106,3,2024-02-21,2024-03-21,Monthly,True,Active,False,,29
6107,6107,5,2024-08-07,2025-08-07,Annual,True,Active,False,,23
6108,6108,2,2024-08-07,2024-09-07,Monthly,True,Active,False,,23
6109,6109,5,2024-07-28,2025-07-28,Annual,True,Active,False,,24
6110,6110,3,2024-04-10,2024-05-10,Monthly,True,Active,False,,27
6111,6111,5,2024-08-05,2025-08-05,Annual,True,Active,False,,23
6112,6112,4,2025-11-09,2025-12-09,Monthly,True,Active,False,,8
6113,6113,2,2025-08-06,2025-10-08,Monthly,False,Cancelled,True,2025-10-08,11
6114,6114,5,2024-12-08,2025-12-08,Annual,True,Active,False,,19
6115,6115,6,2024-05-06,2025-05-06,Annual,True,Active,False,,26
6116,6116,2,2025-04-04,2025-05-04,Monthly,True,Active,False,,15
6117,6117,2,2025-08-06,2025-09-06,Monthly,True,Active,False,,11
6118,6118,5,2025-12-25,2026-12-25,Annual,True,Active,False,,7
6119,6119,4,2025-05-03,2025-06-03,Monthly,False,Active,False,,14
6120,6120,2,2025-11-18,2025-12-18,Monthly,True,Active,False,,8
6121,6121,5,2025-11-29,2026-11-29,Annual,True,Active,False,,8
6122,6122,6,2025-05-01,2026-05-01,Annual,True,Active,False,,14
6123,6123,3,2024-10-16,2024-11-16,Monthly,True,Active,False,,21
6124,6124,4,2024-10-22,2024-11-22,Monthly,True,Active,False,,21
6125,6125,3,2024-07-17,2024-10-12,Monthly,False,Expired,True,2024-10-12,24
6126,6126,5,2025-01-08,2026-01-08,Annual,True,Active,False,,18
6127,6127,3,2025-04-18,2025-09-10,Monthly,False,Cancelled,True,2025-09-10,15
6128,6128,5,2024-12-20,2025-12-20,Annual,True,Active,False,,19
6129,6129,5,2024-07-27,2025-07-27,Annual,True,Active,False,,24
6130,6130,5,2024-02-08,2025-02-08,Annual,True,Active,False,,29
6131,6131,5,2025-07-04,2026-07-04,Annual,True,Active,False,,12
6132,6132,6,2025-05-26,2026-05-26,Annual,True,Active,False,,14
6133,6133,6,2024-05-21,2025-05-21,Annual,True,Active,False,,26
6134,6134,5,2025-04-26,2026-04-26,Annual,True,Active,False,,15
6135,6135,4,2024-04-11,2024-05-11,Monthly,False,Active,False,,27
6136,6136,2,2025-11-14,2025-12-14,Monthly,True,Active,False,,8
6137,6137,5,2024-12-21,2025-12-21,Annual,True,Active,False,,19
6138,6138,2,2024-05-11,2024-06-11,Monthly,True,Active,False,,26
6139,6139,3,2024-11-24,2024-12-24,Monthly,True,Active,False,,20
6140,6140,2,2024-01-10,2024-02-10,Monthly,False,Active,False,,30
6141,6141,5,2024-08-15,2025-08-15,Annual,True,Active,False,,23
6142,6142,2,2025-05-04,2025-06-04,Monthly,True,Active,False,,14
6143,6143,2,2025-04-23,2025-07-01,Monthly,True,Cancelled,True,2025-07-01,15
6144,6144,5,2025-02-27,2026-02-27,Annual,True,Active,False,,17
6145,6145,5,2024-03-23,2025-03-23,Annual,True,Active,False,,28
6146,6146,5,2025-05-25,2026-05-25,Annual,True,Active,False,,14
6147,6147,6,2025-04-24,2025-11-21,Annual,True,Cancelled,True,2025-11-21,15
6148,6148,3,2025-02-07,2025-03-07,Monthly,True,Active,False,,17
6149,6149,3,2026-01-13,2026-02-13,Monthly,True,Active,False,,6
6150,6150,5,2025-02-13,2026-02-13,Annual,True,Active,False,,17
6151,6151,5,2024-03-07,2025-03-07,Annual,True,Active,False,,28
6152,6152,6,2025-06-23,2026-06-23,Annual,True,Active,False,,13
6153,6153,2,2025-10-13,2025-11-13,Monthly,True,Active,False,,9
6154,6154,5,2025-01-17,2026-01-17,Annual,True,Active,False,,18
6155,6155,3,2024-10-04,2024-11-04,Monthly,True,Active,False,,21
6156,6156,2,2025-03-10,2025-04-10,Monthly,True,Active,False,,16
6157,6157,4,2024-03-12,2024-04-12,Monthly,True,Active,False,,28
6158,6158,2,2024-02-26,2024-03-26,Monthly,True,Active,False,,29
6159,6159,3,2025-09-07,2025-10-07,Monthly,True,Active,False,,10
6160,6160,2,2025-12-04,2026-01-04,Monthly,True,Active,False,,7
6161,6161,2,2024-07-16,2024-08-16,Monthly,True,Active,False,,24
6162,6162,5,2025-01-05,2026-01-05,Annual,True,Active,False,,18
6163,6163,5,2024-06-14,2025-05-27,Annual,True,Cancelled,True,2025-05-27,25
6164,6164,1,2024-03-10,2024-04-10,Monthly,True,Active,False,,28
6165,6165,4,2025-04-03,2025-05-03,Monthly,True,Active,False,,15
6166,6166,5,2024-01-28,2025-01-28,Annual,True,Active,False,,30
6167,6167,5,2024-07-23,2025-07-23,Annual,True,Active,False,,24
6168,6168,5,2024-03-26,2025-03-01,Annual,True,Cancelled,True,2025-03-01,28
6169,6169,2,2025-12-24,2026-01-24,Monthly,True,Active,False,,7
6170,6170,1,2024-02-20,2024-03-20,Monthly,True,Active,False,,29
6171,6171,5,2025-03-01,2026-03-01,Annual,False,Active,False,,16
6172,6172,5,2024-11-20,2025-11-20,Annual,True,Active,False,,20
6173,6173,5,2025-05-03,2026-05-03,Annual,True,Active,False,,14
6174,6174,2,2025-10-09,2025-11-09,Monthly,True,Active,False,,9
6175,6175,5,2025-08-24,2026-08-24,Annual,True,Active,False,,11
6176,6176,4,2025-04-28,2025-05-28,Monthly,True,Active,False,,15
6177,6177,2,2025-02-20,2025-03-20,Monthly,True,Active,False,,17
6178,6178,3,2025-03-28,2025-04-28,Monthly,True,Active,False,,16
6179,6179,1,2024-08-04,2024-09-04,Monthly,False,Active,False,,23
6180,6180,5,2024-11-01,2025-11-01,Annual,True,Active,False,,20
6181,6181,5,2025-01-29,2026-01-29,Annual,True,Active,False,,18
6182,6182,5,2025-11-22,2026-11-22,Annual,True,Active,False,,8
6183,6183,6,2024-03-30,2025-03-30,Annual,True,Active,False,,28
6184,6184,2,2025-01-15,2025-02-15,Monthly,True,Active,False,,18
6185,6185,5,2024-12-29,2025-12-29,Annual,True,Active,False,,19
6186,6186,3,2025-02-09,2025-03-09,Monthly,True,Active,False,,17
6187,6187,3,2024-03-05,2024-04-05,Monthly,True,Active,False,,28
6188,6188,5,2025-11-05,2026-11-05,Annual,True,Active,False,,8
6189,6189,3,2025-09-11,2026-02-06,Monthly,True,Cancelled,True,2026-02-06,10
6190,6190,5,2024-08-11,2025-08-11,Annual,True,Active,False,,23
6191,6191,4,2025-01-28,2025-02-28,Monthly,True,Active,False,,18
6192,6192,5,2025-11-17,2026-11-17,Annual,True,Active,False,,8
6193,6193,4,2024-12-29,2025-01-29,Monthly,True,Active,False,,19
6194,6194,5,2024-09-25,2025-09-25,Annual,True,Active,False,,22
6195,6195,4,2024-06-06,2024-07-06,Monthly,False,Active,False,,25
6196,6196,2,2025-03-24,2025-07-11,Monthly,False,Expired,True,2025-07-11,16
6197,6197,6,2024-07-26,2025-07-26,Annual,True,Active,False,,24
6198,6198,4,2025-11-11,2026-04-14,Monthly,False,Cancelled,True,2026-04-14,8
6199,6199,4,2025-05-05,2025-06-05,Monthly,True,Active,False,,14
6200,6200,3,2025-10-20,2026-03-30,Monthly,False,Cancelled,True,2026-03-30,9
6201,6201,3,2024-07-18,2024-08-18,Monthly,True,Active,False,,24
6202,6202,5,2024-12-03,2025-12-03,Annual,True,Active,False,,19
6203,6203,3,2024-12-26,2025-01-26,Monthly,True,Active,False,,19
6204,6204,2,2024-12-10,2025-01-10,Monthly,True,Active,False,,19
6205,6205,2,2024-10-06,2024-11-06,Monthly,True,Active,False,,21
6206,6206,5,2025-07-16,2026-07-16,Annual,True,Active,False,,12
6207,6207,6,2024-07-11,2025-07-11,Annual,True,Active,False,,24
6208,6208,2,2025-12-19,2026-01-19,Monthly,True,Active,False,,7
6209,6209,5,2025-04-22,2026-04-22,Annual,True,Active,False,,15
6210,6210,3,2025-01-18,2025-02-18,Monthly,True,Active,False,,18
6211,6211,2,2025-11-01,2025-12-01,Monthly,True,Active,False,,8
6212,6212,5,2025-01-09,2026-01-09,Annual,True,Active,False,,18
6213,6213,5,2025-01-25,2026-01-25,Annual,True,Active,False,,18
6214,6214,3,2024-10-06,2024-11-06,Monthly,True,Active,False,,21
6215,6215,6,2025-05-22,2026-05-22,Annual,True,Active,False,,14
6216,6216,4,2024-05-20,2024-06-20,Monthly,True,Active,False,,26
6217,6217,2,2024-11-14,2024-12-14,Monthly,False,Active,False,,20
6218,6218,4,2025-12-04,2026-01-04,Monthly,True,Active,False,,7
6219,6219,5,2025-10-12,2026-10-12,Annual,True,Active,False,,9
6220,6220,3,2025-03-08,2025-05-08,Monthly,False,Cancelled,True,2025-05-08,16
6221,6221,2,2025-11-22,2025-12-22,Monthly,True,Active,False,,8
6222,6222,2,2025-02-01,2025-03-01,Monthly,True,Active,False,,17
6223,6223,1,2024-07-12,2024-08-12,Monthly,True,Active,False,,24
6224,6224,2,2024-10-19,2024-11-19,Monthly,True,Active,False,,21
6225,6225,1,2024-11-19,2024-12-19,Monthly,True,Active,False,,20
6226,6226,1,2024-10-27,2024-11-27,Monthly,True,Active,False,,21
6227,6227,5,2024-10-16,2025-10-16,Annual,False,Active,False,,21
6228,6228,3,2025-08-24,2025-09-24,Monthly,False,Active,False,,11
6229,6229,5,2025-03-28,2026-03-28,Annual,True,Active,False,,16
6230,6230,6,2025-08-22,2026-08-22,Annual,True,Active,False,,11
6231,6231,1,2025-05-22,2025-06-22,Monthly,True,Active,False,,14
6232,6232,5,2025-03-30,2026-03-30,Annual,True,Active,False,,16
6233,6233,5,2025-07-06,2026-07-06,Annual,True,Active,False,,12
6234,6234,2,2024-08-01,2024-10-05,Monthly,True,Cancelled,True,2024-10-05,23
6235,6235,5,2026-01-04,2027-01-04,Annual,True,Active,False,,6
6236,6236,1,2025-04-04,2025-05-04,Monthly,False,Active,False,,15
6237,6237,2,2025-12-10,2026-01-10,Monthly,False,Active,False,,7
6238,6238,2,2024-02-16,2024-03-16,Monthly,False,Active,False,,29
6239,6239,5,2024-07-15,2025-07-15,Annual,True,Active,False,,24
6240,6240,2,2024-04-11,2024-05-11,Monthly,True,Active,False,,27
6241,6241,5,2025-12-01,2026-12-01,Annual,True,Active,False,,7
6242,6242,5,2024-06-25,2025-06-25,Annual,True,Active,False,,25
6243,6243,5,2025-05-24,2026-05-24,Annual,True,Active,False,,14
6244,6244,2,2025-02-18,2025-03-18,Monthly,True,Active,False,,17
6245,6245,1,2025-02-06,2025-03-06,Monthly,True,Active,False,,17
6246,6246,5,2024-07-22,2025-07-22,Annual,True,Active,False,,24
6247,6247,4,2025-04-02,2025-05-02,Monthly,True,Active,False,,15
6248,6248,6,2025-08-11,2026-08-11,Annual,False,Active,False,,11
6249,6249,6,2024-09-13,2025-09-13,Annual,True,Active,False,,22
6250,6250,5,2025-06-03,2026-06-03,Annual,True,Active,False,,13
6251,6251,3,2025-04-24,2025-05-24,Monthly,True,Active,False,,15
6252,6252,5,2024-06-13,2025-06-13,Annual,True,Active,False,,25
6253,6253,2,2024-09-01,2024-10-01,Monthly,True,Active,False,,22
6254,6254,3,2025-10-30,2025-11-30,Monthly,True,Active,False,,9
6255,6255,2,2024-12-01,2025-01-01,Monthly,True,Active,False,,19
6256,6256,3,2025-01-30,2025-04-17,Monthly,True,Cancelled,True,2025-04-17,18
6257,6257,6,2025-04-29,2026-04-29,Annual,True,Active,False,,15
6258,6258,2,2025-07-25,2025-08-25,Monthly,True,Active,False,,12
6259,6259,1,2024-06-13,2024-07-13,Monthly,True,Active,False,,25
6260,6260,2,2024-04-08,2024-05-08,Monthly,True,Active,False,,27
6261,6261,5,2024-08-31,2025-08-30,Annual,True,Cancelled,True,2025-08-30,23
6262,6262,2,2024-04-08,2024-05-08,Monthly,True,Active,False,,27
6263,6263,4,2025-09-01,2025-10-01,Monthly,True,Active,False,,10
6264,6264,5,2025-06-20,2026-06-20,Annual,True,Active,False,,13
6265,6265,6,2025-08-16,2026-08-16,Annual,True,Active,False,,11
6266,6266,6,2025-03-05,2026-03-05,Annual,True,Active,False,,16
6267,6267,2,2025-05-07,2025-06-07,Monthly,True,Active,False,,14
6268,6268,6,2025-11-04,2026-11-04,Annual,True,Active,False,,8
6269,6269,3,2025-04-30,2025-05-30,Monthly,True,Active,False,,15
6270,6270,3,2024-07-14,2024-08-14,Monthly,True,Active,False,,24
6271,6271,5,2024-04-21,2025-04-21,Annual,True,Active,False,,27
6272,6272,2,2025-12-15,2026-01-15,Monthly,True,Active,False,,7
6273,6273,1,2024-05-13,2024-06-13,Monthly,True,Active,False,,26
6274,6274,2,2025-04-02,2025-05-02,Monthly,True,Active,False,,15
6275,6275,6,2025-01-11,2026-01-11,Annual,True,Active,False,,18
6276,6276,5,2025-08-14,2026-08-14,Annual,True,Active,False,,11
6277,6277,5,2025-04-04,2026-04-04,Annual,True,Active,False,,15
6278,6278,4,2024-11-26,2024-12-26,Monthly,True,Active,False,,20
6279,6279,3,2025-08-17,2025-09-17,Monthly,True,Active,False,,11
6280,6280,5,2025-08-10,2026-08-10,Annual,True,Active,False,,11
6281,6281,2,2024-11-09,2024-12-09,Monthly,True,Active,False,,20
6282,6282,2,2025-07-25,2025-08-25,Monthly,True,Active,False,,12
6283,6283,2,2024-09-26,2025-01-29,Monthly,False,Expired,True,2025-01-29,22
6284,6284,5,2025-01-10,2026-01-10,Annual,True,Active,False,,18
6285,6285,2,2024-07-04,2024-08-04,Monthly,True,Active,False,,24
6286,6286,1,2024-10-07,2025-02-05,Monthly,False,Expired,True,2025-02-05,21
6287,6287,5,2024-04-16,2025-04-16,Annual,True,Active,False,,27
6288,6288,5,2025-01-19,2026-01-19,Annual,True,Active,False,,18
6289,6289,6,2024-01-31,2025-01-31,Annual,True,Active,False,,30
6290,6290,5,2024-03-25,2025-03-25,Annual,False,Active,False,,28
6291,6291,4,2024-09-19,2025-03-16,Monthly,True,Cancelled,True,2025-03-16,22
6292,6292,4,2025-12-30,2026-01-30,Monthly,True,Active,False,,7
6293,6293,5,2025-01-20,2026-01-20,Annual,True,Active,False,,18
6294,6294,6,2025-06-10,2026-06-10,Annual,True,Active,False,,13
6295,6295,2,2024-06-21,2024-07-21,Monthly,True,Active,False,,25
6296,6296,2,2025-03-03,2025-04-03,Monthly,True,Active,False,,16
6297,6297,2,2024-09-17,2024-10-17,Monthly,True,Active,False,,22
6298,6298,2,2025-11-02,2025-12-02,Monthly,True,Active,False,,8
6299,6299,5,2024-12-09,2025-12-09,Annual,True,Active,False,,19
6300,6300,2,2024-10-04,2024-11-04,Monthly,True,Active,False,,21
6301,6301,2,2024-06-18,2024-07-18,Monthly,True,Active,False,,25
6302,6302,3,2024-03-31,2024-06-22,Monthly,False,Expired,True,2024-06-22,28
6303,6303,5,2025-10-04,2026-10-04,Annual,True,Active,False,,9
6304,6304,5,2024-09-18,2025-09-18,Annual,True,Active,False,,22
6305,6305,5,2025-08-01,2026-08-01,Annual,True,Active,False,,11
6306,6306,6,2025-06-10,2026-06-10,Annual,True,Active,False,,13
6307,6307,6,2024-08-28,2025-08-28,Annual,True,Active,False,,23
6308,6308,1,2025-05-23,2025-06-23,Monthly,True,Active,False,,14
6309,6309,2,2025-11-25,2025-12-25,Monthly,True,Active,False,,8
6310,6310,2,2024-11-04,2024-12-04,Monthly,True,Active,False,,20
6311,6311,5,2025-02-18,2026-02-18,Annual,False,Active,False,,17
6312,6312,6,2024-12-09,2025-12-09,Annual,True,Active,False,,19
6313,6313,3,2024-07-15,2024-08-15,Monthly,True,Active,False,,24
6314,6314,5,2024-04-11,2025-04-11,Annual,True,Active,False,,27
6315,6315,2,2024-06-21,2024-07-21,Monthly,True,Active,False,,25
6316,6316,2,2024-03-28,2024-04-28,Monthly,True,Active,False,,28
6317,6317,5,2025-12-31,2026-12-31,Annual,True,Active,False,,7
6318,6318,5,2024-09-10,2025-09-10,Annual,True,Active,False,,22
6319,6319,2,2025-03-27,2025-04-27,Monthly,True,Active,False,,16
6320,6320,2,2025-06-21,2025-07-21,Monthly,True,Active,False,,13
6321,6321,5,2025-09-26,2026-09-26,Annual,True,Active,False,,10
6322,6322,2,2024-04-16,2024-05-16,Monthly,True,Active,False,,27
6323,6323,4,2024-06-20,2024-07-20,Monthly,True,Active,False,,25
6324,6324,5,2025-12-04,2026-12-04,Annual,True,Active,False,,7
6325,6325,2,2025-06-27,2025-07-27,Monthly,True,Active,False,,13
6326,6326,2,2024-03-22,2024-04-22,Monthly,False,Active,False,,28
6327,6327,4,2024-11-15,2024-12-15,Monthly,True,Active,False,,20
6328,6328,5,2024-04-11,2025-04-11,Annual,True,Active,False,,27
6329,6329,5,2026-01-09,2027-01-09,Annual,True,Active,False,,6
6330,6330,6,2024-02-19,2025-02-19,Annual,True,Active,False,,29
6331,6331,2,2024-05-22,2024-06-22,Monthly,True,Active,False,,26
6332,6332,5,2024-02-13,2025-02-13,Annual,True,Active,False,,29
6333,6333,1,2024-06-02,2024-07-02,Monthly,True,Active,False,,25
6334,6334,2,2025-07-22,2025-08-22,Monthly,True,Active,False,,12
6335,6335,4,2024-03-19,2024-08-06,Monthly,True,Cancelled,True,2024-08-06,28
6336,6336,3,2024-12-28,2025-01-28,Monthly,True,Active,False,,19
6337,6337,2,2024-07-04,2024-08-04,Monthly,True,Active,False,,24
6338,6338,1,2025-01-25,2025-07-08,Monthly,False,Expired,True,2025-07-08,18
6339,6339,5,2024-05-16,2025-05-16,Annual,True,Active,False,,26
6340,6340,5,2025-04-01,2026-04-01,Annual,True,Active,False,,15
6341,6341,5,2025-12-18,2026-12-18,Annual,True,Active,False,,7
6342,6342,4,2024-09-12,2024-10-12,Monthly,True,Active,False,,22
6343,6343,4,2024-04-15,2024-05-15,Monthly,True,Active,False,,27
6344,6344,3,2024-12-03,2025-01-03,Monthly,True,Active,False,,19
6345,6345,1,2024-07-17,2024-08-17,Monthly,True,Active,False,,24
6346,6346,5,2025-04-20,2026-04-20,Annual,True,Active,False,,15
6347,6347,5,2025-11-24,2026-11-24,Annual,True,Active,False,,8
6348,6348,4,2025-08-16,2025-09-16,Monthly,True,Active,False,,11
6349,6349,2,2025-08-15,2025-09-15,Monthly,True,Active,False,,11
6350,6350,4,2024-10-30,2024-11-30,Monthly,True,Active,False,,21
6351,6351,5,2024-03-03,2025-03-03,Annual,True,Active,False,,28
6352,6352,4,2025-10-14,2025-11-14,Monthly,True,Active,False,,9
6353,6353,2,2025-05-13,2025-06-13,Monthly,True,Active,False,,14
6354,6354,5,2025-12-09,2026-12-09,Annual,True,Active,False,,7
6355,6355,2,2024-05-17,2024-06-17,Monthly,True,Active,False,,26
6356,6356,5,2024-02-03,2025-02-03,Annual,True,Active,False,,29
6357,6357,4,2024-01-31,2024-02-29,Monthly,True,Active,False,,30
6358,6358,5,2025-09-27,2026-09-27,Annual,True,Active,False,,10
6359,6359,5,2025-10-10,2026-10-10,Annual,True,Active,False,,9
6360,6360,5,2025-04-09,2026-02-10,Annual,True,Cancelled,True,2026-02-10,15
6361,6361,5,2025-11-28,2026-11-28,Annual,True,Active,False,,8
6362,6362,2,2025-12-23,2026-01-23,Monthly,True,Active,False,,7
6363,6363,2,2024-08-30,2024-09-30,Monthly,True,Active,False,,23
6364,6364,2,2025-10-06,2025-11-06,Monthly,True,Active,False,,9
6365,6365,2,2025-11-04,2025-12-04,Monthly,True,Active,False,,8
6366,6366,2,2024-02-29,2024-03-29,Monthly,True,Active,False,,29
6367,6367,3,2025-07-01,2025-08-01,Monthly,True,Active,False,,12
6368,6368,5,2025-04-03,2026-01-17,Annual,False,Expired,True,2026-01-17,15
6369,6369,4,2025-02-13,2025-03-13,Monthly,True,Active,False,,17
6370,6370,5,2024-10-29,2025-10-29,Annual,True,Active,False,,21
6371,6371,2,2025-04-27,2025-05-27,Monthly,True,Active,False,,15
6372,6372,4,2024-08-26,2024-09-26,Monthly,True,Active,False,,23
6373,6373,2,2024-11-05,2024-12-05,Monthly,True,Active,False,,20
6374,6374,2,2024-03-19,2024-04-19,Monthly,True,Active,False,,28
6375,6375,6,2024-11-03,2025-11-03,Annual,True,Active,False,,20
6376,6376,6,2025-10-16,2026-10-16,Annual,True,Active,False,,9
6377,6377,4,2025-04-27,2025-05-27,Monthly,True,Active,False,,15
6378,6378,5,2024-10-28,2025-10-28,Annual,True,Active,False,,21
6379,6379,5,2024-08-14,2025-08-14,Annual,True,Active,False,,23
6380,6380,5,2025-06-05,2026-06-05,Annual,True,Active,False,,13
6381,6381,2,2024-08-30,2024-09-30,Monthly,True,Active,False,,23
6382,6382,2,2024-09-30,2024-10-30,Monthly,True,Active,False,,22
6383,6383,4,2024-02-15,2024-03-15,Monthly,True,Active,False,,29
6384,6384,5,2026-01-03,2027-01-03,Annual,True,Active,False,,6
6385,6385,3,2026-01-11,2026-02-11,Monthly,True,Active,False,,6
6386,6386,5,2025-12-29,2026-12-29,Annual,True,Active,False,,7
6387,6387,2,2025-08-31,2025-09-30,Monthly,True,Active,False,,11
6388,6388,5,2025-10-24,2026-10-24,Annual,True,Active,False,,9
6389,6389,5,2025-09-27,2026-09-27,Annual,True,Active,False,,10
6390,6390,2,2024-10-15,2024-11-15,Monthly,True,Active,False,,21
6391,6391,5,2025-06-25,2026-06-25,Annual,True,Active,False,,13
6392,6392,1,2024-06-22,2024-07-22,Monthly,True,Active,False,,25
6393,6393,3,2024-06-25,2024-07-25,Monthly,True,Active,False,,25
6394,6394,3,2026-01-15,2026-02-15,Monthly,True,Active,False,,6
6395,6395,2,2026-01-01,2026-03-20,Monthly,True,Cancelled,True,2026-03-20,6
6396,6396,3,2024-07-14,2024-08-14,Monthly,True,Active,False,,24
6397,6397,2,2024-01-21,2024-02-21,Monthly,True,Active,False,,30
6398,6398,3,2025-01-12,2025-02-12,Monthly,True,Active,False,,18
6399,6399,3,2025-09-18,2025-10-18,Monthly,True,Active,False,,10
6400,6400,5,2025-09-30,2026-09-30,Annual,True,Active,False,,10
6401,6401,3,2025-09-14,2025-10-14,Monthly,False,Active,False,,10
6402,6402,3,2024-05-14,2024-06-14,Monthly,True,Active,False,,26
6403,6403,1,2024-09-27,2024-10-27,Monthly,True,Active,False,,22
6404,6404,2,2025-10-01,2025-11-14,Monthly,False,Expired,True,2025-11-14,9
6405,6405,3,2025-08-02,2025-09-02,Monthly,True,Active,False,,11
6406,6406,6,2024-03-27,2025-03-27,Annual,True,Active,False,,28
6407,6407,4,2024-12-06,2025-01-06,Monthly,True,Active,False,,19
6408,6408,1,2024-04-20,2024-05-20,Monthly,True,Active,False,,27
6409,6409,2,2024-11-22,2024-12-22,Monthly,True,Active,False,,20
6410,6410,3,2025-03-31,2025-04-30,Monthly,True,Active,False,,16
6411,6411,5,2025-06-27,2026-06-27,Annual,True,Active,False,,13
6412,6412,5,2025-02-24,2026-02-24,Annual,True,Active,False,,17
6413,6413,2,2024-12-18,2025-01-18,Monthly,True,Active,False,,19
6414,6414,2,2025-10-04,2025-11-04,Monthly,True,Active,False,,9
6415,6415,2,2024-10-31,2024-11-30,Monthly,True,Active,False,,21
6416,6416,2,2024-06-06,2024-07-06,Monthly,True,Active,False,,25
6417,6417,2,2025-09-10,2025-10-10,Monthly,True,Active,False,,10
6418,6418,2,2025-11-29,2025-12-29,Monthly,True,Active,False,,8
6419,6419,6,2024-11-12,2025-11-12,Annual,True,Active,False,,20
6420,6420,4,2024-03-16,2024-04-16,Monthly,True,Active,False,,28
6421,6421,4,2024-11-13,2024-12-13,Monthly,False,Active,False,,20
6422,6422,5,2025-01-29,2026-01-29,Annual,True,Active,False,,18
6423,6423,5,2025-03-30,2026-03-30,Annual,False,Expired,True,2026-03-30,16
6424,6424,5,2025-02-08,2026-02-08,Annual,True,Active,False,,17
6425,6425,2,2024-03-27,2024-04-27,Monthly,True,Active,False,,28
6426,6426,2,2024-04-03,2024-05-03,Monthly,True,Active,False,,27
6427,6427,5,2024-01-18,2025-01-18,Annual,True,Active,False,,30
6428,6428,2,2025-10-23,2025-11-23,Monthly,True,Active,False,,9
6429,6429,3,2025-03-08,2025-04-08,Monthly,True,Active,False,,16
6430,6430,2,2024-11-29,2024-12-29,Monthly,True,Active,False,,20
6431,6431,5,2025-05-15,2026-05-15,Annual,True,Active,False,,14
6432,6432,2,2024-12-23,2025-05-23,Monthly,False,Cancelled,True,2025-05-23,19
6433,6433,3,2025-08-04,2025-12-31,Monthly,False,Expired,True,2025-12-31,11
6434,6434,3,2024-05-09,2024-06-09,Monthly,True,Active,False,,26
6435,6435,2,2025-02-17,2025-07-28,Monthly,False,Expired,True,2025-07-28,17
6436,6436,6,2024-03-13,2025-03-13,Annual,False,Active,False,,28
6437,6437,5,2025-07-05,2026-07-05,Annual,True,Active,False,,12
6438,6438,6,2025-05-04,2026-05-04,Annual,True,Active,False,,14
6439,6439,2,2024-06-16,2024-07-16,Monthly,True,Active,False,,25
6440,6440,2,2024-12-09,2025-01-09,Monthly,True,Active,False,,19
6441,6441,2,2025-04-18,2025-09-14,Monthly,True,Cancelled,True,2025-09-14,15
6442,6442,2,2024-02-07,2024-03-07,Monthly,True,Active,False,,29
6443,6443,6,2025-08-09,2026-08-09,Annual,True,Active,False,,11
6444,6444,6,2025-09-19,2026-09-19,Annual,True,Active,False,,10
6445,6445,3,2025-12-15,2026-01-15,Monthly,True,Active,False,,7
6446,6446,5,2024-04-06,2025-04-06,Annual,True,Active,False,,27
6447,6447,5,2025-10-06,2026-05-13,Annual,True,Cancelled,True,2026-05-13,9
6448,6448,2,2024-01-14,2024-02-14,Monthly,True,Active,False,,30
6449,6449,4,2024-11-02,2024-12-02,Monthly,True,Active,False,,20
6450,6450,6,2024-10-04,2025-10-04,Annual,True,Active,False,,21
6451,6451,2,2025-06-03,2025-08-09,Monthly,True,Cancelled,True,2025-08-09,13
6452,6452,2,2024-05-05,2024-06-05,Monthly,True,Active,False,,26
6453,6453,3,2025-10-27,2025-11-27,Monthly,True,Active,False,,9
6454,6454,6,2025-01-23,2026-01-23,Annual,True,Active,False,,18
6455,6455,2,2025-10-08,2025-11-08,Monthly,True,Active,False,,9
6456,6456,2,2025-02-24,2025-03-24,Monthly,True,Active,False,,17
6457,6457,6,2024-04-04,2025-04-04,Annual,False,Active,False,,27
6458,6458,5,2025-03-30,2026-03-30,Annual,True,Active,False,,16
6459,6459,3,2025-07-08,2025-08-08,Monthly,True,Active,False,,12
6460,6460,6,2024-07-15,2025-07-15,Annual,True,Active,False,,24
6461,6461,5,2025-11-05,2026-07-30,Annual,True,Cancelled,True,2026-07-30,8
6462,6462,2,2024-04-28,2024-05-28,Monthly,True,Active,False,,27
6463,6463,5,2025-01-13,2026-01-13,Annual,True,Active,False,,18
6464,6464,4,2024-08-17,2024-09-17,Monthly,True,Active,False,,23
6465,6465,3,2024-04-20,2024-05-20,Monthly,True,Active,False,,27
6466,6466,1,2025-10-20,2025-11-20,Monthly,True,Active,False,,9
6467,6467,2,2025-05-21,2025-06-21,Monthly,True,Active,False,,14
6468,6468,2,2024-11-07,2024-12-07,Monthly,False,Active,False,,20
6469,6469,3,2024-10-23,2024-11-23,Monthly,True,Active,False,,21
6470,6470,3,2025-05-01,2025-06-01,Monthly,True,Active,False,,14
6471,6471,6,2024-07-10,2025-07-10,Annual,True,Active,False,,24
6472,6472,2,2024-12-09,2025-01-09,Monthly,False,Active,False,,19
6473,6473,3,2024-10-29,2024-11-29,Monthly,True,Active,False,,21
6474,6474,2,2026-01-04,2026-02-04,Monthly,True,Active,False,,6
6475,6475,3,2025-09-20,2025-10-20,Monthly,True,Active,False,,10
6476,6476,3,2025-10-04,2025-11-04,Monthly,True,Active,False,,9
6477,6477,3,2025-12-28,2026-02-08,Monthly,False,Expired,True,2026-02-08,7
6478,6478,3,2025-08-08,2025-09-08,Monthly,True,Active,False,,11
6479,6479,4,2025-05-28,2025-06-28,Monthly,True,Active,False,,14
6480,6480,5,2024-04-27,2025-04-27,Annual,True,Active,False,,27
6481,6481,4,2024-03-27,2024-04-27,Monthly,True,Active,False,,28
6482,6482,5,2024-06-22,2025-06-22,Annual,True,Active,False,,25
6483,6483,2,2024-04-12,2024-05-12,Monthly,True,Active,False,,27
6484,6484,5,2024-11-03,2025-11-03,Annual,True,Active,False,,20
6485,6485,4,2024-04-10,2024-05-10,Monthly,True,Active,False,,27
6486,6486,2,2025-03-20,2025-07-19,Monthly,False,Expired,True,2025-07-19,16
6487,6487,4,2025-03-29,2025-04-29,Monthly,True,Active,False,,16
6488,6488,5,2025-10-10,2026-10-10,Annual,True,Active,False,,9
6489,6489,5,2025-09-09,2026-09-09,Annual,True,Active,False,,10
6490,6490,1,2024-03-06,2024-04-06,Monthly,False,Active,False,,28
6491,6491,3,2024-05-05,2024-06-05,Monthly,True,Active,False,,26
6492,6492,5,2024-10-19,2025-10-19,Annual,True,Active,False,,21
6493,6493,2,2024-12-21,2025-01-21,Monthly,True,Active,False,,19
6494,6494,1,2025-05-31,2025-06-30,Monthly,True,Active,False,,14
6495,6495,3,2024-09-03,2024-10-03,Monthly,True,Active,False,,22
6496,6496,5,2025-02-28,2026-02-28,Annual,True,Active,False,,17
6497,6497,3,2024-03-01,2024-04-01,Monthly,True,Active,False,,28
6498,6498,2,2025-01-26,2025-04-14,Monthly,False,Expired,True,2025-04-14,18
6499,6499,2,2025-07-18,2025-08-18,Monthly,True,Active,False,,12
6500,6500,2,2025-01-27,2025-02-27,Monthly,True,Active,False,,18
6501,6501,2,2025-11-08,2025-12-08,Monthly,False,Active,False,,8
6502,6502,5,2024-01-28,2025-01-28,Annual,True,Active,False,,30
6503,6503,5,2024-11-22,2025-11-22,Annual,True,Active,False,,20
6504,6504,6,2025-09-05,2026-09-05,Annual,True,Active,False,,10
6505,6505,5,2024-02-08,2025-02-08,Annual,True,Active,False,,29
6506,6506,5,2024-07-10,2025-07-10,Annual,True,Active,False,,24
6507,6507,5,2025-12-12,2026-12-12,Annual,True,Active,False,,7
6508,6508,3,2025-02-06,2025-05-20,Monthly,False,Expired,True,2025-05-20,17
6509,6509,4,2025-12-13,2026-01-13,Monthly,True,Active,False,,7
6510,6510,5,2025-02-02,2026-02-02,Annual,True,Active,False,,17
6511,6511,5,2024-03-28,2024-12-30,Annual,False,Expired,True,2024-12-30,28
6512,6512,2,2024-03-13,2024-04-13,Monthly,False,Active,False,,28
6513,6513,4,2025-04-28,2025-05-28,Monthly,True,Active,False,,15
6514,6514,5,2024-11-04,2025-11-04,Annual,True,Active,False,,20
6515,6515,5,2024-08-03,2025-08-03,Annual,True,Active,False,,23
6516,6516,2,2025-09-10,2025-10-10,Monthly,True,Active,False,,10
6517,6517,5,2025-01-02,2026-01-02,Annual,True,Active,False,,18
6518,6518,3,2025-12-27,2026-01-27,Monthly,True,Active,False,,7
6519,6519,3,2025-11-22,2026-03-31,Monthly,False,Expired,True,2026-03-31,8
6520,6520,3,2024-04-20,2024-05-20,Monthly,True,Active,False,,27
6521,6521,2,2024-09-09,2024-10-09,Monthly,True,Active,False,,22
6522,6522,5,2025-08-16,2026-08-16,Annual,True,Active,False,,11
6523,6523,4,2025-08-15,2025-09-15,Monthly,True,Active,False,,11
6524,6524,2,2024-08-14,2024-09-14,Monthly,True,Active,False,,23
6525,6525,2,2024-10-30,2024-11-30,Monthly,True,Active,False,,21
6526,6526,5,2025-01-29,2026-01-29,Annual,True,Active,False,,18
6527,6527,5,2024-03-24,2024-10-08,Annual,False,Expired,True,2024-10-08,28
6528,6528,2,2025-10-07,2025-11-07,Monthly,True,Active,False,,9
6529,6529,6,2025-10-23,2026-10-23,Annual,True,Active,False,,9
6530,6530,3,2025-10-08,2025-11-08,Monthly,True,Active,False,,9
6531,6531,5,2024-10-05,2025-10-05,Annual,False,Active,False,,21
6532,6532,6,2025-07-24,2026-07-24,Annual,True,Active,False,,12
6533,6533,1,2025-02-20,2025-03-20,Monthly,True,Active,False,,17
6534,6534,5,2025-12-22,2026-12-22,Annual,True,Active,False,,7
6535,6535,5,2025-04-21,2026-04-21,Annual,True,Active,False,,15
6536,6536,2,2025-02-24,2025-03-24,Monthly,True,Active,False,,17
6537,6537,6,2025-10-03,2026-10-03,Annual,True,Active,False,,9
6538,6538,2,2024-03-19,2024-04-19,Monthly,True,Active,False,,28
6539,6539,2,2024-12-06,2025-01-06,Monthly,True,Active,False,,19
6540,6540,2,2025-09-27,2026-03-23,Monthly,True,Cancelled,True,2026-03-23,10
6541,6541,2,2024-09-12,2024-10-12,Monthly,True,Active,False,,22
6542,6542,6,2024-03-19,2025-03-19,Annual,True,Active,False,,28
6543,6543,2,2024-02-09,2024-03-09,Monthly,True,Active,False,,29
6544,6544,5,2024-08-27,2025-08-27,Annual,True,Active,False,,23
6545,6545,5,2024-10-21,2025-09-25,Annual,False,Expired,True,2025-09-25,21
6546,6546,2,2026-01-02,2026-04-25,Monthly,False,Expired,True,2026-04-25,6
6547,6547,3,2024-07-08,2024-08-08,Monthly,True,Active,False,,24
6548,6548,5,2025-09-12,2026-07-10,Annual,False,Cancelled,True,2026-07-10,10
6549,6549,4,2024-08-07,2024-09-07,Monthly,True,Active,False,,23
6550,6550,2,2025-02-16,2025-03-16,Monthly,True,Active,False,,17
6551,6551,5,2025-05-27,2026-05-27,Annual,True,Active,False,,14
6552,6552,1,2024-03-28,2024-04-28,Monthly,True,Active,False,,28
6553,6553,5,2025-10-11,2026-10-11,Annual,True,Active,False,,9
6554,6554,6,2025-12-14,2026-12-14,Annual,True,Active,False,,7
6555,6555,6,2024-11-12,2025-11-12,Annual,True,Active,False,,20
6556,6556,2,2024-05-11,2024-06-11,Monthly,True,Active,False,,26
6557,6557,4,2024-05-21,2024-06-21,Monthly,True,Active,False,,26
6558,6558,3,2025-09-03,2025-10-03,Monthly,True,Active,False,,10
6559,6559,2,2024-02-14,2024-03-14,Monthly,True,Active,False,,29
6560,6560,3,2025-12-02,2026-01-02,Monthly,True,Active,False,,7
6561,6561,3,2025-05-26,2025-06-26,Monthly,True,Active,False,,14
6562,6562,5,2024-07-06,2025-07-06,Annual,True,Active,False,,24
6563,6563,3,2025-03-04,2025-04-04,Monthly,True,Active,False,,16
6564,6564,2,2024-03-23,2024-04-23,Monthly,True,Active,False,,28
6565,6565,5,2025-07-05,2026-07-05,Annual,False,Active,False,,12
6566,6566,6,2024-02-21,2025-02-21,Annual,True,Active,False,,29
6567,6567,5,2025-05-30,2026-05-30,Annual,True,Active,False,,14
6568,6568,4,2024-08-27,2025-02-23,Monthly,False,Cancelled,True,2025-02-23,23
6569,6569,1,2025-09-08,2025-10-08,Monthly,True,Active,False,,10
6570,6570,3,2025-10-03,2025-11-03,Monthly,True,Active,False,,9
6571,6571,1,2025-11-13,2025-12-13,Monthly,True,Active,False,,8
6572,6572,5,2024-04-17,2025-04-17,Annual,True,Active,False,,27
6573,6573,5,2024-02-29,2025-02-28,Annual,True,Active,False,,29
6574,6574,6,2024-06-22,2025-06-22,Annual,True,Active,False,,25
6575,6575,1,2025-03-04,2025-04-04,Monthly,True,Active,False,,16
6576,6576,6,2025-07-30,2026-03-23,Annual,True,Cancelled,True,2026-03-23,12
6577,6577,3,2024-05-15,2024-10-13,Monthly,False,Expired,True,2024-10-13,26
6578,6578,6,2025-01-02,2026-01-02,Annual,False,Active,False,,18
6579,6579,1,2024-09-10,2024-10-10,Monthly,True,Active,False,,22
6580,6580,3,2024-02-27,2024-03-27,Monthly,True,Active,False,,29
6581,6581,6,2024-09-08,2025-09-08,Annual,False,Active,False,,22
6582,6582,5,2025-10-27,2026-10-27,Annual,True,Active,False,,9
6583,6583,5,2025-09-09,2026-09-09,Annual,True,Active,False,,10
6584,6584,2,2025-07-23,2025-08-23,Monthly,True,Active,False,,12
6585,6585,5,2025-10-13,2026-10-13,Annual,True,Active,False,,9
6586,6586,2,2025-04-18,2025-05-18,Monthly,True,Active,False,,15
6587,6587,2,2024-05-11,2024-06-11,Monthly,True,Active,False,,26
6588,6588,3,2024-07-22,2024-08-22,Monthly,True,Active,False,,24
6589,6589,3,2024-04-16,2024-05-16,Monthly,True,Active,False,,27
6590,6590,6,2024-06-10,2025-06-10,Annual,True,Active,False,,25
6591,6591,5,2025-07-04,2026-07-04,Annual,True,Active,False,,12
6592,6592,1,2024-02-13,2024-03-13,Monthly,True,Active,False,,29
6593,6593,3,2024-10-06,2024-11-06,Monthly,True,Active,False,,21
6594,6594,2,2024-06-02,2024-07-02,Monthly,True,Active,False,,25
6595,6595,3,2025-06-09,2025-07-09,Monthly,True,Active,False,,13
6596,6596,5,2025-04-07,2026-04-07,Annual,True,Active,False,,15
6597,6597,1,2025-05-21,2025-06-21,Monthly,True,Active,False,,14
6598,6598,5,2024-06-19,2025-06-19,Annual,True,Active,False,,25
6599,6599,5,2024-06-01,2025-06-01,Annual,True,Active,False,,25
6600,6600,5,2024-03-01,2025-03-01,Annual,False,Active,False,,28
6601,6601,4,2025-01-30,2025-06-01,Monthly,True,Cancelled,True,2025-06-01,18
6602,6602,5,2024-08-08,2025-08-08,Annual,True,Active,False,,23
6603,6603,2,2025-07-04,2025-08-04,Monthly,True,Active,False,,12
6604,6604,2,2025-07-25,2025-08-25,Monthly,True,Active,False,,12
6605,6605,5,2025-05-11,2025-12-05,Annual,True,Cancelled,True,2025-12-05,14
6606,6606,5,2025-11-11,2026-11-11,Annual,False,Active,False,,8
6607,6607,2,2025-10-23,2025-11-23,Monthly,True,Active,False,,9
6608,6608,2,2025-03-18,2025-04-18,Monthly,True,Active,False,,16
6609,6609,2,2025-10-30,2025-11-30,Monthly,True,Active,False,,9
6610,6610,4,2025-05-19,2025-06-19,Monthly,True,Active,False,,14
6611,6611,2,2024-02-26,2024-03-26,Monthly,True,Active,False,,29
6612,6612,2,2024-06-11,2024-07-11,Monthly,True,Active,False,,25
6613,6613,3,2024-01-13,2024-02-13,Monthly,True,Active,False,,30
6614,6614,5,2024-08-22,2025-08-22,Annual,True,Active,False,,23
6615,6615,5,2025-11-12,2026-11-12,Annual,True,Active,False,,8
6616,6616,5,2025-07-30,2026-07-30,Annual,True,Active,False,,12
6617,6617,5,2024-10-18,2025-10-18,Annual,True,Active,False,,21
6618,6618,3,2025-10-30,2025-11-30,Monthly,True,Active,False,,9
6619,6619,2,2025-12-30,2026-01-30,Monthly,False,Active,False,,7
6620,6620,2,2025-01-19,2025-02-19,Monthly,True,Active,False,,18
6621,6621,6,2024-03-08,2025-03-08,Annual,True,Active,False,,28
6622,6622,2,2024-12-15,2025-01-15,Monthly,True,Active,False,,19
6623,6623,4,2024-08-27,2024-09-27,Monthly,True,Active,False,,23
6624,6624,5,2024-02-25,2025-02-25,Annual,True,Active,False,,29
6625,6625,6,2025-09-29,2026-09-29,Annual,True,Active,False,,10
6626,6626,5,2026-01-27,2027-01-27,Annual,True,Active,False,,6
6627,6627,2,2024-02-12,2024-03-12,Monthly,True,Active,False,,29
6628,6628,3,2024-07-01,2024-08-01,Monthly,True,Active,False,,24
6629,6629,3,2025-09-29,2025-10-29,Monthly,True,Active,False,,10
6630,6630,1,2024-04-12,2024-05-12,Monthly,True,Active,False,,27
6631,6631,2,2024-05-06,2024-06-06,Monthly,False,Active,False,,26
6632,6632,2,2024-04-09,2024-05-09,Monthly,True,Active,False,,27
6633,6633,3,2025-11-09,2025-12-09,Monthly,True,Active,False,,8
6634,6634,5,2025-11-06,2026-11-06,Annual,True,Active,False,,8
6635,6635,4,2024-08-16,2024-09-16,Monthly,False,Active,False,,23
6636,6636,2,2024-11-05,2024-12-05,Monthly,False,Active,False,,20
6637,6637,5,2024-02-01,2025-02-01,Annual,False,Active,False,,29
6638,6638,1,2024-12-25,2025-01-25,Monthly,True,Active,False,,19
6639,6639,5,2024-08-24,2025-08-24,Annual,True,Active,False,,23
6640,6640,5,2024-08-03,2025-08-03,Annual,True,Active,False,,23
6641,6641,5,2025-04-24,2026-04-24,Annual,True,Active,False,,15
6642,6642,2,2025-11-13,2025-12-13,Monthly,True,Active,False,,8
6643,6643,6,2024-04-18,2025-04-18,Annual,False,Active,False,,27
6644,6644,3,2025-02-10,2025-03-10,Monthly,True,Active,False,,17
6645,6645,3,2025-07-15,2025-08-15,Monthly,True,Active,False,,12
6646,6646,4,2024-08-27,2024-09-27,Monthly,False,Active,False,,23
6647,6647,5,2025-09-21,2026-09-21,Annual,True,Active,False,,10
6648,6648,4,2025-03-25,2025-07-18,Monthly,True,Cancelled,True,2025-07-18,16
6649,6649,6,2025-07-23,2026-07-23,Annual,True,Active,False,,12
6650,6650,4,2025-04-03,2025-05-03,Monthly,False,Active,False,,15
6651,6651,5,2025-01-31,2026-01-31,Annual,True,Active,False,,18
6652,6652,3,2026-01-19,2026-02-19,Monthly,True,Active,False,,6
6653,6653,2,2024-11-04,2024-12-04,Monthly,True,Active,False,,20
6654,6654,2,2024-10-09,2024-11-09,Monthly,True,Active,False,,21
6655,6655,3,2024-04-05,2024-05-05,Monthly,True,Active,False,,27
6656,6656,2,2025-06-12,2025-08-27,Monthly,False,Cancelled,True,2025-08-27,13
6657,6657,3,2024-12-14,2025-01-14,Monthly,True,Active,False,,19
6658,6658,2,2024-07-26,2024-08-26,Monthly,True,Active,False,,24
6659,6659,3,2024-07-24,2024-08-24,Monthly,True,Active,False,,24
6660,6660,5,2025-12-08,2026-12-08,Annual,True,Active,False,,7
6661,6661,3,2025-03-24,2025-04-24,Monthly,True,Active,False,,16
6662,6662,2,2024-06-24,2024-07-24,Monthly,True,Active,False,,25
6663,6663,5,2025-05-17,2026-05-17,Annual,True,Active,False,,14
6664,6664,2,2025-04-27,2025-05-27,Monthly,True,Active,False,,15
6665,6665,2,2024-05-28,2024-06-28,Monthly,True,Active,False,,26
6666,6666,5,2025-05-06,2026-05-06,Annual,True,Active,False,,14
6667,6667,5,2024-04-02,2025-04-02,Annual,True,Active,False,,27
6668,6668,5,2025-02-04,2026-02-04,Annual,True,Active,False,,17
6669,6669,6,2025-11-23,2026-11-23,Annual,True,Active,False,,8
6670,6670,5,2024-12-15,2025-12-15,Annual,True,Active,False,,19
6671,6671,5,2025-08-19,2026-06-23,Annual,False,Expired,True,2026-06-23,11
6672,6672,6,2024-02-01,2025-02-01,Annual,True,Active,False,,29
6673,6673,5,2025-11-24,2026-11-24,Annual,True,Active,False,,8
6674,6674,1,2025-01-25,2025-02-25,Monthly,False,Active,False,,18
6675,6675,5,2024-07-05,2025-07-05,Annual,True,Active,False,,24
6676,6676,4,2025-07-02,2025-08-02,Monthly,True,Active,False,,12
6677,6677,2,2024-05-01,2024-06-01,Monthly,True,Active,False,,26
6678,6678,4,2024-03-21,2024-05-06,Monthly,True,Cancelled,True,2024-05-06,28
6679,6679,3,2025-11-10,2025-12-10,Monthly,True,Active,False,,8
6680,6680,5,2025-07-19,2026-07-19,Annual,True,Active,False,,12
6681,6681,2,2024-11-23,2024-12-23,Monthly,True,Active,False,,20
6682,6682,5,2025-06-07,2026-06-07,Annual,True,Active,False,,13
6683,6683,2,2025-07-12,2025-11-20,Monthly,False,Expired,True,2025-11-20,12
6684,6684,5,2024-11-27,2025-11-27,Annual,True,Active,False,,20
6685,6685,5,2025-07-02,2026-07-02,Annual,True,Active,False,,12
6686,6686,5,2025-10-09,2026-10-09,Annual,True,Active,False,,9
6687,6687,4,2025-09-01,2025-10-01,Monthly,True,Active,False,,10
6688,6688,5,2026-01-15,2027-01-15,Annual,True,Active,False,,6
6689,6689,3,2025-01-20,2025-02-20,Monthly,True,Active,False,,18
6690,6690,4,2025-09-17,2025-10-17,Monthly,True,Active,False,,10
6691,6691,2,2024-06-27,2024-07-27,Monthly,True,Active,False,,25
6692,6692,2,2025-07-30,2025-08-30,Monthly,True,Active,False,,12
6693,6693,6,2024-10-22,2025-10-22,Annual,True,Active,False,,21
6694,6694,5,2024-07-18,2025-07-18,Annual,True,Active,False,,24
6695,6695,2,2024-12-28,2025-01-28,Monthly,True,Active,False,,19
6696,6696,3,2024-08-23,2024-09-23,Monthly,True,Active,False,,23
6697,6697,4,2025-03-28,2025-04-28,Monthly,True,Active,False,,16
6698,6698,3,2025-09-23,2025-12-14,Monthly,False,Expired,True,2025-12-14,10
6699,6699,1,2025-05-24,2025-06-24,Monthly,False,Active,False,,14
6700,6700,3,2025-06-01,2025-07-01,Monthly,True,Active,False,,13
6701,6701,6,2025-05-17,2026-05-17,Annual,True,Active,False,,14
6702,6702,2,2024-07-30,2024-08-30,Monthly,True,Active,False,,24
6703,6703,5,2025-12-30,2026-12-30,Annual,True,Active,False,,7
6704,6704,2,2024-08-28,2024-09-28,Monthly,True,Active,False,,23
6705,6705,1,2024-04-04,2024-07-11,Monthly,False,Expired,True,2024-07-11,27
6706,6706,2,2024-08-10,2024-09-10,Monthly,True,Active,False,,23
6707,6707,4,2025-09-28,2026-01-05,Monthly,True,Cancelled,True,2026-01-05,10
6708,6708,6,2024-08-20,2025-08-20,Annual,False,Active,False,,23
6709,6709,4,2025-04-27,2025-05-27,Monthly,True,Active,False,,15
6710,6710,5,2025-01-06,2026-01-06,Annual,True,Active,False,,18
6711,6711,3,2025-08-29,2025-12-19,Monthly,False,Expired,True,2025-12-19,11
6712,6712,2,2025-11-01,2025-12-01,Monthly,True,Active,False,,8
6713,6713,5,2025-07-29,2026-07-29,Annual,True,Active,False,,12
6714,6714,5,2026-01-02,2027-01-02,Annual,True,Active,False,,6
6715,6715,2,2024-07-15,2024-08-15,Monthly,True,Active,False,,24
6716,6716,2,2024-09-09,2024-10-09,Monthly,True,Active,False,,22
6717,6717,6,2025-11-07,2026-11-07,Annual,True,Active,False,,8
6718,6718,4,2025-03-27,2025-04-27,Monthly,True,Active,False,,16
6719,6719,3,2024-08-05,2024-09-05,Monthly,True,Active,False,,23
6720,6720,2,2024-06-01,2024-08-20,Monthly,True,Cancelled,True,2024-08-20,25
6721,6721,6,2024-06-29,2025-06-29,Annual,True,Active,False,,25
6722,6722,6,2024-01-27,2025-01-27,Annual,True,Active,False,,30
6723,6723,5,2024-02-17,2025-02-17,Annual,True,Active,False,,29
6724,6724,5,2024-08-25,2025-08-25,Annual,False,Active,False,,23
6725,6725,2,2025-05-01,2025-06-01,Monthly,True,Active,False,,14
6726,6726,5,2024-12-02,2025-12-02,Annual,True,Active,False,,19
6727,6727,3,2025-02-20,2025-03-20,Monthly,True,Active,False,,17
6728,6728,2,2024-07-09,2024-08-09,Monthly,True,Active,False,,24
6729,6729,3,2024-03-06,2024-04-06,Monthly,True,Active,False,,28
6730,6730,6,2025-05-18,2026-05-18,Annual,True,Active,False,,14
6731,6731,4,2025-02-20,2025-03-20,Monthly,True,Active,False,,17
6732,6732,1,2025-03-20,2025-04-20,Monthly,True,Active,False,,16
6733,6733,6,2025-04-26,2026-04-26,Annual,True,Active,False,,15
6734,6734,5,2025-08-10,2026-08-10,Annual,True,Active,False,,11
6735,6735,5,2024-04-04,2025-04-04,Annual,True,Active,False,,27
6736,6736,3,2025-05-29,2025-06-29,Monthly,True,Active,False,,14
6737,6737,5,2025-05-25,2026-05-25,Annual,True,Active,False,,14
6738,6738,4,2024-10-22,2024-11-22,Monthly,True,Active,False,,21
6739,6739,3,2025-06-04,2025-08-06,Monthly,True,Cancelled,True,2025-08-06,13
6740,6740,5,2024-04-06,2024-10-03,Annual,False,Cancelled,True,2024-10-03,27
6741,6741,6,2025-05-30,2026-01-13,Annual,True,Cancelled,True,2026-01-13,14
6742,6742,3,2025-10-16,2025-11-16,Monthly,True,Active,False,,9
6743,6743,5,2025-12-03,2026-12-03,Annual,True,Active,False,,7
6744,6744,4,2025-06-26,2025-07-26,Monthly,True,Active,False,,13
6745,6745,2,2024-11-22,2024-12-22,Monthly,True,Active,False,,20
6746,6746,5,2024-12-03,2025-12-03,Annual,True,Active,False,,19
6747,6747,5,2025-02-28,2026-02-28,Annual,True,Active,False,,17
6748,6748,4,2025-02-03,2025-03-03,Monthly,True,Active,False,,17
6749,6749,3,2025-01-18,2025-02-18,Monthly,True,Active,False,,18
6750,6750,4,2024-05-02,2024-06-02,Monthly,True,Active,False,,26
6751,6751,6,2025-10-31,2026-10-31,Annual,True,Active,False,,9
6752,6752,5,2024-11-10,2025-11-10,Annual,True,Active,False,,20
6753,6753,4,2025-12-07,2026-01-07,Monthly,True,Active,False,,7
6754,6754,2,2025-11-09,2025-12-09,Monthly,False,Active,False,,8
6755,6755,2,2024-06-27,2024-07-27,Monthly,True,Active,False,,25
6756,6756,2,2025-05-01,2025-06-01,Monthly,True,Active,False,,14
6757,6757,3,2024-12-21,2025-01-21,Monthly,True,Active,False,,19
6758,6758,6,2026-01-02,2027-01-02,Annual,True,Active,False,,6
6759,6759,2,2025-01-17,2025-02-17,Monthly,True,Active,False,,18
6760,6760,3,2024-03-13,2024-04-13,Monthly,True,Active,False,,28
6761,6761,4,2024-04-03,2024-05-03,Monthly,True,Active,False,,27
6762,6762,5,2024-02-25,2025-02-25,Annual,True,Active,False,,29
6763,6763,6,2025-02-24,2026-02-24,Annual,True,Active,False,,17
6764,6764,4,2024-12-30,2025-01-30,Monthly,True,Active,False,,19
6765,6765,2,2024-04-23,2024-05-23,Monthly,True,Active,False,,27
6766,6766,5,2024-08-30,2025-08-30,Annual,True,Active,False,,23
6767,6767,5,2024-04-18,2025-04-18,Annual,True,Active,False,,27
6768,6768,4,2025-10-16,2025-11-16,Monthly,True,Active,False,,9
6769,6769,2,2025-11-29,2025-12-29,Monthly,False,Active,False,,8
6770,6770,5,2025-06-16,2026-06-16,Annual,True,Active,False,,13
6771,6771,6,2024-04-15,2025-03-20,Annual,True,Cancelled,True,2025-03-20,27
6772,6772,1,2025-03-27,2025-04-27,Monthly,True,Active,False,,16
6773,6773,5,2025-08-11,2026-08-11,Annual,True,Active,False,,11
6774,6774,3,2024-06-18,2024-07-18,Monthly,True,Active,False,,25
6775,6775,5,2024-08-28,2025-08-28,Annual,True,Active,False,,23
6776,6776,2,2024-03-19,2024-04-19,Monthly,True,Active,False,,28
6777,6777,5,2025-06-21,2026-06-12,Annual,True,Cancelled,True,2026-06-12,13
6778,6778,5,2024-05-14,2025-05-14,Annual,True,Active,False,,26
6779,6779,4,2024-10-26,2024-11-26,Monthly,True,Active,False,,21
6780,6780,5,2024-11-01,2025-11-01,Annual,False,Active,False,,20
6781,6781,2,2025-05-24,2025-06-24,Monthly,True,Active,False,,14
6782,6782,5,2025-09-23,2026-09-23,Annual,True,Active,False,,10
6783,6783,2,2025-07-05,2025-08-05,Monthly,True,Active,False,,12
6784,6784,2,2024-11-29,2025-04-20,Monthly,False,Cancelled,True,2025-04-20,20
6785,6785,2,2025-03-20,2025-04-20,Monthly,True,Active,False,,16
6786,6786,2,2025-09-16,2025-10-16,Monthly,True,Active,False,,10
6787,6787,1,2025-05-26,2025-06-26,Monthly,True,Active,False,,14
6788,6788,2,2025-03-17,2025-04-17,Monthly,True,Active,False,,16
6789,6789,4,2025-02-04,2025-06-02,Monthly,False,Expired,True,2025-06-02,17
6790,6790,1,2025-01-15,2025-02-15,Monthly,True,Active,False,,18
6791,6791,5,2024-01-29,2025-01-29,Annual,True,Active,False,,30
6792,6792,6,2024-06-02,2025-06-02,Annual,True,Active,False,,25
6793,6793,3,2024-12-16,2025-01-16,Monthly,False,Active,False,,19
6794,6794,6,2025-11-15,2026-11-15,Annual,True,Active,False,,8
6795,6795,6,2025-07-01,2026-07-01,Annual,True,Active,False,,12
6796,6796,3,2026-01-05,2026-02-05,Monthly,True,Active,False,,6
6797,6797,3,2025-07-18,2025-08-18,Monthly,True,Active,False,,12
6798,6798,6,2025-04-12,2026-04-12,Annual,True,Active,False,,15
6799,6799,1,2025-09-25,2025-10-25,Monthly,True,Active,False,,10
6800,6800,3,2025-06-15,2025-07-15,Monthly,True,Active,False,,13
6801,6801,4,2025-11-11,2025-12-11,Monthly,True,Active,False,,8
6802,6802,2,2025-05-05,2025-06-05,Monthly,True,Active,False,,14
6803,6803,1,2024-06-16,2024-07-16,Monthly,True,Active,False,,25
6804,6804,4,2025-06-24,2025-07-24,Monthly,True,Active,False,,13
6805,6805,5,2026-01-15,2027-01-15,Annual,True,Active,False,,6
6806,6806,2,2024-05-22,2024-06-22,Monthly,False,Active,False,,26
6807,6807,3,2024-06-04,2024-11-14,Monthly,False,Expired,True,2024-11-14,25
6808,6808,5,2025-07-09,2026-07-09,Annual,True,Active,False,,12
6809,6809,5,2025-12-22,2026-12-22,Annual,True,Active,False,,7
6810,6810,2,2024-04-08,2024-08-10,Monthly,False,Expired,True,2024-08-10,27
6811,6811,4,2024-11-19,2024-12-19,Monthly,True,Active,False,,20
6812,6812,5,2024-07-10,2025-07-10,Annual,True,Active,False,,24
6813,6813,5,2024-10-28,2025-10-28,Annual,True,Active,False,,21
6814,6814,3,2025-04-10,2025-05-10,Monthly,True,Active,False,,15
6815,6815,5,2024-03-13,2025-03-13,Annual,True,Active,False,,28
6816,6816,5,2025-03-08,2026-03-08,Annual,True,Active,False,,16
6817,6817,5,2024-07-19,2025-07-19,Annual,True,Active,False,,24
6818,6818,2,2025-11-05,2025-12-05,Monthly,True,Active,False,,8
6819,6819,2,2025-12-05,2026-04-21,Monthly,True,Cancelled,True,2026-04-21,7
6820,6820,4,2024-06-06,2024-07-06,Monthly,True,Active,False,,25
6821,6821,4,2025-08-14,2025-09-14,Monthly,True,Active,False,,11
6822,6822,2,2025-01-08,2025-02-08,Monthly,True,Active,False,,18
6823,6823,3,2024-06-11,2024-07-11,Monthly,True,Active,False,,25
6824,6824,5,2024-11-16,2025-11-16,Annual,True,Active,False,,20
6825,6825,3,2024-08-18,2024-09-18,Monthly,True,Active,False,,23
6826,6826,4,2024-11-12,2024-12-12,Monthly,False,Active,False,,20
6827,6827,1,2025-01-01,2025-02-01,Monthly,True,Active,False,,18
6828,6828,4,2024-04-09,2024-05-09,Monthly,True,Active,False,,27
6829,6829,3,2024-06-30,2024-07-30,Monthly,True,Active,False,,25
6830,6830,4,2024-04-01,2024-05-01,Monthly,True,Active,False,,27
6831,6831,4,2024-03-09,2024-04-09,Monthly,True,Active,False,,28
6832,6832,2,2024-11-28,2024-12-28,Monthly,True,Active,False,,20
6833,6833,3,2024-10-27,2024-11-27,Monthly,True,Active,False,,21
6834,6834,5,2024-05-18,2025-01-20,Annual,True,Cancelled,True,2025-01-20,26
6835,6835,5,2024-01-19,2025-01-19,Annual,True,Active,False,,30
6836,6836,3,2024-11-11,2024-12-11,Monthly,False,Active,False,,20
6837,6837,4,2024-12-09,2025-01-09,Monthly,True,Active,False,,19
6838,6838,3,2025-02-19,2025-03-19,Monthly,True,Active,False,,17
6839,6839,2,2025-10-17,2025-12-12,Monthly,False,Expired,True,2025-12-12,9
6840,6840,3,2025-02-04,2025-03-04,Monthly,True,Active,False,,17
6841,6841,3,2024-11-30,2024-12-30,Monthly,True,Active,False,,20
6842,6842,3,2024-07-28,2024-08-28,Monthly,True,Active,False,,24
6843,6843,5,2024-12-06,2025-12-06,Annual,True,Active,False,,19
6844,6844,1,2025-04-13,2025-05-13,Monthly,True,Active,False,,15
6845,6845,5,2025-01-21,2026-01-21,Annual,True,Active,False,,18
6846,6846,5,2025-12-03,2026-12-03,Annual,True,Active,False,,7
6847,6847,5,2025-09-13,2026-09-13,Annual,False,Active,False,,10
6848,6848,3,2025-11-12,2025-12-12,Monthly,True,Active,False,,8
6849,6849,1,2025-09-22,2025-10-22,Monthly,True,Active,False,,10
6850,6850,6,2025-10-03,2026-10-03,Annual,True,Active,False,,9
6851,6851,3,2024-10-28,2024-11-28,Monthly,False,Active,False,,21
6852,6852,2,2025-12-21,2026-01-21,Monthly,False,Active,False,,7
6853,6853,2,2024-04-10,2024-05-10,Monthly,True,Active,False,,27
6854,6854,2,2025-04-06,2025-05-06,Monthly,True,Active,False,,15
6855,6855,2,2025-11-20,2025-12-20,Monthly,True,Active,False,,8
6856,6856,2,2025-08-04,2025-09-04,Monthly,True,Active,False,,11
6857,6857,5,2024-10-02,2025-10-02,Annual,True,Active,False,,21
6858,6858,2,2025-05-29,2025-06-29,Monthly,True,Active,False,,14
6859,6859,3,2025-11-16,2025-12-16,Monthly,True,Active,False,,8
6860,6860,5,2025-11-04,2026-11-04,Annual,True,Active,False,,8
6861,6861,5,2025-04-13,2026-04-13,Annual,True,Active,False,,15
6862,6862,3,2024-07-17,2024-08-17,Monthly,True,Active,False,,24
6863,6863,4,2024-08-16,2024-09-16,Monthly,True,Active,False,,23
6864,6864,5,2026-01-09,2027-01-09,Annual,False,Active,False,,6
6865,6865,5,2024-11-10,2025-11-10,Annual,True,Active,False,,20
6866,6866,3,2024-11-15,2024-12-15,Monthly,False,Active,False,,20
6867,6867,5,2025-09-14,2026-07-30,Annual,True,Cancelled,True,2026-07-30,10
6868,6868,5,2025-12-08,2026-12-08,Annual,True,Active,False,,7
6869,6869,4,2025-07-09,2025-10-09,Monthly,False,Cancelled,True,2025-10-09,12
6870,6870,6,2024-09-10,2025-09-10,Annual,True,Active,False,,22
6871,6871,2,2024-12-09,2025-01-09,Monthly,True,Active,False,,19
6872,6872,3,2025-11-22,2025-12-22,Monthly,True,Active,False,,8
6873,6873,5,2024-10-04,2025-10-04,Annual,True,Active,False,,21
6874,6874,5,2025-12-24,2026-12-24,Annual,True,Active,False,,7
6875,6875,2,2024-10-11,2024-11-11,Monthly,False,Active,False,,21
6876,6876,6,2025-08-02,2026-08-02,Annual,True,Active,False,,11
6877,6877,6,2024-04-01,2025-04-01,Annual,True,Active,False,,27
6878,6878,3,2025-10-19,2025-11-19,Monthly,True,Active,False,,9
6879,6879,2,2024-03-01,2024-04-01,Monthly,True,Active,False,,28
6880,6880,3,2025-06-26,2025-07-26,Monthly,True,Active,False,,13
6881,6881,2,2025-08-03,2025-09-03,Monthly,True,Active,False,,11
6882,6882,1,2025-12-20,2026-01-20,Monthly,True,Active,False,,7
6883,6883,2,2025-12-24,2026-01-24,Monthly,True,Active,False,,7
6884,6884,2,2025-11-11,2025-12-11,Monthly,True,Active,False,,8
6885,6885,5,2025-05-19,2026-05-19,Annual,True,Active,False,,14
6886,6886,2,2025-06-23,2025-07-23,Monthly,True,Active,False,,13
6887,6887,3,2024-07-28,2024-08-28,Monthly,True,Active,False,,24
6888,6888,6,2025-08-01,2026-08-01,Annual,True,Active,False,,11
6889,6889,3,2025-01-31,2025-02-28,Monthly,True,Active,False,,18
6890,6890,5,2025-09-09,2026-09-09,Annual,True,Active,False,,10
6891,6891,2,2024-12-10,2025-01-10,Monthly,True,Active,False,,19
6892,6892,2,2025-02-15,2025-03-15,Monthly,True,Active,False,,17
6893,6893,1,2024-11-11,2024-12-11,Monthly,True,Active,False,,20
6894,6894,1,2024-09-07,2024-10-07,Monthly,True,Active,False,,22
6895,6895,5,2025-04-13,2026-04-13,Annual,True,Active,False,,15
6896,6896,5,2024-03-15,2025-03-15,Annual,True,Active,False,,28
6897,6897,2,2024-05-10,2024-06-10,Monthly,True,Active,False,,26
6898,6898,3,2025-10-14,2025-11-14,Monthly,True,Active,False,,9
6899,6899,5,2024-02-01,2025-02-01,Annual,True,Active,False,,29
6900,6900,5,2024-10-07,2025-10-07,Annual,True,Active,False,,21
6901,6901,5,2025-02-25,2025-09-17,Annual,False,Cancelled,True,2025-09-17,17
6902,6902,3,2024-06-19,2024-07-19,Monthly,True,Active,False,,25
6903,6903,5,2024-12-06,2025-12-06,Annual,True,Active,False,,19
6904,6904,2,2024-10-18,2024-11-18,Monthly,False,Active,False,,21
6905,6905,3,2024-11-09,2025-02-04,Monthly,False,Expired,True,2025-02-04,20
6906,6906,3,2024-12-03,2025-01-03,Monthly,True,Active,False,,19
6907,6907,2,2024-06-24,2024-07-24,Monthly,True,Active,False,,25
6908,6908,2,2025-09-28,2025-10-28,Monthly,True,Active,False,,10
6909,6909,6,2024-12-15,2025-12-15,Annual,True,Active,False,,19
6910,6910,2,2025-09-22,2025-10-22,Monthly,True,Active,False,,10
6911,6911,2,2024-05-14,2024-06-14,Monthly,True,Active,False,,26
6912,6912,2,2025-10-15,2025-11-15,Monthly,True,Active,False,,9
6913,6913,6,2024-10-03,2025-10-03,Annual,True,Active,False,,21
6914,6914,2,2025-11-12,2025-12-12,Monthly,True,Active,False,,8
6915,6915,6,2025-08-26,2026-08-26,Annual,True,Active,False,,11
6916,6916,5,2025-12-08,2026-12-08,Annual,True,Active,False,,7
6917,6917,6,2024-07-25,2025-07-25,Annual,True,Active,False,,24
6918,6918,2,2025-06-26,2025-07-26,Monthly,True,Active,False,,13
6919,6919,2,2025-01-29,2025-02-28,Monthly,True,Active,False,,18
6920,6920,4,2025-02-17,2025-07-20,Monthly,True,Cancelled,True,2025-07-20,17
6921,6921,6,2024-07-11,2025-07-11,Annual,True,Active,False,,24
6922,6922,5,2025-03-17,2026-03-17,Annual,True,Active,False,,16
6923,6923,6,2024-10-02,2025-10-02,Annual,True,Active,False,,21
6924,6924,5,2024-03-30,2025-03-30,Annual,True,Active,False,,28
6925,6925,2,2024-05-08,2024-06-08,Monthly,True,Active,False,,26
6926,6926,2,2024-08-09,2024-12-01,Monthly,True,Cancelled,True,2024-12-01,23
6927,6927,3,2024-04-15,2024-05-15,Monthly,True,Active,False,,27
6928,6928,6,2025-06-06,2026-06-06,Annual,True,Active,False,,13
6929,6929,5,2025-04-13,2026-04-13,Annual,True,Active,False,,15
6930,6930,2,2025-04-28,2025-05-28,Monthly,True,Active,False,,15
6931,6931,3,2024-05-20,2024-06-20,Monthly,True,Active,False,,26
6932,6932,2,2024-11-20,2024-12-20,Monthly,False,Active,False,,20
6933,6933,2,2025-10-20,2025-11-20,Monthly,False,Active,False,,9
6934,6934,2,2025-04-13,2025-05-13,Monthly,False,Active,False,,15
6935,6935,4,2024-03-22,2024-04-22,Monthly,True,Active,False,,28
6936,6936,2,2024-02-13,2024-03-13,Monthly,True,Active,False,,29
6937,6937,2,2025-05-16,2025-06-16,Monthly,True,Active,False,,14
6938,6938,2,2024-01-29,2024-02-29,Monthly,True,Active,False,,30
6939,6939,2,2025-01-04,2025-02-04,Monthly,True,Active,False,,18
6940,6940,2,2025-09-23,2025-10-23,Monthly,True,Active,False,,10
6941,6941,3,2024-12-01,2025-01-01,Monthly,True,Active,False,,19
6942,6942,5,2024-02-15,2025-02-15,Annual,True,Active,False,,29
6943,6943,3,2025-06-11,2025-07-11,Monthly,True,Active,False,,13
6944,6944,5,2025-04-17,2026-04-17,Annual,True,Active,False,,15
6945,6945,2,2024-07-23,2024-08-23,Monthly,True,Active,False,,24
6946,6946,2,2024-08-30,2024-09-30,Monthly,True,Active,False,,23
6947,6947,4,2025-06-16,2025-07-16,Monthly,True,Active,False,,13
6948,6948,2,2024-06-08,2024-07-08,Monthly,True,Active,False,,25
6949,6949,2,2025-05-02,2025-08-16,Monthly,False,Cancelled,True,2025-08-16,14
6950,6950,3,2024-03-12,2024-08-25,Monthly,False,Expired,True,2024-08-25,28
6951,6951,2,2025-11-29,2025-12-29,Monthly,True,Active,False,,8
6952,6952,3,2024-05-09,2024-06-09,Monthly,True,Active,False,,26
6953,6953,4,2025-07-07,2025-08-07,Monthly,True,Active,False,,12
6954,6954,2,2024-11-11,2024-12-11,Monthly,True,Active,False,,20
6955,6955,2,2025-05-02,2025-06-02,Monthly,True,Active,False,,14
6956,6956,4,2025-05-05,2025-06-05,Monthly,True,Active,False,,14
6957,6957,5,2024-05-21,2025-05-21,Annual,True,Active,False,,26
6958,6958,5,2025-03-31,2026-03-31,Annual,True,Active,False,,16
6959,6959,5,2025-10-11,2026-10-11,Annual,True,Active,False,,9
6960,6960,4,2025-01-12,2025-02-12,Monthly,True,Active,False,,18
6961,6961,4,2024-07-26,2024-12-07,Monthly,False,Cancelled,True,2024-12-07,24
6962,6962,4,2024-08-07,2025-01-26,Monthly,True,Cancelled,True,2025-01-26,23
6963,6963,6,2024-09-17,2025-09-17,Annual,True,Active,False,,22
6964,6964,3,2025-12-13,2026-01-13,Monthly,False,Active,False,,7
6965,6965,2,2025-11-02,2025-12-02,Monthly,True,Active,False,,8
6966,6966,3,2025-10-16,2025-11-16,Monthly,True,Active,False,,9
6967,6967,4,2024-06-27,2024-07-27,Monthly,True,Active,False,,25
6968,6968,2,2025-07-10,2025-08-10,Monthly,True,Active,False,,12
6969,6969,3,2025-09-17,2025-10-17,Monthly,True,Active,False,,10
6970,6970,2,2025-05-11,2025-06-11,Monthly,True,Active,False,,14
6971,6971,2,2024-05-24,2024-06-24,Monthly,True,Active,False,,26
6972,6972,2,2025-07-02,2025-08-02,Monthly,True,Active,False,,12
6973,6973,3,2024-04-26,2024-05-26,Monthly,True,Active,False,,27
6974,6974,2,2024-09-22,2024-10-22,Monthly,True,Active,False,,22
6975,6975,2,2025-12-14,2026-01-14,Monthly,True,Active,False,,7
6976,6976,2,2024-04-06,2024-05-06,Monthly,True,Active,False,,27
6977,6977,4,2025-05-06,2025-06-06,Monthly,True,Active,False,,14
6978,6978,4,2024-02-28,2024-03-28,Monthly,True,Active,False,,29
6979,6979,2,2025-12-28,2026-01-28,Monthly,True,Active,False,,7
6980,6980,5,2024-02-10,2025-02-10,Annual,True,Active,False,,29
6981,6981,5,2024-12-19,2025-09-09,Annual,True,Cancelled,True,2025-09-09,19
6982,6982,5,2025-12-18,2026-12-18,Annual,True,Active,False,,7
6983,6983,3,2025-05-06,2025-06-06,Monthly,True,Active,False,,14
6984,6984,2,2025-10-31,2025-11-30,Monthly,True,Active,False,,9
6985,6985,2,2024-04-21,2024-05-21,Monthly,True,Active,False,,27
6986,6986,4,2024-06-09,2024-07-09,Monthly,True,Active,False,,25
6987,6987,5,2024-10-02,2025-10-02,Annual,False,Active,False,,21
6988,6988,5,2024-12-22,2025-12-22,Annual,True,Active,False,,19
6989,6989,5,2025-01-21,2026-01-21,Annual,True,Active,False,,18
6990,6990,4,2024-03-19,2024-04-19,Monthly,True,Active,False,,28
6991,6991,3,2025-01-18,2025-02-18,Monthly,True,Active,False,,18
6992,6992,6,2025-07-29,2026-07-29,Annual,True,Active,False,,12
6993,6993,3,2024-06-02,2024-07-02,Monthly,True,Active,False,,25
6994,6994,3,2026-01-07,2026-02-07,Monthly,False,Active,False,,6
6995,6995,2,2024-09-04,2024-10-04,Monthly,True,Active,False,,22
6996,6996,2,2024-09-25,2024-10-25,Monthly,True,Active,False,,22
6997,6997,5,2026-01-19,2027-01-19,Annual,True,Active,False,,6
6998,6998,4,2024-01-30,2024-07-18,Monthly,False,Cancelled,True,2024-07-18,30
6999,6999,5,2025-11-16,2026-11-16,Annual,True,Active,False,,8
7000,7000,4,2024-04-24,2024-05-24,Monthly,True,Active,False,,27
7001,7001,2,2025-04-01,2025-08-02,Monthly,False,Expired,True,2025-08-02,15
7002,7002,1,2024-07-27,2024-08-27,Monthly,True,Active,False,,24
7003,7003,2,2025-01-05,2025-04-09,Monthly,True,Cancelled,True,2025-04-09,18
7004,7004,2,2025-02-15,2025-03-15,Monthly,True,Active,False,,17
7005,7005,5,2024-06-24,2025-06-24,Annual,True,Active,False,,25
7006,7006,3,2025-02-01,2025-03-01,Monthly,True,Active,False,,17
7007,7007,1,2025-07-06,2025-08-06,Monthly,True,Active,False,,12
7008,7008,3,2025-10-03,2025-11-03,Monthly,True,Active,False,,9
7009,7009,4,2024-04-13,2024-05-13,Monthly,True,Active,False,,27
7010,7010,6,2026-01-20,2027-01-20,Annual,True,Active,False,,6
7011,7011,2,2024-07-15,2024-11-06,Monthly,True,Cancelled,True,2024-11-06,24
7012,7012,5,2024-05-02,2025-05-02,Annual,True,Active,False,,26
7013,7013,5,2024-03-07,2025-03-07,Annual,True,Active,False,,28
7014,7014,4,2024-06-06,2024-07-06,Monthly,False,Active,False,,25
7015,7015,1,2025-01-23,2025-02-23,Monthly,True,Active,False,,18
7016,7016,2,2024-12-05,2025-01-05,Monthly,False,Active,False,,19
7017,7017,5,2025-08-22,2026-08-22,Annual,True,Active,False,,11
7018,7018,5,2024-03-19,2025-03-19,Annual,True,Active,False,,28
7019,7019,5,2024-05-23,2025-05-23,Annual,True,Active,False,,26
7020,7020,3,2025-08-05,2026-01-22,Monthly,True,Cancelled,True,2026-01-22,11
7021,7021,5,2025-12-03,2026-12-03,Annual,True,Active,False,,7
7022,7022,1,2024-03-28,2024-04-28,Monthly,True,Active,False,,28
7023,7023,5,2024-08-15,2025-08-15,Annual,True,Active,False,,23
7024,7024,2,2024-12-03,2025-01-03,Monthly,True,Active,False,,19
7025,7025,6,2024-06-09,2025-06-09,Annual,True,Active,False,,25
7026,7026,2,2024-09-28,2024-10-28,Monthly,True,Active,False,,22
7027,7027,5,2025-12-23,2026-12-23,Annual,True,Active,False,,7
7028,7028,2,2025-09-14,2025-10-14,Monthly,True,Active,False,,10
7029,7029,5,2024-08-21,2025-08-21,Annual,True,Active,False,,23
7030,7030,5,2025-12-08,2026-12-08,Annual,True,Active,False,,7
7031,7031,2,2025-12-22,2026-01-22,Monthly,False,Active,False,,7
7032,7032,2,2024-10-30,2024-11-30,Monthly,True,Active,False,,21
7033,7033,4,2024-04-20,2024-05-20,Monthly,True,Active,False,,27
7034,7034,3,2024-12-19,2025-01-19,Monthly,False,Active,False,,19
7035,7035,3,2024-05-14,2024-06-14,Monthly,True,Active,False,,26
7036,7036,2,2025-09-14,2025-10-14,Monthly,True,Active,False,,10
7037,7037,4,2025-08-31,2025-09-30,Monthly,True,Active,False,,11
7038,7038,4,2024-03-23,2024-04-23,Monthly,True,Active,False,,28
7039,7039,4,2024-05-05,2024-06-05,Monthly,True,Active,False,,26
7040,7040,5,2024-02-02,2025-02-02,Annual,True,Active,False,,29
7041,7041,2,2025-08-15,2025-09-15,Monthly,True,Active,False,,11
7042,7042,4,2024-10-14,2024-11-14,Monthly,False,Active,False,,21
7043,7043,3,2025-06-13,2025-07-13,Monthly,True,Active,False,,13
7044,7044,6,2025-10-08,2026-10-08,Annual,True,Active,False,,9
7045,7045,3,2025-07-01,2025-08-01,Monthly,True,Active,False,,12
7046,7046,5,2025-12-05,2026-12-05,Annual,True,Active,False,,7
7047,7047,6,2024-04-10,2025-04-10,Annual,True,Active,False,,27
7048,7048,2,2024-12-28,2025-04-02,Monthly,False,Cancelled,True,2025-04-02,19
7049,7049,2,2025-05-31,2025-06-30,Monthly,True,Active,False,,14
7050,7050,2,2025-07-14,2025-08-14,Monthly,True,Active,False,,12
7051,7051,5,2024-10-03,2025-10-03,Annual,True,Active,False,,21
7052,7052,3,2024-12-20,2025-01-20,Monthly,True,Active,False,,19
7053,7053,5,2024-05-27,2025-05-27,Annual,True,Active,False,,26
7054,7054,2,2024-06-25,2024-07-25,Monthly,True,Active,False,,25
7055,7055,5,2025-05-29,2026-05-29,Annual,True,Active,False,,14
7056,7056,1,2024-12-26,2025-01-26,Monthly,True,Active,False,,19
7057,7057,6,2025-01-14,2026-01-14,Annual,True,Active,False,,18
7058,7058,1,2025-12-13,2026-05-01,Monthly,True,Cancelled,True,2026-05-01,7
7059,7059,5,2025-07-03,2026-07-03,Annual,True,Active,False,,12
7060,7060,5,2025-07-16,2026-07-16,Annual,True,Active,False,,12
7061,7061,5,2024-03-13,2025-03-13,Annual,True,Active,False,,28
7062,7062,2,2024-06-21,2024-07-21,Monthly,True,Active,False,,25
7063,7063,2,2025-03-25,2025-04-25,Monthly,True,Active,False,,16
7064,7064,1,2025-03-13,2025-04-13,Monthly,True,Active,False,,16
7065,7065,5,2024-07-12,2025-07-12,Annual,True,Active,False,,24
7066,7066,4,2025-03-30,2025-04-30,Monthly,True,Active,False,,16
7067,7067,3,2024-03-16,2024-07-31,Monthly,False,Expired,True,2024-07-31,28
7068,7068,5,2024-09-19,2025-09-19,Annual,True,Active,False,,22
7069,7069,2,2025-07-12,2025-08-12,Monthly,True,Active,False,,12
7070,7070,6,2025-11-25,2026-11-25,Annual,True,Active,False,,8
7071,7071,4,2026-01-06,2026-03-10,Monthly,False,Expired,True,2026-03-10,6
7072,7072,2,2025-06-02,2025-07-02,Monthly,True,Active,False,,13
7073,7073,5,2024-10-16,2025-10-16,Annual,True,Active,False,,21
7074,7074,2,2025-10-03,2025-11-03,Monthly,True,Active,False,,9
7075,7075,5,2025-10-20,2026-10-20,Annual,False,Active,False,,9
7076,7076,4,2025-11-23,2026-01-05,Monthly,False,Cancelled,True,2026-01-05,8
7077,7077,5,2024-07-05,2025-07-05,Annual,True,Active,False,,24
7078,7078,3,2024-06-15,2024-07-15,Monthly,True,Active,False,,25
7079,7079,5,2024-08-12,2025-08-12,Annual,True,Active,False,,23
7080,7080,5,2024-05-03,2025-05-03,Annual,True,Active,False,,26
7081,7081,4,2024-09-17,2024-10-17,Monthly,True,Active,False,,22
7082,7082,5,2024-09-07,2025-09-07,Annual,True,Active,False,,22
7083,7083,5,2025-05-29,2026-05-29,Annual,True,Active,False,,14
7084,7084,2,2024-06-27,2024-07-27,Monthly,True,Active,False,,25
7085,7085,3,2025-05-13,2025-06-13,Monthly,True,Active,False,,14
7086,7086,6,2026-01-15,2027-01-15,Annual,True,Active,False,,6
7087,7087,2,2025-04-03,2025-05-03,Monthly,True,Active,False,,15
7088,7088,1,2024-07-17,2024-09-14,Monthly,True,Cancelled,True,2024-09-14,24
7089,7089,2,2025-05-12,2025-06-12,Monthly,True,Active,False,,14
7090,7090,2,2025-01-04,2025-02-04,Monthly,True,Active,False,,18
7091,7091,1,2025-10-21,2025-11-21,Monthly,True,Active,False,,9
7092,7092,2,2025-05-02,2025-06-02,Monthly,True,Active,False,,14
7093,7093,2,2025-05-19,2025-06-19,Monthly,False,Active,False,,14
7094,7094,6,2024-01-14,2025-01-14,Annual,True,Active,False,,30
7095,7095,5,2025-07-04,2026-07-04,Annual,True,Active,False,,12
7096,7096,2,2024-04-16,2024-05-16,Monthly,True,Active,False,,27
7097,7097,1,2024-03-17,2024-04-17,Monthly,True,Active,False,,28
7098,7098,5,2024-02-28,2025-02-28,Annual,True,Active,False,,29
7099,7099,6,2024-02-28,2025-02-28,Annual,True,Active,False,,29
7100,7100,5,2024-08-23,2025-08-23,Annual,True,Active,False,,23
7101,7101,6,2024-05-08,2024-11-22,Annual,True,Cancelled,True,2024-11-22,26
7102,7102,2,2024-08-27,2024-09-27,Monthly,True,Active,False,,23
7103,7103,4,2024-10-19,2024-11-19,Monthly,True,Active,False,,21
7104,7104,5,2024-02-01,2025-02-01,Annual,True,Active,False,,29
7105,7105,2,2024-07-21,2024-08-21,Monthly,True,Active,False,,24
7106,7106,3,2025-02-08,2025-03-08,Monthly,False,Active,False,,17
7107,7107,3,2024-08-24,2024-09-24,Monthly,True,Active,False,,23
7108,7108,5,2024-10-31,2025-10-31,Annual,True,Active,False,,21
7109,7109,5,2026-01-22,2027-01-22,Annual,True,Active,False,,6
7110,7110,5,2025-10-28,2026-07-30,Annual,False,Cancelled,True,2026-07-30,9
7111,7111,2,2024-10-04,2024-11-04,Monthly,False,Active,False,,21
7112,7112,2,2024-02-07,2024-03-07,Monthly,True,Active,False,,29
7113,7113,5,2025-06-09,2026-06-09,Annual,True,Active,False,,13
7114,7114,2,2025-09-01,2025-10-01,Monthly,True,Active,False,,10
7115,7115,5,2024-05-22,2025-05-22,Annual,True,Active,False,,26
7116,7116,5,2025-05-04,2026-05-04,Annual,True,Active,False,,14
7117,7117,2,2025-10-06,2025-11-06,Monthly,True,Active,False,,9
7118,7118,5,2024-10-17,2025-10-17,Annual,True,Active,False,,21
7119,7119,3,2024-05-31,2024-06-30,Monthly,False,Active,False,,26
7120,7120,2,2024-09-25,2024-10-25,Monthly,True,Active,False,,22
7121,7121,5,2025-11-16,2026-11-16,Annual,True,Active,False,,8
7122,7122,5,2024-11-08,2025-11-08,Annual,True,Active,False,,20
7123,7123,2,2024-02-21,2024-03-21,Monthly,True,Active,False,,29
7124,7124,2,2024-03-25,2024-04-25,Monthly,True,Active,False,,28
7125,7125,5,2024-09-03,2025-09-03,Annual,True,Active,False,,22
7126,7126,5,2025-10-19,2026-10-19,Annual,True,Active,False,,9
7127,7127,2,2025-04-13,2025-05-13,Monthly,True,Active,False,,15
7128,7128,5,2024-02-15,2025-02-15,Annual,True,Active,False,,29
7129,7129,5,2025-12-14,2026-12-14,Annual,True,Active,False,,7
7130,7130,2,2024-12-16,2025-01-16,Monthly,False,Active,False,,19
7131,7131,6,2025-05-16,2026-05-16,Annual,True,Active,False,,14
7132,7132,5,2025-02-14,2026-02-14,Annual,True,Active,False,,17
7133,7133,3,2025-01-14,2025-02-14,Monthly,True,Active,False,,18
7134,7134,5,2025-01-11,2026-01-11,Annual,True,Active,False,,18
7135,7135,5,2025-04-23,2026-04-23,Annual,True,Active,False,,15
7136,7136,2,2025-08-19,2025-09-19,Monthly,True,Active,False,,11
7137,7137,3,2025-05-18,2025-06-18,Monthly,True,Active,False,,14
7138,7138,5,2024-09-25,2025-09-25,Annual,True,Active,False,,22
7139,7139,2,2025-06-24,2025-07-24,Monthly,True,Active,False,,13
7140,7140,2,2025-06-05,2025-11-02,Monthly,False,Expired,True,2025-11-02,13
7141,7141,2,2025-09-21,2025-10-21,Monthly,True,Active,False,,10
7142,7142,5,2024-03-29,2025-03-29,Annual,True,Active,False,,28
7143,7143,5,2024-05-07,2025-05-07,Annual,True,Active,False,,26
7144,7144,3,2025-01-27,2025-02-27,Monthly,True,Active,False,,18
7145,7145,2,2024-12-08,2025-01-08,Monthly,True,Active,False,,19
7146,7146,2,2024-02-13,2024-03-13,Monthly,True,Active,False,,29
7147,7147,4,2024-06-03,2024-07-03,Monthly,True,Active,False,,25
7148,7148,5,2025-05-03,2026-03-26,Annual,True,Cancelled,True,2026-03-26,14
7149,7149,1,2025-04-05,2025-05-05,Monthly,True,Active,False,,15
7150,7150,5,2025-11-22,2026-11-22,Annual,True,Active,False,,8
7151,7151,2,2024-09-14,2024-10-14,Monthly,False,Active,False,,22
7152,7152,2,2025-10-10,2025-11-10,Monthly,True,Active,False,,9
7153,7153,5,2025-11-24,2026-11-24,Annual,True,Active,False,,8
7154,7154,1,2025-01-06,2025-02-06,Monthly,True,Active,False,,18
7155,7155,2,2025-03-15,2025-04-15,Monthly,True,Active,False,,16
7156,7156,3,2025-02-11,2025-03-11,Monthly,True,Active,False,,17
7157,7157,3,2024-10-06,2025-01-18,Monthly,False,Expired,True,2025-01-18,21
7158,7158,2,2025-05-23,2025-06-23,Monthly,False,Active,False,,14
7159,7159,5,2024-03-17,2025-03-17,Annual,True,Active,False,,28
7160,7160,3,2024-11-03,2024-12-03,Monthly,True,Active,False,,20
7161,7161,6,2024-09-08,2025-09-08,Annual,True,Active,False,,22
7162,7162,5,2025-06-05,2026-06-05,Annual,True,Active,False,,13
7163,7163,2,2024-10-14,2024-11-14,Monthly,True,Active,False,,21
7164,7164,2,2025-05-08,2025-10-10,Monthly,False,Expired,True,2025-10-10,14
7165,7165,5,2025-09-23,2026-09-23,Annual,True,Active,False,,10
7166,7166,4,2025-07-22,2025-08-22,Monthly,False,Active,False,,12
7167,7167,6,2024-12-31,2025-12-31,Annual,True,Active,False,,19
7168,7168,3,2025-02-14,2025-03-14,Monthly,True,Active,False,,17
7169,7169,2,2024-02-14,2024-03-14,Monthly,True,Active,False,,29
7170,7170,3,2025-02-13,2025-07-15,Monthly,False,Cancelled,True,2025-07-15,17
7171,7171,2,2024-11-18,2024-12-18,Monthly,True,Active,False,,20
7172,7172,3,2024-04-12,2024-05-12,Monthly,True,Active,False,,27
7173,7173,6,2025-07-02,2026-07-02,Annual,True,Active,False,,12
7174,7174,2,2025-09-29,2025-10-29,Monthly,True,Active,False,,10
7175,7175,3,2024-11-10,2024-12-10,Monthly,True,Active,False,,20
7176,7176,3,2025-10-08,2025-11-08,Monthly,True,Active,False,,9
7177,7177,5,2025-08-03,2026-08-03,Annual,True,Active,False,,11
7178,7178,2,2024-02-21,2024-03-21,Monthly,True,Active,False,,29
7179,7179,4,2024-10-12,2024-11-12,Monthly,True,Active,False,,21
7180,7180,3,2025-08-16,2025-09-16,Monthly,True,Active,False,,11
7181,7181,6,2025-01-01,2025-12-06,Annual,False,Expired,True,2025-12-06,18
7182,7182,4,2025-10-07,2025-11-07,Monthly,True,Active,False,,9
7183,7183,3,2025-06-09,2025-07-09,Monthly,True,Active,False,,13
7184,7184,3,2025-01-19,2025-02-19,Monthly,True,Active,False,,18
7185,7185,3,2024-12-21,2025-01-21,Monthly,True,Active,False,,19
7186,7186,3,2024-08-29,2024-09-29,Monthly,True,Active,False,,23
7187,7187,3,2024-03-09,2024-04-09,Monthly,True,Active,False,,28
7188,7188,2,2024-01-23,2024-02-23,Monthly,True,Active,False,,30
7189,7189,5,2025-11-16,2026-11-16,Annual,True,Active,False,,8
7190,7190,2,2024-11-29,2024-12-29,Monthly,True,Active,False,,20
7191,7191,2,2025-06-08,2025-07-08,Monthly,True,Active,False,,13
7192,7192,5,2024-05-06,2025-05-06,Annual,True,Active,False,,26
7193,7193,2,2024-04-01,2024-05-01,Monthly,True,Active,False,,27
7194,7194,4,2025-08-17,2025-09-17,Monthly,True,Active,False,,11
7195,7195,4,2024-08-09,2024-09-09,Monthly,True,Active,False,,23
7196,7196,1,2024-10-24,2024-11-24,Monthly,True,Active,False,,21
7197,7197,2,2024-05-28,2024-06-28,Monthly,True,Active,False,,26
7198,7198,3,2025-05-18,2025-06-18,Monthly,True,Active,False,,14
7199,7199,5,2024-04-27,2025-04-27,Annual,True,Active,False,,27
7200,7200,3,2025-07-29,2025-08-29,Monthly,True,Active,False,,12
7201,7201,5,2025-02-28,2026-02-28,Annual,True,Active,False,,17
7202,7202,3,2025-11-07,2025-12-07,Monthly,True,Active,False,,8
7203,7203,2,2025-09-13,2025-10-13,Monthly,True,Active,False,,10
7204,7204,4,2024-02-27,2024-03-27,Monthly,True,Active,False,,29
7205,7205,6,2025-04-03,2026-04-03,Annual,True,Active,False,,15
7206,7206,5,2025-01-19,2026-01-19,Annual,True,Active,False,,18
7207,7207,2,2025-10-21,2025-11-21,Monthly,True,Active,False,,9
7208,7208,5,2024-02-25,2025-02-25,Annual,True,Active,False,,29
7209,7209,2,2024-09-22,2024-10-22,Monthly,True,Active,False,,22
7210,7210,3,2025-06-26,2025-07-26,Monthly,True,Active,False,,13
7211,7211,2,2024-03-09,2024-04-09,Monthly,True,Active,False,,28
7212,7212,2,2024-03-19,2024-04-19,Monthly,True,Active,False,,28
7213,7213,4,2025-08-09,2025-09-09,Monthly,True,Active,False,,11
7214,7214,5,2025-09-01,2026-09-01,Annual,True,Active,False,,10
7215,7215,3,2025-01-01,2025-02-01,Monthly,True,Active,False,,18
7216,7216,5,2024-10-03,2025-10-03,Annual,True,Active,False,,21
7217,7217,6,2024-09-20,2025-09-20,Annual,True,Active,False,,22
7218,7218,4,2025-02-13,2025-03-13,Monthly,True,Active,False,,17
7219,7219,6,2024-06-10,2025-06-10,Annual,True,Active,False,,25
7220,7220,6,2025-05-24,2026-05-24,Annual,True,Active,False,,14
7221,7221,3,2024-11-16,2024-12-16,Monthly,False,Active,False,,20
7222,7222,2,2025-07-20,2025-08-20,Monthly,True,Active,False,,12
7223,7223,2,2025-07-02,2025-08-02,Monthly,True,Active,False,,12
7224,7224,2,2024-07-18,2024-08-18,Monthly,True,Active,False,,24
7225,7225,5,2025-04-12,2026-04-12,Annual,True,Active,False,,15
7226,7226,6,2025-06-25,2026-06-25,Annual,True,Active,False,,13
7227,7227,2,2024-10-19,2024-11-19,Monthly,True,Active,False,,21
7228,7228,3,2025-09-23,2025-10-23,Monthly,True,Active,False,,10
7229,7229,1,2025-03-08,2025-04-08,Monthly,True,Active,False,,16
7230,7230,4,2025-03-16,2025-04-16,Monthly,True,Active,False,,16
7231,7231,5,2025-11-30,2026-11-30,Annual,True,Active,False,,8
7232,7232,5,2024-08-10,2025-08-10,Annual,True,Active,False,,23
7233,7233,2,2025-06-29,2025-07-29,Monthly,True,Active,False,,13
7234,7234,1,2024-11-05,2025-01-08,Monthly,False,Expired,True,2025-01-08,20
7235,7235,5,2024-06-10,2025-06-10,Annual,True,Active,False,,25
7236,7236,6,2025-09-22,2026-09-22,Annual,True,Active,False,,10
7237,7237,2,2025-09-11,2025-10-11,Monthly,True,Active,False,,10
7238,7238,3,2024-01-23,2024-02-23,Monthly,True,Active,False,,30
7239,7239,4,2025-07-07,2025-08-07,Monthly,False,Active,False,,12
7240,7240,5,2025-11-22,2026-11-22,Annual,True,Active,False,,8
7241,7241,4,2025-11-05,2025-12-05,Monthly,True,Active,False,,8
7242,7242,1,2025-02-08,2025-03-08,Monthly,True,Active,False,,17
7243,7243,3,2025-04-28,2025-05-28,Monthly,True,Active,False,,15
7244,7244,6,2024-03-30,2025-03-30,Annual,True,Active,False,,28
7245,7245,6,2025-08-14,2026-05-13,Annual,True,Cancelled,True,2026-05-13,11
7246,7246,2,2025-10-09,2025-11-09,Monthly,True,Active,False,,9
7247,7247,4,2024-10-28,2024-11-28,Monthly,True,Active,False,,21
7248,7248,2,2024-10-26,2024-11-26,Monthly,True,Active,False,,21
7249,7249,2,2024-02-02,2024-05-09,Monthly,True,Cancelled,True,2024-05-09,29
7250,7250,6,2025-09-18,2026-09-18,Annual,True,Active,False,,10
7251,7251,3,2024-02-23,2024-03-23,Monthly,False,Active,False,,29
7252,7252,3,2025-08-23,2025-09-23,Monthly,False,Active,False,,11
7253,7253,3,2024-06-29,2024-07-29,Monthly,True,Active,False,,25
7254,7254,5,2025-12-18,2026-12-18,Annual,True,Active,False,,7
7255,7255,2,2024-04-29,2024-05-29,Monthly,True,Active,False,,27
7256,7256,3,2025-01-12,2025-02-12,Monthly,True,Active,False,,18
7257,7257,5,2024-06-29,2025-06-29,Annual,True,Active,False,,25
7258,7258,1,2024-02-17,2024-03-17,Monthly,False,Active,False,,29
7259,7259,5,2024-05-20,2025-05-20,Annual,True,Active,False,,26
7260,7260,2,2025-07-24,2025-08-24,Monthly,True,Active,False,,12
7261,7261,6,2025-08-22,2026-08-22,Annual,True,Active,False,,11
7262,7262,5,2025-02-27,2026-02-27,Annual,True,Active,False,,17
7263,7263,5,2024-01-17,2025-01-17,Annual,True,Active,False,,30
7264,7264,6,2024-06-05,2025-06-05,Annual,True,Active,False,,25
7265,7265,4,2025-07-09,2025-12-07,Monthly,True,Cancelled,True,2025-12-07,12
7266,7266,3,2025-01-05,2025-02-05,Monthly,True,Active,False,,18
7267,7267,5,2024-07-07,2025-07-07,Annual,True,Active,False,,24
7268,7268,3,2025-01-14,2025-02-14,Monthly,True,Active,False,,18
7269,7269,5,2025-06-17,2026-06-17,Annual,True,Active,False,,13
7270,7270,6,2024-09-27,2025-09-27,Annual,True,Active,False,,22
7271,7271,2,2024-08-05,2024-09-05,Monthly,True,Active,False,,23
7272,7272,2,2024-04-20,2024-05-20,Monthly,False,Active,False,,27
7273,7273,2,2024-06-11,2024-07-11,Monthly,True,Active,False,,25
7274,7274,2,2025-09-26,2025-10-26,Monthly,True,Active,False,,10
7275,7275,2,2025-07-15,2025-08-15,Monthly,False,Active,False,,12
7276,7276,4,2025-06-05,2025-09-23,Monthly,False,Expired,True,2025-09-23,13
7277,7277,5,2025-08-06,2026-08-06,Annual,True,Active,False,,11
7278,7278,4,2024-10-18,2024-12-07,Monthly,False,Cancelled,True,2024-12-07,21
7279,7279,4,2025-11-15,2025-12-15,Monthly,True,Active,False,,8
7280,7280,1,2024-11-17,2024-12-17,Monthly,True,Active,False,,20
7281,7281,5,2024-08-23,2025-08-23,Annual,True,Active,False,,23
7282,7282,2,2024-09-19,2024-10-19,Monthly,True,Active,False,,22
7283,7283,5,2024-06-09,2025-06-09,Annual,True,Active,False,,25
7284,7284,5,2025-03-02,2026-03-02,Annual,True,Active,False,,16
7285,7285,2,2025-09-25,2025-10-25,Monthly,True,Active,False,,10
7286,7286,5,2025-01-15,2026-01-15,Annual,True,Active,False,,18
7287,7287,5,2025-03-14,2026-03-14,Annual,True,Active,False,,16
7288,7288,2,2024-07-25,2024-08-25,Monthly,True,Active,False,,24
7289,7289,1,2025-05-19,2025-06-19,Monthly,True,Active,False,,14
7290,7290,2,2025-11-04,2025-12-04,Monthly,True,Active,False,,8
7291,7291,5,2025-08-13,2026-08-13,Annual,False,Active,False,,11
7292,7292,1,2024-09-21,2024-10-21,Monthly,True,Active,False,,22
7293,7293,3,2026-01-07,2026-02-07,Monthly,True,Active,False,,6
7294,7294,5,2025-11-07,2026-11-07,Annual,True,Active,False,,8
7295,7295,6,2025-05-17,2026-05-17,Annual,True,Active,False,,14
7296,7296,5,2024-08-07,2025-08-07,Annual,True,Active,False,,23
7297,7297,3,2024-03-03,2024-04-03,Monthly,True,Active,False,,28
7298,7298,2,2024-03-26,2024-04-26,Monthly,False,Active,False,,28
7299,7299,1,2025-10-29,2026-01-22,Monthly,True,Cancelled,True,2026-01-22,9
7300,7300,2,2025-12-26,2026-01-26,Monthly,True,Active,False,,7
7301,7301,2,2026-01-01,2026-02-01,Monthly,True,Active,False,,6
7302,7302,2,2024-05-16,2024-06-16,Monthly,True,Active,False,,26
7303,7303,5,2025-11-14,2026-06-01,Annual,True,Cancelled,True,2026-06-01,8
7304,7304,4,2024-03-03,2024-04-03,Monthly,True,Active,False,,28
7305,7305,2,2024-12-22,2025-01-22,Monthly,False,Active,False,,19
7306,7306,2,2024-03-09,2024-07-11,Monthly,False,Cancelled,True,2024-07-11,28
7307,7307,2,2025-08-30,2025-09-30,Monthly,True,Active,False,,11
7308,7308,1,2025-02-15,2025-03-15,Monthly,True,Active,False,,17
7309,7309,4,2024-01-21,2024-02-21,Monthly,True,Active,False,,30
7310,7310,3,2024-10-06,2025-02-03,Monthly,True,Cancelled,True,2025-02-03,21
7311,7311,3,2024-12-28,2025-01-28,Monthly,True,Active,False,,19
7312,7312,4,2024-05-02,2024-06-02,Monthly,True,Active,False,,26
7313,7313,4,2025-12-28,2026-01-28,Monthly,True,Active,False,,7
7314,7314,2,2024-06-21,2024-07-21,Monthly,True,Active,False,,25
7315,7315,5,2024-07-23,2025-07-23,Annual,True,Active,False,,24
7316,7316,4,2025-03-18,2025-04-18,Monthly,True,Active,False,,16
7317,7317,6,2025-09-22,2026-09-22,Annual,True,Active,False,,10
7318,7318,2,2025-04-06,2025-05-06,Monthly,True,Active,False,,15
7319,7319,3,2024-06-13,2024-07-13,Monthly,True,Active,False,,25
7320,7320,2,2024-06-14,2024-07-14,Monthly,True,Active,False,,25
7321,7321,4,2025-05-27,2025-06-27,Monthly,True,Active,False,,14
7322,7322,1,2025-01-01,2025-02-01,Monthly,True,Active,False,,18
7323,7323,5,2025-05-17,2026-05-17,Annual,True,Active,False,,14
7324,7324,5,2025-05-29,2026-05-29,Annual,True,Active,False,,14
7325,7325,5,2025-02-15,2026-02-15,Annual,False,Active,False,,17
7326,7326,2,2025-06-30,2025-07-30,Monthly,True,Active,False,,13
7327,7327,6,2025-08-13,2026-08-13,Annual,True,Active,False,,11
7328,7328,3,2025-03-07,2025-04-07,Monthly,True,Active,False,,16
7329,7329,2,2025-09-20,2025-10-20,Monthly,True,Active,False,,10
7330,7330,1,2024-03-26,2024-04-26,Monthly,True,Active,False,,28
7331,7331,2,2024-12-13,2025-01-13,Monthly,True,Active,False,,19
7332,7332,5,2025-05-20,2026-05-20,Annual,True,Active,False,,14
7333,7333,5,2025-01-04,2026-01-04,Annual,True,Active,False,,18
7334,7334,5,2024-06-13,2025-06-13,Annual,True,Active,False,,25
7335,7335,2,2025-11-14,2025-12-14,Monthly,True,Active,False,,8
7336,7336,5,2024-01-12,2025-01-12,Annual,True,Active,False,,30
7337,7337,6,2025-01-24,2026-01-24,Annual,True,Active,False,,18
7338,7338,3,2025-02-17,2025-03-17,Monthly,True,Active,False,,17
7339,7339,3,2025-07-12,2025-08-12,Monthly,True,Active,False,,12
7340,7340,4,2024-03-22,2024-04-22,Monthly,True,Active,False,,28
7341,7341,3,2025-05-19,2025-06-19,Monthly,True,Active,False,,14
7342,7342,5,2024-07-10,2025-07-10,Annual,True,Active,False,,24
7343,7343,2,2024-10-27,2024-11-27,Monthly,True,Active,False,,21
7344,7344,4,2025-08-10,2025-09-10,Monthly,True,Active,False,,11
7345,7345,3,2024-05-29,2024-06-29,Monthly,True,Active,False,,26
7346,7346,2,2025-08-29,2025-09-29,Monthly,True,Active,False,,11
7347,7347,6,2024-04-21,2025-04-21,Annual,True,Active,False,,27
7348,7348,6,2024-05-27,2025-05-27,Annual,True,Active,False,,26
7349,7349,5,2024-09-15,2025-09-15,Annual,True,Active,False,,22
7350,7350,5,2025-06-11,2026-06-11,Annual,False,Active,False,,13
7351,7351,2,2025-10-12,2025-11-12,Monthly,True,Active,False,,9
7352,7352,2,2025-04-26,2025-05-26,Monthly,True,Active,False,,15
7353,7353,4,2024-04-26,2024-08-24,Monthly,False,Cancelled,True,2024-08-24,27
7354,7354,5,2025-04-19,2025-10-22,Annual,True,Cancelled,True,2025-10-22,15
7355,7355,5,2025-06-23,2026-06-23,Annual,True,Active,False,,13
7356,7356,2,2024-10-20,2025-01-13,Monthly,False,Expired,True,2025-01-13,21
7357,7357,4,2025-03-03,2025-04-03,Monthly,True,Active,False,,16
7358,7358,5,2024-05-12,2025-05-12,Annual,True,Active,False,,26
7359,7359,2,2024-01-23,2024-02-23,Monthly,True,Active,False,,30
7360,7360,5,2026-01-16,2027-01-16,Annual,True,Active,False,,6
7361,7361,5,2024-11-15,2025-11-15,Annual,True,Active,False,,20
7362,7362,5,2024-11-29,2025-11-29,Annual,True,Active,False,,20
7363,7363,2,2024-11-27,2024-12-27,Monthly,True,Active,False,,20
7364,7364,5,2024-08-03,2025-08-03,Annual,True,Active,False,,23
7365,7365,4,2024-01-24,2024-02-24,Monthly,True,Active,False,,30
7366,7366,6,2025-10-08,2026-10-08,Annual,True,Active,False,,9
7367,7367,2,2025-01-18,2025-02-18,Monthly,True,Active,False,,18
7368,7368,5,2024-04-08,2025-04-08,Annual,True,Active,False,,27
7369,7369,6,2024-07-10,2025-07-10,Annual,True,Active,False,,24
7370,7370,5,2024-03-16,2025-03-16,Annual,True,Active,False,,28
7371,7371,5,2026-01-12,2027-01-12,Annual,True,Active,False,,6
7372,7372,1,2024-11-02,2024-12-02,Monthly,True,Active,False,,20
7373,7373,3,2024-09-08,2024-10-08,Monthly,True,Active,False,,22
7374,7374,5,2025-04-07,2026-04-07,Annual,True,Active,False,,15
7375,7375,2,2025-06-18,2025-07-18,Monthly,True,Active,False,,13
7376,7376,6,2024-05-01,2025-05-01,Annual,True,Active,False,,26
7377,7377,3,2025-02-23,2025-03-23,Monthly,True,Active,False,,17
7378,7378,4,2024-03-09,2024-04-09,Monthly,True,Active,False,,28
7379,7379,2,2025-10-27,2025-11-27,Monthly,True,Active,False,,9
7380,7380,5,2024-02-13,2025-02-13,Annual,True,Active,False,,29
7381,7381,2,2025-04-28,2025-05-28,Monthly,False,Active,False,,15
7382,7382,5,2024-04-03,2025-04-03,Annual,True,Active,False,,27
7383,7383,4,2025-11-27,2025-12-27,Monthly,True,Active,False,,8
7384,7384,5,2025-02-17,2026-02-17,Annual,True,Active,False,,17
7385,7385,6,2024-12-20,2025-12-20,Annual,True,Active,False,,19
7386,7386,5,2025-12-27,2026-12-27,Annual,True,Active,False,,7
7387,7387,5,2025-11-18,2026-11-18,Annual,True,Active,False,,8
7388,7388,5,2025-04-04,2026-04-04,Annual,True,Active,False,,15
7389,7389,6,2024-12-04,2025-12-04,Annual,True,Active,False,,19
7390,7390,5,2025-05-04,2026-05-04,Annual,True,Active,False,,14
7391,7391,2,2024-10-21,2024-11-21,Monthly,True,Active,False,,21
7392,7392,3,2024-11-22,2024-12-22,Monthly,True,Active,False,,20
7393,7393,3,2025-02-22,2025-03-22,Monthly,False,Active,False,,17
7394,7394,5,2024-08-05,2025-08-05,Annual,True,Active,False,,23
7395,7395,4,2024-08-17,2024-09-17,Monthly,True,Active,False,,23
7396,7396,4,2025-03-13,2025-04-13,Monthly,True,Active,False,,16
7397,7397,2,2025-03-16,2025-04-16,Monthly,True,Active,False,,16
7398,7398,4,2024-03-29,2024-04-29,Monthly,True,Active,False,,28
7399,7399,4,2024-12-08,2025-01-08,Monthly,True,Active,False,,19
7400,7400,5,2024-03-05,2025-03-05,Annual,True,Active,False,,28
7401,7401,2,2025-05-06,2025-06-06,Monthly,False,Active,False,,14
7402,7402,3,2025-04-01,2025-05-01,Monthly,True,Active,False,,15
7403,7403,1,2025-02-27,2025-03-27,Monthly,True,Active,False,,17
7404,7404,2,2025-10-20,2025-11-20,Monthly,False,Active,False,,9
7405,7405,5,2025-07-09,2026-07-09,Annual,True,Active,False,,12
7406,7406,2,2025-07-03,2025-08-03,Monthly,True,Active,False,,12
7407,7407,5,2025-07-04,2026-07-04,Annual,True,Active,False,,12
7408,7408,5,2025-10-18,2026-10-18,Annual,False,Active,False,,9
7409,7409,2,2024-02-12,2024-07-24,Monthly,False,Cancelled,True,2024-07-24,29
7410,7410,4,2024-05-08,2024-06-08,Monthly,True,Active,False,,26
7411,7411,6,2024-02-21,2024-12-24,Annual,True,Cancelled,True,2024-12-24,29
7412,7412,1,2024-06-11,2024-07-11,Monthly,True,Active,False,,25
7413,7413,2,2024-09-04,2024-10-04,Monthly,True,Active,False,,22
7414,7414,2,2025-12-10,2026-01-10,Monthly,False,Active,False,,7
7415,7415,5,2025-02-17,2026-02-17,Annual,True,Active,False,,17
7416,7416,2,2024-03-18,2024-04-18,Monthly,True,Active,False,,28
7417,7417,2,2024-11-09,2024-12-09,Monthly,True,Active,False,,20
7418,7418,5,2024-12-26,2025-12-26,Annual,True,Active,False,,19
7419,7419,3,2024-09-14,2024-10-14,Monthly,True,Active,False,,22
7420,7420,2,2025-11-05,2025-12-05,Monthly,True,Active,False,,8
7421,7421,5,2024-01-31,2025-01-31,Annual,True,Active,False,,30
7422,7422,3,2025-12-22,2026-02-27,Monthly,False,Cancelled,True,2026-02-27,7
7423,7423,2,2025-05-01,2025-06-01,Monthly,True,Active,False,,14
7424,7424,1,2024-06-25,2024-07-25,Monthly,True,Active,False,,25
7425,7425,2,2024-07-09,2024-08-09,Monthly,False,Active,False,,24
7426,7426,3,2025-01-27,2025-05-01,Monthly,True,Cancelled,True,2025-05-01,18
7427,7427,2,2024-05-13,2024-06-13,Monthly,True,Active,False,,26
7428,7428,4,2024-06-11,2024-07-11,Monthly,True,Active,False,,25
7429,7429,4,2024-11-19,2024-12-19,Monthly,True,Active,False,,20
7430,7430,2,2026-01-07,2026-02-07,Monthly,True,Active,False,,6
7431,7431,6,2025-04-02,2026-04-02,Annual,True,Active,False,,15
7432,7432,2,2024-05-04,2024-06-04,Monthly,True,Active,False,,26
7433,7433,5,2024-07-20,2025-07-20,Annual,True,Active,False,,24
7434,7434,2,2025-09-23,2026-01-08,Monthly,False,Cancelled,True,2026-01-08,10
7435,7435,5,2024-07-08,2025-07-08,Annual,True,Active,False,,24
7436,7436,4,2025-05-22,2025-06-22,Monthly,True,Active,False,,14
7437,7437,5,2024-03-09,2025-03-09,Annual,True,Active,False,,28
7438,7438,5,2024-03-19,2025-03-19,Annual,True,Active,False,,28
7439,7439,2,2025-06-07,2025-07-07,Monthly,True,Active,False,,13
7440,7440,4,2024-12-06,2025-01-06,Monthly,True,Active,False,,19
7441,7441,5,2024-04-18,2025-04-18,Annual,True,Active,False,,27
7442,7442,5,2025-04-22,2026-04-22,Annual,True,Active,False,,15
7443,7443,2,2024-02-02,2024-06-04,Monthly,True,Cancelled,True,2024-06-04,29
7444,7444,2,2024-07-26,2024-08-26,Monthly,True,Active,False,,24
7445,7445,5,2025-05-09,2026-05-09,Annual,True,Active,False,,14
7446,7446,2,2025-04-24,2025-05-24,Monthly,True,Active,False,,15
7447,7447,2,2025-07-22,2025-08-22,Monthly,True,Active,False,,12
7448,7448,1,2024-05-31,2024-06-30,Monthly,True,Active,False,,26
7449,7449,6,2024-06-28,2025-06-28,Annual,True,Active,False,,25
7450,7450,2,2025-11-26,2025-12-26,Monthly,True,Active,False,,8
7451,7451,2,2026-01-07,2026-02-07,Monthly,True,Active,False,,6
7452,7452,2,2024-09-25,2024-10-25,Monthly,True,Active,False,,22
7453,7453,2,2025-09-27,2025-10-27,Monthly,True,Active,False,,10
7454,7454,3,2024-09-14,2024-10-14,Monthly,True,Active,False,,22
7455,7455,5,2024-02-11,2025-02-11,Annual,True,Active,False,,29
7456,7456,3,2025-03-23,2025-04-23,Monthly,True,Active,False,,16
7457,7457,4,2025-05-29,2025-06-29,Monthly,True,Active,False,,14
7458,7458,4,2025-05-15,2025-06-15,Monthly,True,Active,False,,14
7459,7459,2,2025-05-10,2025-06-10,Monthly,True,Active,False,,14
7460,7460,2,2025-09-30,2025-10-30,Monthly,True,Active,False,,10
7461,7461,2,2025-02-02,2025-03-02,Monthly,True,Active,False,,17
7462,7462,4,2025-02-03,2025-03-03,Monthly,False,Active,False,,17
7463,7463,3,2024-12-05,2025-01-05,Monthly,True,Active,False,,19
7464,7464,2,2024-07-22,2024-08-22,Monthly,True,Active,False,,24
7465,7465,5,2025-01-03,2026-01-03,Annual,True,Active,False,,18
7466,7466,2,2024-08-10,2024-09-10,Monthly,True,Active,False,,23
7467,7467,5,2024-01-14,2025-01-14,Annual,True,Active,False,,30
7468,7468,4,2025-12-12,2026-01-12,Monthly,True,Active,False,,7
7469,7469,6,2025-09-21,2026-09-21,Annual,True,Active,False,,10
7470,7470,2,2024-03-25,2024-04-25,Monthly,True,Active,False,,28
7471,7471,1,2024-01-28,2024-02-28,Monthly,True,Active,False,,30
7472,7472,4,2024-08-31,2024-09-30,Monthly,True,Active,False,,23
7473,7473,5,2024-06-27,2025-06-27,Annual,True,Active,False,,25
7474,7474,2,2024-04-30,2024-05-30,Monthly,True,Active,False,,27
7475,7475,3,2024-05-04,2024-06-04,Monthly,True,Active,False,,26
7476,7476,5,2025-03-15,2026-03-15,Annual,True,Active,False,,16
7477,7477,3,2025-04-01,2025-05-01,Monthly,True,Active,False,,15
7478,7478,5,2024-10-22,2025-10-22,Annual,True,Active,False,,21
7479,7479,5,2024-04-16,2025-04-16,Annual,True,Active,False,,27
7480,7480,4,2025-09-14,2025-10-14,Monthly,False,Active,False,,10
7481,7481,5,2025-06-24,2026-06-24,Annual,True,Active,False,,13
7482,7482,6,2025-10-06,2026-10-06,Annual,True,Active,False,,9
7483,7483,4,2025-12-20,2026-01-20,Monthly,True,Active,False,,7
7484,7484,2,2025-04-16,2025-05-16,Monthly,True,Active,False,,15
7485,7485,2,2025-06-07,2025-07-07,Monthly,True,Active,False,,13
7486,7486,4,2025-04-21,2025-05-21,Monthly,True,Active,False,,15
7487,7487,5,2025-03-27,2026-03-27,Annual,True,Active,False,,16
7488,7488,6,2025-05-11,2026-05-11,Annual,True,Active,False,,14
7489,7489,5,2025-09-19,2026-09-19,Annual,True,Active,False,,10
7490,7490,4,2024-06-23,2024-07-23,Monthly,True,Active,False,,25
7491,7491,5,2025-01-10,2026-01-10,Annual,True,Active,False,,18
7492,7492,1,2024-04-14,2024-05-14,Monthly,False,Active,False,,27
7493,7493,4,2025-03-11,2025-09-05,Monthly,False,Expired,True,2025-09-05,16
7494,7494,5,2024-03-11,2025-03-11,Annual,True,Active,False,,28
7495,7495,5,2025-05-21,2026-05-21,Annual,True,Active,False,,14
7496,7496,2,2024-07-12,2024-08-12,Monthly,True,Active,False,,24
7497,7497,2,2025-11-06,2025-12-06,Monthly,True,Active,False,,8
7498,7498,2,2026-01-08,2026-02-08,Monthly,True,Active,False,,6
7499,7499,3,2024-07-15,2024-08-15,Monthly,True,Active,False,,24
7500,7500,2,2025-07-09,2025-08-09,Monthly,True,Active,False,,12
7501,7501,1,2025-06-18,2025-07-18,Monthly,True,Active,False,,13
7502,7502,6,2024-02-29,2025-02-28,Annual,True,Active,False,,29
7503,7503,5,2025-12-24,2026-12-24,Annual,True,Active,False,,7
7504,7504,2,2024-03-20,2024-04-20,Monthly,True,Active,False,,28
7505,7505,2,2024-02-08,2024-03-08,Monthly,True,Active,False,,29
7506,7506,5,2025-03-21,2026-03-21,Annual,False,Active,False,,16
7507,7507,2,2025-01-02,2025-02-02,Monthly,True,Active,False,,18
7508,7508,3,2024-11-13,2025-04-11,Monthly,False,Cancelled,True,2025-04-11,20
7509,7509,2,2025-04-12,2025-05-12,Monthly,True,Active,False,,15
7510,7510,5,2025-03-11,2025-09-10,Annual,True,Cancelled,True,2025-09-10,16
7511,7511,2,2025-06-15,2025-07-15,Monthly,True,Active,False,,13
7512,7512,5,2025-10-06,2026-10-06,Annual,True,Active,False,,9
7513,7513,6,2025-04-19,2026-04-19,Annual,True,Active,False,,15
7514,7514,5,2024-08-23,2025-08-23,Annual,True,Active,False,,23
7515,7515,5,2025-02-21,2026-02-21,Annual,True,Active,False,,17
7516,7516,2,2025-06-02,2025-07-02,Monthly,True,Active,False,,13
7517,7517,6,2024-11-28,2025-11-28,Annual,True,Active,False,,20
7518,7518,2,2024-12-17,2025-01-17,Monthly,True,Active,False,,19
7519,7519,2,2025-10-12,2025-11-12,Monthly,False,Active,False,,9
7520,7520,3,2025-11-20,2025-12-20,Monthly,True,Active,False,,8
7521,7521,2,2024-01-18,2024-02-18,Monthly,False,Active,False,,30
7522,7522,2,2024-12-19,2025-01-19,Monthly,True,Active,False,,19
7523,7523,6,2025-12-02,2026-12-02,Annual,True,Active,False,,7
7524,7524,2,2025-09-09,2025-10-09,Monthly,True,Active,False,,10
7525,7525,5,2025-02-13,2026-02-13,Annual,True,Active,False,,17
7526,7526,4,2025-07-28,2025-08-28,Monthly,True,Active,False,,12
7527,7527,6,2025-10-03,2026-10-03,Annual,True,Active,False,,9
7528,7528,5,2026-01-12,2027-01-12,Annual,True,Active,False,,6
7529,7529,5,2025-09-13,2026-09-13,Annual,True,Active,False,,10
7530,7530,2,2025-06-25,2025-07-25,Monthly,True,Active,False,,13
7531,7531,6,2024-12-20,2025-12-20,Annual,True,Active,False,,19
7532,7532,3,2025-11-26,2025-12-26,Monthly,True,Active,False,,8
7533,7533,1,2024-03-15,2024-04-15,Monthly,True,Active,False,,28
7534,7534,5,2025-02-14,2025-12-16,Annual,True,Cancelled,True,2025-12-16,17
7535,7535,3,2024-07-05,2024-08-05,Monthly,True,Active,False,,24
7536,7536,3,2025-11-25,2025-12-25,Monthly,True,Active,False,,8
7537,7537,2,2024-06-14,2024-07-14,Monthly,True,Active,False,,25
7538,7538,2,2024-11-24,2024-12-24,Monthly,True,Active,False,,20
7539,7539,2,2024-05-17,2024-11-02,Monthly,False,Expired,True,2024-11-02,26
7540,7540,4,2024-01-18,2024-02-18,Monthly,False,Active,False,,30
7541,7541,1,2024-04-03,2024-05-03,Monthly,True,Active,False,,27
7542,7542,3,2025-03-30,2025-04-30,Monthly,True,Active,False,,16
7543,7543,2,2024-11-16,2024-12-16,Monthly,True,Active,False,,20
7544,7544,6,2024-05-31,2025-05-31,Annual,True,Active,False,,26
7545,7545,4,2025-04-27,2025-05-27,Monthly,True,Active,False,,15
7546,7546,1,2025-02-09,2025-03-09,Monthly,True,Active,False,,17
7547,7547,3,2024-09-24,2024-10-24,Monthly,True,Active,False,,22
7548,7548,3,2025-12-06,2026-01-06,Monthly,True,Active,False,,7
7549,7549,5,2025-11-21,2026-11-21,Annual,True,Active,False,,8
7550,7550,5,2025-05-03,2026-05-03,Annual,True,Active,False,,14
7551,7551,3,2024-09-22,2024-10-22,Monthly,False,Active,False,,22
7552,7552,5,2024-12-24,2025-12-24,Annual,True,Active,False,,19
7553,7553,4,2024-10-27,2024-11-27,Monthly,True,Active,False,,21
7554,7554,4,2025-09-12,2025-10-12,Monthly,True,Active,False,,10
7555,7555,2,2025-03-29,2025-04-29,Monthly,False,Active,False,,16
7556,7556,6,2024-07-17,2025-07-17,Annual,True,Active,False,,24
7557,7557,2,2026-01-14,2026-02-14,Monthly,True,Active,False,,6
7558,7558,4,2025-05-09,2025-06-09,Monthly,True,Active,False,,14
7559,7559,3,2025-06-15,2025-07-15,Monthly,True,Active,False,,13
7560,7560,5,2024-09-18,2025-09-18,Annual,True,Active,False,,22
7561,7561,5,2025-02-07,2026-02-07,Annual,True,Active,False,,17
7562,7562,5,2025-05-06,2026-05-06,Annual,True,Active,False,,14
7563,7563,2,2025-12-26,2026-01-26,Monthly,True,Active,False,,7
7564,7564,6,2025-10-18,2026-10-18,Annual,True,Active,False,,9
7565,7565,5,2025-10-28,2026-10-28,Annual,True,Active,False,,9
7566,7566,4,2024-12-14,2025-01-14,Monthly,False,Active,False,,19
7567,7567,5,2025-08-03,2026-08-03,Annual,True,Active,False,,11
7568,7568,3,2024-10-27,2024-11-27,Monthly,True,Active,False,,21
7569,7569,5,2025-03-28,2026-03-28,Annual,True,Active,False,,16
7570,7570,6,2024-03-16,2025-03-16,Annual,True,Active,False,,28
7571,7571,2,2025-05-22,2025-06-22,Monthly,True,Active,False,,14
7572,7572,2,2024-03-26,2024-04-26,Monthly,True,Active,False,,28
7573,7573,2,2025-04-13,2025-05-13,Monthly,True,Active,False,,15
7574,7574,3,2024-12-06,2025-01-06,Monthly,True,Active,False,,19
7575,7575,2,2025-09-03,2025-10-03,Monthly,True,Active,False,,10
7576,7576,5,2025-01-01,2026-01-01,Annual,True,Active,False,,18
7577,7577,3,2025-12-13,2026-03-28,Monthly,True,Cancelled,True,2026-03-28,7
7578,7578,2,2025-04-28,2025-05-28,Monthly,True,Active,False,,15
7579,7579,2,2025-03-09,2025-04-09,Monthly,True,Active,False,,16
7580,7580,5,2024-08-14,2025-08-14,Annual,True,Active,False,,23
7581,7581,3,2025-09-20,2025-10-20,Monthly,True,Active,False,,10
7582,7582,1,2025-03-31,2025-04-30,Monthly,True,Active,False,,16
7583,7583,3,2024-10-04,2024-11-04,Monthly,False,Active,False,,21
7584,7584,4,2025-05-06,2025-06-06,Monthly,True,Active,False,,14
7585,7585,3,2024-08-05,2024-11-23,Monthly,False,Expired,True,2024-11-23,23
7586,7586,3,2024-11-24,2025-01-13,Monthly,False,Expired,True,2025-01-13,20
7587,7587,2,2024-12-16,2025-01-16,Monthly,True,Active,False,,19
7588,7588,5,2024-04-16,2025-04-16,Annual,True,Active,False,,27
7589,7589,5,2025-08-14,2026-08-14,Annual,True,Active,False,,11
7590,7590,4,2025-11-28,2025-12-28,Monthly,True,Active,False,,8
7591,7591,4,2025-12-04,2026-01-04,Monthly,True,Active,False,,7
7592,7592,2,2024-04-11,2024-08-17,Monthly,False,Expired,True,2024-08-17,27
7593,7593,4,2024-07-04,2024-08-26,Monthly,False,Expired,True,2024-08-26,24
7594,7594,3,2025-05-17,2025-06-17,Monthly,True,Active,False,,14
7595,7595,3,2025-10-31,2025-11-30,Monthly,True,Active,False,,9
7596,7596,5,2024-04-06,2025-04-06,Annual,True,Active,False,,27
7597,7597,4,2024-03-13,2024-04-13,Monthly,True,Active,False,,28
7598,7598,2,2025-12-21,2026-01-21,Monthly,True,Active,False,,7
7599,7599,5,2024-12-15,2025-12-15,Annual,True,Active,False,,19
7600,7600,5,2025-06-12,2026-02-27,Annual,False,Expired,True,2026-02-27,13
7601,7601,5,2024-06-25,2025-06-25,Annual,True,Active,False,,25
7602,7602,5,2025-04-12,2026-04-12,Annual,True,Active,False,,15
7603,7603,2,2024-05-18,2024-06-18,Monthly,True,Active,False,,26
7604,7604,5,2024-03-18,2025-03-18,Annual,True,Active,False,,28
7605,7605,1,2024-09-14,2024-10-14,Monthly,False,Expired,True,2024-10-14,22
7606,7606,1,2024-02-09,2024-03-09,Monthly,True,Active,False,,29
7607,7607,4,2025-09-24,2025-10-24,Monthly,True,Active,False,,10
7608,7608,1,2025-04-10,2025-05-10,Monthly,True,Active,False,,15
7609,7609,6,2024-12-06,2025-12-06,Annual,True,Active,False,,19
7610,7610,1,2024-06-01,2024-07-01,Monthly,True,Active,False,,25
7611,7611,2,2025-09-11,2025-10-11,Monthly,True,Active,False,,10
7612,7612,6,2024-06-12,2025-06-12,Annual,True,Active,False,,25
7613,7613,4,2025-06-20,2025-07-20,Monthly,True,Active,False,,13
7614,7614,2,2025-01-14,2025-02-14,Monthly,True,Active,False,,18
7615,7615,3,2024-08-24,2024-09-24,Monthly,True,Active,False,,23
7616,7616,3,2024-09-18,2024-10-18,Monthly,True,Active,False,,22
7617,7617,2,2025-08-07,2025-09-07,Monthly,True,Active,False,,11
7618,7618,4,2025-04-18,2025-05-18,Monthly,True,Active,False,,15
7619,7619,5,2025-07-09,2026-07-09,Annual,True,Active,False,,12
7620,7620,5,2024-07-27,2025-07-27,Annual,True,Active,False,,24
7621,7621,2,2025-11-17,2025-12-17,Monthly,True,Active,False,,8
7622,7622,5,2024-10-01,2025-10-01,Annual,True,Active,False,,21
7623,7623,3,2025-07-19,2025-08-19,Monthly,True,Active,False,,12
7624,7624,3,2024-08-25,2024-09-25,Monthly,True,Active,False,,23
7625,7625,5,2025-04-17,2026-04-14,Annual,False,Expired,True,2026-04-14,15
7626,7626,5,2025-10-18,2026-10-18,Annual,True,Active,False,,9
7627,7627,4,2025-07-29,2025-08-29,Monthly,True,Active,False,,12
7628,7628,6,2025-09-29,2026-09-29,Annual,True,Active,False,,10
7629,7629,5,2025-08-19,2026-08-19,Annual,True,Active,False,,11
7630,7630,5,2025-12-04,2026-12-04,Annual,True,Active,False,,7
7631,7631,3,2025-02-26,2025-03-26,Monthly,True,Active,False,,17
7632,7632,5,2025-01-12,2026-01-12,Annual,True,Active,False,,18
7633,7633,4,2025-09-02,2025-10-02,Monthly,False,Active,False,,10
7634,7634,5,2024-06-10,2025-06-10,Annual,True,Active,False,,25
7635,7635,1,2024-03-31,2024-04-30,Monthly,True,Active,False,,28
7636,7636,2,2024-03-17,2024-04-17,Monthly,True,Active,False,,28
7637,7637,5,2025-05-16,2026-05-16,Annual,True,Active,False,,14
7638,7638,3,2024-06-22,2024-07-22,Monthly,True,Active,False,,25
7639,7639,3,2024-05-24,2024-06-24,Monthly,True,Active,False,,26
7640,7640,5,2024-04-11,2025-04-11,Annual,True,Active,False,,27
7641,7641,2,2024-07-11,2024-08-11,Monthly,True,Active,False,,24
7642,7642,6,2025-02-05,2026-02-05,Annual,True,Active,False,,17
7643,7643,2,2024-08-09,2024-09-09,Monthly,True,Active,False,,23
7644,7644,5,2024-12-03,2025-12-03,Annual,True,Active,False,,19
7645,7645,5,2024-10-20,2025-10-20,Annual,True,Active,False,,21
7646,7646,1,2024-07-23,2024-08-23,Monthly,True,Active,False,,24
7647,7647,2,2024-03-20,2024-04-20,Monthly,True,Active,False,,28
7648,7648,5,2024-11-15,2025-11-15,Annual,True,Active,False,,20
7649,7649,5,2024-03-11,2025-03-11,Annual,True,Active,False,,28
7650,7650,3,2025-11-21,2025-12-21,Monthly,True,Active,False,,8
7651,7651,5,2024-11-15,2025-11-15,Annual,True,Active,False,,20
7652,7652,4,2024-11-26,2024-12-26,Monthly,True,Active,False,,20
7653,7653,3,2025-03-23,2025-04-23,Monthly,True,Active,False,,16
7654,7654,2,2025-10-26,2025-11-26,Monthly,True,Active,False,,9
7655,7655,1,2025-09-15,2025-10-15,Monthly,True,Active,False,,10
7656,7656,1,2025-09-04,2025-10-04,Monthly,True,Active,False,,10
7657,7657,2,2025-12-04,2026-01-04,Monthly,True,Active,False,,7
7658,7658,5,2025-07-27,2026-07-27,Annual,True,Active,False,,12
7659,7659,5,2024-03-31,2025-03-31,Annual,True,Active,False,,28
7660,7660,3,2024-11-10,2024-12-10,Monthly,True,Active,False,,20
7661,7661,5,2025-11-12,2026-11-12,Annual,False,Active,False,,8
7662,7662,6,2024-03-17,2025-03-17,Annual,True,Active,False,,28
7663,7663,2,2025-11-19,2025-12-19,Monthly,True,Active,False,,8
7664,7664,1,2025-05-23,2025-06-23,Monthly,True,Active,False,,14
7665,7665,2,2024-08-06,2024-09-06,Monthly,True,Active,False,,23
7666,7666,1,2025-08-27,2025-09-27,Monthly,True,Active,False,,11
7667,7667,2,2025-08-27,2025-09-27,Monthly,True,Active,False,,11
7668,7668,4,2025-07-07,2025-08-07,Monthly,True,Active,False,,12
7669,7669,4,2025-03-18,2025-04-18,Monthly,True,Active,False,,16
7670,7670,6,2024-04-11,2025-04-11,Annual,True,Active,False,,27
7671,7671,5,2025-09-25,2026-09-25,Annual,True,Active,False,,10
7672,7672,5,2024-11-20,2025-11-20,Annual,True,Active,False,,20
7673,7673,4,2025-04-17,2025-08-28,Monthly,True,Cancelled,True,2025-08-28,15
7674,7674,3,2025-06-08,2025-07-08,Monthly,True,Active,False,,13
7675,7675,3,2024-05-28,2024-06-28,Monthly,True,Active,False,,26
7676,7676,2,2025-08-12,2025-09-12,Monthly,True,Active,False,,11
7677,7677,3,2024-09-14,2024-10-14,Monthly,True,Active,False,,22
7678,7678,5,2024-04-05,2025-04-05,Annual,True,Active,False,,27
7679,7679,5,2026-01-14,2027-01-14,Annual,True,Active,False,,6
7680,7680,2,2026-01-06,2026-02-06,Monthly,True,Active,False,,6
7681,7681,3,2024-11-13,2025-03-19,Monthly,True,Cancelled,True,2025-03-19,20
7682,7682,5,2024-10-20,2025-10-20,Annual,True,Active,False,,21
7683,7683,2,2025-02-14,2025-03-14,Monthly,True,Active,False,,17
7684,7684,2,2025-08-30,2025-10-22,Monthly,False,Cancelled,True,2025-10-22,11
7685,7685,1,2024-03-18,2024-05-16,Monthly,True,Cancelled,True,2024-05-16,28
7686,7686,5,2024-05-31,2025-05-31,Annual,True,Active,False,,26
7687,7687,3,2024-06-19,2024-07-19,Monthly,True,Active,False,,25
7688,7688,6,2025-11-15,2026-11-15,Annual,True,Active,False,,8
7689,7689,5,2025-05-31,2026-05-31,Annual,True,Active,False,,14
7690,7690,3,2024-10-12,2024-12-26,Monthly,False,Cancelled,True,2024-12-26,21
7691,7691,2,2024-03-01,2024-04-01,Monthly,True,Active,False,,28
7692,7692,5,2024-05-24,2025-05-24,Annual,True,Active,False,,26
7693,7693,3,2024-05-03,2024-06-03,Monthly,True,Active,False,,26
7694,7694,5,2025-03-20,2026-03-20,Annual,True,Active,False,,16
7695,7695,5,2025-12-16,2026-12-16,Annual,True,Active,False,,7
7696,7696,4,2026-01-12,2026-02-12,Monthly,True,Active,False,,6
7697,7697,1,2025-02-02,2025-03-02,Monthly,True,Active,False,,17
7698,7698,2,2025-05-19,2025-06-19,Monthly,True,Active,False,,14
7699,7699,2,2024-05-09,2024-07-05,Monthly,False,Expired,True,2024-07-05,26
7700,7700,3,2024-10-12,2024-11-12,Monthly,True,Active,False,,21
7701,7701,2,2025-05-19,2025-06-19,Monthly,True,Active,False,,14
7702,7702,2,2025-09-27,2025-10-27,Monthly,True,Active,False,,10
7703,7703,5,2025-11-19,2026-11-19,Annual,True,Active,False,,8
7704,7704,2,2024-09-17,2025-02-11,Monthly,True,Cancelled,True,2025-02-11,22
7705,7705,3,2024-12-03,2025-01-03,Monthly,True,Active,False,,19
7706,7706,3,2025-11-22,2026-02-02,Monthly,False,Cancelled,True,2026-02-02,8
7707,7707,5,2024-05-10,2025-05-10,Annual,True,Active,False,,26
7708,7708,3,2025-06-05,2025-07-05,Monthly,True,Active,False,,13
7709,7709,2,2025-05-25,2025-06-25,Monthly,True,Active,False,,14
7710,7710,5,2024-08-07,2025-08-07,Annual,True,Active,False,,23
7711,7711,3,2024-09-16,2024-10-16,Monthly,True,Active,False,,22
7712,7712,3,2025-11-02,2025-12-02,Monthly,True,Active,False,,8
7713,7713,2,2024-03-15,2024-04-15,Monthly,True,Active,False,,28
7714,7714,5,2024-10-22,2025-10-22,Annual,True,Active,False,,21
7715,7715,5,2024-02-11,2025-02-11,Annual,True,Active,False,,29
7716,7716,5,2025-08-15,2026-08-15,Annual,True,Active,False,,11
7717,7717,3,2025-05-19,2025-06-19,Monthly,True,Active,False,,14
7718,7718,5,2025-09-07,2026-09-07,Annual,True,Active,False,,10
7719,7719,2,2025-04-06,2025-05-06,Monthly,True,Active,False,,15
7720,7720,5,2025-08-03,2026-08-03,Annual,True,Active,False,,11
7721,7721,1,2025-07-23,2025-08-23,Monthly,True,Active,False,,12
7722,7722,5,2024-05-23,2025-05-23,Annual,True,Active,False,,26
7723,7723,2,2025-11-06,2025-12-06,Monthly,True,Active,False,,8
7724,7724,2,2025-10-22,2025-11-22,Monthly,True,Active,False,,9
7725,7725,4,2024-05-26,2024-06-26,Monthly,True,Active,False,,26
7726,7726,5,2025-04-17,2026-04-17,Annual,True,Active,False,,15
7727,7727,2,2024-05-01,2024-06-01,Monthly,True,Active,False,,26
7728,7728,5,2024-03-09,2025-03-09,Annual,True,Active,False,,28
7729,7729,6,2025-03-18,2026-03-18,Annual,True,Active,False,,16
7730,7730,2,2024-05-25,2024-06-25,Monthly,True,Active,False,,26
7731,7731,3,2026-01-01,2026-02-01,Monthly,True,Active,False,,6
7732,7732,4,2025-01-20,2025-02-20,Monthly,True,Active,False,,18
7733,7733,4,2025-08-22,2025-09-22,Monthly,True,Active,False,,11
7734,7734,3,2024-08-13,2024-09-13,Monthly,True,Active,False,,23
7735,7735,5,2025-10-09,2026-10-09,Annual,True,Active,False,,9
7736,7736,3,2024-05-07,2024-07-06,Monthly,True,Cancelled,True,2024-07-06,26
7737,7737,5,2024-08-07,2025-08-07,Annual,True,Active,False,,23
7738,7738,6,2025-05-28,2026-05-28,Annual,True,Active,False,,14
7739,7739,2,2024-09-17,2024-10-17,Monthly,True,Active,False,,22
7740,7740,4,2025-01-31,2025-02-28,Monthly,True,Active,False,,18
7741,7741,5,2024-03-13,2025-03-13,Annual,True,Active,False,,28
7742,7742,2,2025-05-08,2025-06-08,Monthly,True,Active,False,,14
7743,7743,2,2025-08-20,2025-09-20,Monthly,True,Active,False,,11
7744,7744,2,2024-02-21,2024-03-21,Monthly,True,Active,False,,29
7745,7745,4,2024-05-03,2024-08-29,Monthly,True,Cancelled,True,2024-08-29,26
7746,7746,6,2024-07-18,2025-07-18,Annual,True,Active,False,,24
7747,7747,2,2025-04-18,2025-05-18,Monthly,True,Active,False,,15
7748,7748,2,2024-07-06,2024-08-06,Monthly,True,Active,False,,24
7749,7749,5,2024-03-21,2025-03-21,Annual,True,Active,False,,28
7750,7750,6,2024-01-31,2025-01-31,Annual,True,Active,False,,30
7751,7751,5,2025-05-16,2026-05-16,Annual,True,Active,False,,14
7752,7752,2,2024-08-25,2024-09-25,Monthly,True,Active,False,,23
7753,7753,5,2025-02-21,2026-02-21,Annual,True,Active,False,,17
7754,7754,5,2025-01-11,2026-01-11,Annual,True,Active,False,,18
7755,7755,5,2024-06-02,2024-12-28,Annual,True,Cancelled,True,2024-12-28,25
7756,7756,5,2024-10-28,2025-10-28,Annual,True,Active,False,,21
7757,7757,2,2025-12-05,2026-01-05,Monthly,True,Active,False,,7
7758,7758,6,2025-06-20,2026-06-20,Annual,True,Active,False,,13
7759,7759,3,2025-03-28,2025-04-28,Monthly,True,Active,False,,16
7760,7760,3,2024-02-14,2024-03-14,Monthly,True,Active,False,,29
7761,7761,2,2025-03-02,2025-04-02,Monthly,True,Active,False,,16
7762,7762,2,2025-06-16,2025-07-16,Monthly,True,Active,False,,13
7763,7763,6,2025-03-08,2026-03-08,Annual,True,Active,False,,16
7764,7764,3,2024-09-09,2024-10-09,Monthly,True,Active,False,,22
7765,7765,4,2025-09-12,2025-10-12,Monthly,True,Active,False,,10
7766,7766,2,2024-08-09,2024-09-09,Monthly,True,Active,False,,23
7767,7767,6,2025-02-19,2026-02-19,Annual,True,Active,False,,17
7768,7768,6,2024-05-14,2025-05-14,Annual,True,Active,False,,26
7769,7769,5,2024-09-02,2025-09-02,Annual,True,Active,False,,22
7770,7770,2,2025-08-17,2025-09-17,Monthly,True,Active,False,,11
7771,7771,5,2024-07-11,2025-07-11,Annual,True,Active,False,,24
7772,7772,2,2025-10-10,2025-11-10,Monthly,True,Active,False,,9
7773,7773,2,2025-04-25,2025-06-06,Monthly,True,Cancelled,True,2025-06-06,15
7774,7774,2,2025-07-27,2025-08-27,Monthly,True,Active,False,,12
7775,7775,4,2024-12-31,2025-01-31,Monthly,True,Active,False,,19
7776,7776,2,2024-12-10,2025-01-10,Monthly,True,Active,False,,19
7777,7777,3,2024-03-02,2024-04-02,Monthly,False,Active,False,,28
7778,7778,3,2025-02-11,2025-03-11,Monthly,True,Active,False,,17
7779,7779,2,2025-03-28,2025-04-28,Monthly,True,Active,False,,16
7780,7780,4,2024-01-21,2024-02-21,Monthly,True,Active,False,,30
7781,7781,5,2025-02-16,2026-02-16,Annual,True,Active,False,,17
7782,7782,4,2024-07-26,2024-08-26,Monthly,True,Active,False,,24
7783,7783,3,2024-06-29,2024-07-29,Monthly,True,Active,False,,25
7784,7784,5,2024-11-07,2025-11-07,Annual,True,Active,False,,20
7785,7785,2,2025-06-10,2025-07-10,Monthly,True,Active,False,,13
7786,7786,2,2025-03-14,2025-04-14,Monthly,True,Active,False,,16
7787,7787,2,2025-05-24,2025-06-24,Monthly,True,Active,False,,14
7788,7788,2,2025-03-10,2025-04-10,Monthly,True,Active,False,,16
7789,7789,5,2024-11-02,2025-11-02,Annual,True,Active,False,,20
7790,7790,2,2024-03-01,2024-04-01,Monthly,True,Active,False,,28
7791,7791,2,2024-12-20,2025-01-20,Monthly,True,Active,False,,19
7792,7792,2,2024-03-07,2024-04-07,Monthly,True,Active,False,,28
7793,7793,5,2025-09-23,2026-09-23,Annual,True,Active,False,,10
7794,7794,5,2024-06-18,2025-06-18,Annual,True,Active,False,,25
7795,7795,2,2024-02-05,2024-03-05,Monthly,True,Active,False,,29
7796,7796,4,2025-03-12,2025-04-12,Monthly,True,Active,False,,16
7797,7797,2,2024-06-05,2024-07-05,Monthly,True,Active,False,,25
7798,7798,2,2025-11-25,2025-12-25,Monthly,True,Active,False,,8
7799,7799,2,2024-07-11,2024-12-13,Monthly,False,Cancelled,True,2024-12-13,24
7800,7800,2,2025-11-14,2025-12-14,Monthly,True,Active,False,,8
7801,7801,6,2025-12-16,2026-12-16,Annual,True,Active,False,,7
7802,7802,5,2025-06-29,2026-06-29,Annual,True,Active,False,,13
7803,7803,2,2024-07-28,2024-08-28,Monthly,False,Active,False,,24
7804,7804,6,2025-11-19,2026-11-19,Annual,True,Active,False,,8
7805,7805,1,2026-01-23,2026-02-23,Monthly,True,Active,False,,6
7806,7806,5,2024-10-26,2025-10-26,Annual,True,Active,False,,21
7807,7807,4,2025-11-18,2025-12-18,Monthly,True,Active,False,,8
7808,7808,3,2025-12-05,2026-01-05,Monthly,True,Active,False,,7
7809,7809,2,2025-05-06,2025-06-06,Monthly,True,Active,False,,14
7810,7810,2,2025-10-30,2026-04-17,Monthly,False,Expired,True,2026-04-17,9
7811,7811,2,2025-06-28,2025-07-28,Monthly,False,Active,False,,13
7812,7812,2,2024-09-24,2024-10-24,Monthly,True,Active,False,,22
7813,7813,2,2025-06-23,2025-07-23,Monthly,True,Active,False,,13
7814,7814,2,2024-07-29,2024-08-29,Monthly,True,Active,False,,24
7815,7815,4,2025-11-27,2025-12-27,Monthly,True,Active,False,,8
7816,7816,5,2024-09-28,2025-09-28,Annual,True,Active,False,,22
7817,7817,6,2025-08-05,2026-08-05,Annual,False,Active,False,,11
7818,7818,5,2025-03-27,2026-03-27,Annual,True,Active,False,,16
7819,7819,3,2024-11-05,2024-12-05,Monthly,True,Active,False,,20
7820,7820,4,2024-05-23,2024-06-23,Monthly,True,Active,False,,26
7821,7821,4,2025-07-20,2025-08-20,Monthly,True,Active,False,,12
7822,7822,4,2024-08-02,2024-09-02,Monthly,True,Active,False,,23
7823,7823,2,2025-09-05,2025-10-05,Monthly,False,Active,False,,10
7824,7824,1,2025-03-21,2025-04-21,Monthly,True,Active,False,,16
7825,7825,5,2024-11-26,2025-11-26,Annual,True,Active,False,,20
7826,7826,2,2024-06-03,2024-07-03,Monthly,True,Active,False,,25
7827,7827,5,2024-12-22,2025-12-22,Annual,True,Active,False,,19
7828,7828,3,2024-06-16,2024-07-16,Monthly,True,Active,False,,25
7829,7829,3,2024-11-10,2024-12-10,Monthly,True,Active,False,,20
7830,7830,3,2025-10-12,2025-11-12,Monthly,True,Active,False,,9
7831,7831,3,2024-12-02,2025-01-02,Monthly,True,Active,False,,19
7832,7832,5,2024-12-25,2025-12-25,Annual,True,Active,False,,19
7833,7833,5,2025-08-20,2026-08-20,Annual,False,Active,False,,11
7834,7834,5,2025-03-15,2026-03-15,Annual,True,Active,False,,16
7835,7835,2,2025-02-15,2025-03-15,Monthly,True,Active,False,,17
7836,7836,4,2024-04-12,2024-05-12,Monthly,True,Active,False,,27
7837,7837,2,2025-09-14,2025-10-14,Monthly,True,Active,False,,10
7838,7838,5,2025-12-12,2026-12-12,Annual,True,Active,False,,7
7839,7839,2,2025-03-12,2025-05-06,Monthly,False,Expired,True,2025-05-06,16
7840,7840,5,2025-07-13,2026-07-13,Annual,True,Active,False,,12
7841,7841,2,2025-03-17,2025-04-17,Monthly,True,Active,False,,16
7842,7842,5,2024-12-20,2025-12-20,Annual,True,Active,False,,19
7843,7843,3,2024-09-30,2024-10-30,Monthly,True,Active,False,,22
7844,7844,1,2025-01-18,2025-02-18,Monthly,True,Active,False,,18
7845,7845,4,2025-10-19,2025-11-19,Monthly,True,Active,False,,9
7846,7846,2,2024-02-17,2024-03-17,Monthly,True,Active,False,,29
7847,7847,5,2025-02-16,2026-02-16,Annual,True,Active,False,,17
7848,7848,3,2024-05-06,2024-06-06,Monthly,True,Active,False,,26
7849,7849,3,2024-10-21,2024-11-21,Monthly,True,Active,False,,21
7850,7850,3,2026-01-05,2026-02-05,Monthly,True,Active,False,,6
7851,7851,3,2025-05-26,2025-06-26,Monthly,True,Active,False,,14
7852,7852,4,2024-12-01,2025-01-01,Monthly,True,Active,False,,19
7853,7853,5,2024-07-09,2025-07-09,Annual,True,Active,False,,24
7854,7854,5,2025-03-05,2026-03-05,Annual,True,Active,False,,16
7855,7855,5,2024-10-21,2025-10-21,Annual,True,Active,False,,21
7856,7856,2,2025-03-27,2025-04-27,Monthly,True,Active,False,,16
7857,7857,2,2025-04-07,2025-05-07,Monthly,True,Active,False,,15
7858,7858,6,2024-06-06,2025-06-06,Annual,True,Active,False,,25
7859,7859,2,2025-06-14,2025-10-11,Monthly,False,Expired,True,2025-10-11,13
7860,7860,3,2025-08-18,2025-09-18,Monthly,True,Active,False,,11
7861,7861,3,2025-05-02,2025-06-02,Monthly,True,Active,False,,14
7862,7862,6,2026-01-11,2027-01-11,Annual,True,Active,False,,6
7863,7863,2,2024-10-24,2024-11-24,Monthly,True,Active,False,,21
7864,7864,2,2024-04-22,2024-05-22,Monthly,True,Active,False,,27
7865,7865,2,2024-12-31,2025-01-31,Monthly,False,Active,False,,19
7866,7866,5,2024-12-06,2025-12-06,Annual,True,Active,False,,19
7867,7867,6,2025-10-12,2026-10-12,Annual,True,Active,False,,9
7868,7868,2,2025-11-26,2025-12-26,Monthly,True,Active,False,,8
7869,7869,5,2024-02-19,2025-01-21,Annual,True,Cancelled,True,2025-01-21,29
7870,7870,2,2024-08-09,2024-09-09,Monthly,True,Active,False,,23
7871,7871,2,2024-09-26,2024-10-26,Monthly,False,Active,False,,22
7872,7872,5,2024-11-09,2025-11-09,Annual,True,Active,False,,20
7873,7873,2,2025-01-11,2025-02-11,Monthly,True,Active,False,,18
7874,7874,2,2024-04-18,2024-05-18,Monthly,True,Active,False,,27
7875,7875,2,2024-10-19,2024-11-19,Monthly,True,Active,False,,21
7876,7876,3,2024-03-03,2024-04-03,Monthly,True,Active,False,,28
7877,7877,4,2025-05-04,2025-08-03,Monthly,False,Cancelled,True,2025-08-03,14
7878,7878,5,2025-02-13,2026-02-13,Annual,True,Active,False,,17
7879,7879,3,2024-11-01,2024-12-01,Monthly,True,Active,False,,20
7880,7880,5,2025-01-22,2026-01-22,Annual,True,Active,False,,18
7881,7881,4,2024-11-04,2024-12-04,Monthly,True,Active,False,,20
7882,7882,3,2024-07-05,2024-08-05,Monthly,True,Active,False,,24
7883,7883,4,2024-08-02,2024-09-02,Monthly,True,Active,False,,23
7884,7884,1,2025-04-17,2025-05-17,Monthly,True,Active,False,,15
7885,7885,4,2024-06-05,2024-07-05,Monthly,True,Active,False,,25
7886,7886,1,2024-09-02,2024-10-02,Monthly,False,Active,False,,22
7887,7887,4,2024-02-18,2024-05-02,Monthly,True,Cancelled,True,2024-05-02,29
7888,7888,2,2024-05-17,2024-06-17,Monthly,True,Active,False,,26
7889,7889,2,2024-10-26,2024-11-26,Monthly,True,Active,False,,21
7890,7890,1,2024-02-14,2024-03-14,Monthly,True,Active,False,,29
7891,7891,2,2025-09-24,2025-10-24,Monthly,True,Active,False,,10
7892,7892,4,2024-09-19,2024-10-19,Monthly,True,Active,False,,22
7893,7893,3,2024-01-12,2024-02-12,Monthly,True,Active,False,,30
7894,7894,1,2024-08-04,2024-09-04,Monthly,True,Active,False,,23
7895,7895,2,2025-10-04,2026-01-08,Monthly,False,Cancelled,True,2026-01-08,9
7896,7896,1,2026-01-07,2026-02-07,Monthly,True,Active,False,,6
7897,7897,2,2024-06-12,2024-07-12,Monthly,True,Active,False,,25
7898,7898,3,2025-12-08,2026-01-08,Monthly,True,Active,False,,7
7899,7899,5,2024-07-27,2025-07-27,Annual,True,Active,False,,24
7900,7900,1,2025-03-07,2025-04-07,Monthly,False,Active,False,,16
7901,7901,2,2026-01-01,2026-02-01,Monthly,True,Active,False,,6
7902,7902,6,2025-11-03,2026-11-03,Annual,True,Active,False,,8
7903,7903,5,2024-10-03,2025-10-03,Annual,True,Active,False,,21
7904,7904,2,2024-07-20,2024-08-20,Monthly,False,Active,False,,24
7905,7905,6,2024-04-04,2025-04-04,Annual,True,Active,False,,27
7906,7906,2,2024-10-07,2024-11-07,Monthly,True,Active,False,,21
7907,7907,6,2024-02-29,2025-02-28,Annual,False,Active,False,,29
7908,7908,2,2024-12-08,2025-01-08,Monthly,True,Active,False,,19
7909,7909,4,2025-01-03,2025-02-03,Monthly,True,Active,False,,18
7910,7910,4,2024-02-08,2024-03-08,Monthly,True,Active,False,,29
7911,7911,3,2024-02-27,2024-03-27,Monthly,True,Active,False,,29
7912,7912,4,2024-11-03,2024-12-03,Monthly,True,Active,False,,20
7913,7913,6,2024-08-25,2025-08-25,Annual,True,Active,False,,23
7914,7914,5,2024-05-22,2025-05-22,Annual,True,Active,False,,26
7915,7915,3,2025-06-04,2025-07-04,Monthly,True,Active,False,,13
7916,7916,2,2025-09-08,2025-10-08,Monthly,False,Active,False,,10
7917,7917,5,2025-05-13,2026-05-13,Annual,True,Active,False,,14
7918,7918,4,2025-07-14,2025-08-14,Monthly,True,Active,False,,12
7919,7919,2,2025-11-30,2025-12-30,Monthly,True,Active,False,,8
7920,7920,2,2025-01-10,2025-02-10,Monthly,True,Active,False,,18
7921,7921,5,2025-03-16,2026-03-16,Annual,True,Active,False,,16
7922,7922,3,2024-03-30,2024-04-30,Monthly,False,Active,False,,28
7923,7923,5,2024-11-13,2025-11-13,Annual,True,Active,False,,20
7924,7924,2,2024-04-28,2024-05-28,Monthly,True,Active,False,,27
7925,7925,5,2024-02-28,2025-02-28,Annual,True,Active,False,,29
7926,7926,2,2024-04-12,2024-05-12,Monthly,True,Active,False,,27
7927,7927,2,2024-05-06,2024-06-06,Monthly,True,Active,False,,26
7928,7928,5,2024-05-20,2025-05-20,Annual,False,Active,False,,26
7929,7929,2,2025-12-01,2026-01-01,Monthly,True,Active,False,,7
7930,7930,3,2025-10-30,2025-11-30,Monthly,True,Active,False,,9
7931,7931,6,2025-01-29,2026-01-29,Annual,True,Active,False,,18
7932,7932,5,2025-09-14,2026-09-14,Annual,True,Active,False,,10
7933,7933,6,2025-04-23,2026-04-23,Annual,False,Active,False,,15
7934,7934,5,2025-01-10,2026-01-10,Annual,True,Active,False,,18
7935,7935,5,2025-07-23,2026-07-23,Annual,True,Active,False,,12
7936,7936,3,2025-05-26,2025-09-11,Monthly,False,Expired,True,2025-09-11,14
7937,7937,5,2025-09-12,2026-09-12,Annual,True,Active,False,,10
7938,7938,4,2025-12-08,2026-01-08,Monthly,True,Active,False,,7
7939,7939,2,2025-10-26,2025-11-26,Monthly,True,Active,False,,9
7940,7940,4,2024-11-11,2024-12-11,Monthly,True,Active,False,,20
7941,7941,5,2025-06-24,2026-06-24,Annual,True,Active,False,,13
7942,7942,4,2025-05-17,2025-06-17,Monthly,True,Active,False,,14
7943,7943,6,2025-07-25,2026-07-25,Annual,True,Active,False,,12
7944,7944,6,2025-03-08,2026-03-08,Annual,False,Active,False,,16
7945,7945,4,2025-12-18,2026-01-18,Monthly,True,Active,False,,7
7946,7946,4,2024-11-07,2024-12-07,Monthly,True,Active,False,,20
7947,7947,5,2025-09-12,2026-09-12,Annual,True,Active,False,,10
7948,7948,5,2024-06-09,2025-06-09,Annual,True,Active,False,,25
7949,7949,5,2024-02-23,2025-02-21,Annual,True,Cancelled,True,2025-02-21,29
7950,7950,4,2025-05-07,2025-06-07,Monthly,True,Active,False,,14
7951,7951,6,2024-07-05,2025-07-05,Annual,True,Active,False,,24
7952,7952,6,2025-05-01,2026-05-01,Annual,True,Active,False,,14
7953,7953,4,2025-07-18,2025-08-18,Monthly,True,Active,False,,12
7954,7954,2,2025-04-27,2025-05-27,Monthly,True,Active,False,,15
7955,7955,5,2024-05-13,2025-05-13,Annual,True,Active,False,,26
7956,7956,3,2025-09-12,2025-10-12,Monthly,True,Active,False,,10
7957,7957,5,2024-08-05,2025-02-08,Annual,True,Cancelled,True,2025-02-08,23
7958,7958,4,2024-04-23,2024-05-23,Monthly,True,Active,False,,27
7959,7959,6,2025-07-11,2026-07-11,Annual,True,Active,False,,12
7960,7960,4,2025-11-27,2025-12-27,Monthly,True,Active,False,,8
7961,7961,3,2025-09-27,2025-10-27,Monthly,True,Active,False,,10
7962,7962,3,2025-07-27,2025-08-27,Monthly,True,Active,False,,12
7963,7963,5,2025-04-11,2026-04-11,Annual,True,Active,False,,15
7964,7964,5,2025-04-17,2026-04-17,Annual,True,Active,False,,15
7965,7965,2,2024-04-12,2024-05-12,Monthly,False,Active,False,,27
7966,7966,1,2024-12-27,2025-01-27,Monthly,True,Active,False,,19
7967,7967,3,2025-06-09,2025-11-24,Monthly,False,Expired,True,2025-11-24,13
7968,7968,4,2025-08-30,2025-09-30,Monthly,True,Active,False,,11
7969,7969,5,2024-03-16,2025-03-16,Annual,True,Active,False,,28
7970,7970,5,2025-03-21,2026-03-21,Annual,True,Active,False,,16
7971,7971,3,2026-01-22,2026-02-22,Monthly,True,Active,False,,6
7972,7972,5,2024-08-22,2025-08-22,Annual,True,Active,False,,23
7973,7973,5,2024-06-27,2025-06-27,Annual,True,Active,False,,25
7974,7974,3,2024-04-16,2024-05-16,Monthly,True,Active,False,,27
7975,7975,2,2024-05-09,2024-06-09,Monthly,True,Active,False,,26
7976,7976,5,2025-12-23,2026-12-23,Annual,True,Active,False,,7
7977,7977,6,2025-11-02,2026-11-02,Annual,True,Active,False,,8
7978,7978,4,2024-05-03,2024-06-03,Monthly,True,Active,False,,26
7979,7979,3,2024-09-26,2024-10-26,Monthly,True,Active,False,,22
7980,7980,6,2024-06-19,2025-06-19,Annual,True,Active,False,,25
7981,7981,5,2025-10-24,2026-10-24,Annual,True,Active,False,,9
7982,7982,5,2025-02-18,2026-02-18,Annual,True,Active,False,,17
7983,7983,2,2025-10-25,2025-11-25,Monthly,True,Active,False,,9
7984,7984,4,2024-05-06,2024-06-06,Monthly,False,Active,False,,26
7985,7985,6,2025-11-15,2026-11-15,Annual,True,Active,False,,8
7986,7986,3,2024-08-03,2024-09-17,Monthly,True,Cancelled,True,2024-09-17,23
7987,7987,3,2025-09-26,2025-10-26,Monthly,True,Active,False,,10
7988,7988,2,2025-01-08,2025-02-08,Monthly,True,Active,False,,18
7989,7989,2,2024-09-21,2024-10-21,Monthly,True,Active,False,,22
7990,7990,5,2025-05-17,2026-05-17,Annual,True,Active,False,,14
7991,7991,3,2025-03-19,2025-04-19,Monthly,True,Active,False,,16
7992,7992,3,2025-08-04,2025-10-14,Monthly,False,Expired,True,2025-10-14,11
7993,7993,3,2025-02-09,2025-05-01,Monthly,False,Cancelled,True,2025-05-01,17
7994,7994,2,2025-06-26,2025-07-26,Monthly,True,Active,False,,13
7995,7995,3,2024-06-09,2024-07-09,Monthly,True,Active,False,,25
7996,7996,2,2024-07-08,2024-08-08,Monthly,True,Active,False,,24
7997,7997,6,2025-06-02,2026-06-02,Annual,True,Active,False,,13
7998,7998,5,2025-04-01,2026-04-01,Annual,True,Active,False,,15
7999,7999,5,2024-06-17,2025-06-17,Annual,True,Active,False,,25
8000,8000,3,2024-08-08,2024-09-08,Monthly,True,Active,False,,23
8001,8001,6,2024-11-01,2025-11-01,Annual,True,Active,False,,20
8002,8002,2,2025-06-16,2025-11-11,Monthly,False,Expired,True,2025-11-11,13
8003,8003,2,2025-03-10,2025-04-10,Monthly,True,Active,False,,16
8004,8004,5,2025-04-17,2026-04-17,Annual,True,Active,False,,15
8005,8005,6,2025-05-22,2026-05-22,Annual,True,Active,False,,14
8006,8006,5,2024-12-22,2025-12-22,Annual,True,Active,False,,19
8007,8007,3,2025-12-31,2026-01-31,Monthly,False,Active,False,,7
8008,8008,6,2024-11-17,2025-11-17,Annual,True,Active,False,,20
8009,8009,2,2025-11-20,2025-12-20,Monthly,True,Active,False,,8
8010,8010,5,2024-10-28,2025-10-28,Annual,True,Active,False,,21
8011,8011,5,2024-10-23,2025-10-23,Annual,True,Active,False,,21
8012,8012,5,2025-09-24,2026-09-24,Annual,False,Active,False,,10
8013,8013,2,2024-01-17,2024-02-17,Monthly,True,Active,False,,30
8014,8014,2,2024-09-16,2024-10-16,Monthly,True,Active,False,,22
8015,8015,4,2024-03-20,2024-04-20,Monthly,True,Active,False,,28
8016,8016,4,2025-12-21,2026-01-21,Monthly,True,Active,False,,7
8017,8017,5,2024-08-11,2025-05-26,Annual,False,Expired,True,2025-05-26,23
8018,8018,4,2025-05-23,2025-06-23,Monthly,True,Active,False,,14
8019,8019,3,2025-10-12,2025-11-12,Monthly,True,Active,False,,9
8020,8020,4,2024-11-06,2024-12-06,Monthly,False,Active,False,,20
8021,8021,5,2025-09-28,2026-09-28,Annual,True,Active,False,,10
8022,8022,5,2024-09-04,2025-09-04,Annual,True,Active,False,,22
8023,8023,5,2025-04-15,2026-04-15,Annual,True,Active,False,,15
8024,8024,6,2024-04-05,2025-04-05,Annual,True,Active,False,,27
8025,8025,2,2025-10-17,2025-11-17,Monthly,True,Active,False,,9
8026,8026,3,2024-02-15,2024-03-15,Monthly,True,Active,False,,29
8027,8027,2,2025-04-09,2025-05-09,Monthly,True,Active,False,,15
8028,8028,5,2024-07-23,2025-07-23,Annual,True,Active,False,,24
8029,8029,4,2024-12-14,2025-01-16,Monthly,False,Expired,True,2025-01-16,19
8030,8030,1,2024-08-29,2024-09-29,Monthly,True,Active,False,,23
8031,8031,2,2025-07-27,2025-08-27,Monthly,True,Active,False,,12
8032,8032,5,2025-11-07,2026-11-07,Annual,True,Active,False,,8
8033,8033,5,2025-03-23,2026-03-23,Annual,True,Active,False,,16
8034,8034,2,2024-01-29,2024-02-29,Monthly,True,Active,False,,30
8035,8035,5,2024-10-26,2025-10-26,Annual,True,Active,False,,21
8036,8036,5,2024-07-23,2025-07-23,Annual,True,Active,False,,24
8037,8037,4,2025-04-04,2025-05-04,Monthly,True,Active,False,,15
8038,8038,5,2024-04-08,2025-04-08,Annual,True,Active,False,,27
8039,8039,3,2025-01-07,2025-02-07,Monthly,True,Active,False,,18
8040,8040,3,2025-06-01,2025-07-01,Monthly,True,Active,False,,13
8041,8041,4,2025-05-27,2025-06-27,Monthly,True,Active,False,,14
8042,8042,5,2025-12-08,2026-12-08,Annual,True,Active,False,,7
8043,8043,6,2025-04-06,2026-04-06,Annual,True,Active,False,,15
8044,8044,6,2024-11-10,2025-11-10,Annual,True,Active,False,,20
8045,8045,2,2024-08-26,2024-09-26,Monthly,True,Active,False,,23
8046,8046,4,2024-07-26,2024-08-26,Monthly,True,Active,False,,24
8047,8047,3,2025-10-29,2026-01-26,Monthly,True,Cancelled,True,2026-01-26,9
8048,8048,4,2025-10-09,2025-11-09,Monthly,True,Active,False,,9
8049,8049,6,2024-04-12,2025-04-12,Annual,True,Active,False,,27
8050,8050,6,2024-07-07,2025-07-07,Annual,True,Active,False,,24
8051,8051,2,2024-04-18,2024-05-18,Monthly,False,Active,False,,27
8052,8052,2,2025-03-12,2025-04-12,Monthly,True,Active,False,,16
8053,8053,4,2024-12-21,2025-01-21,Monthly,False,Active,False,,19
8054,8054,3,2025-06-19,2025-07-19,Monthly,True,Active,False,,13
8055,8055,2,2024-03-03,2024-04-03,Monthly,True,Active,False,,28
8056,8056,3,2026-01-22,2026-02-22,Monthly,False,Active,False,,6
8057,8057,2,2024-10-22,2025-03-12,Monthly,False,Cancelled,True,2025-03-12,21
8058,8058,6,2025-05-12,2026-05-12,Annual,True,Active,False,,14
8059,8059,4,2024-04-16,2024-05-16,Monthly,False,Active,False,,27
8060,8060,5,2024-08-18,2025-08-18,Annual,True,Active,False,,23
8061,8061,3,2024-10-01,2024-11-01,Monthly,False,Active,False,,21
8062,8062,2,2024-05-19,2024-06-19,Monthly,True,Active,False,,26
8063,8063,3,2024-09-21,2024-10-21,Monthly,True,Active,False,,22
8064,8064,3,2024-08-29,2024-09-29,Monthly,True,Active,False,,23
8065,8065,2,2024-04-23,2024-05-23,Monthly,True,Active,False,,27
8066,8066,4,2025-10-01,2025-11-01,Monthly,True,Active,False,,9
8067,8067,2,2024-11-28,2024-12-28,Monthly,True,Active,False,,20
8068,8068,5,2025-10-09,2026-10-09,Annual,True,Active,False,,9
8069,8069,6,2025-06-23,2026-06-23,Annual,True,Active,False,,13
8070,8070,5,2024-03-21,2025-03-21,Annual,True,Active,False,,28
8071,8071,4,2024-09-25,2024-10-25,Monthly,True,Active,False,,22
8072,8072,5,2024-05-09,2025-05-09,Annual,True,Active,False,,26
8073,8073,1,2025-05-10,2025-06-10,Monthly,True,Active,False,,14
8074,8074,5,2024-05-17,2025-02-13,Annual,False,Expired,True,2025-02-13,26
8075,8075,4,2024-08-08,2024-09-08,Monthly,True,Active,False,,23
8076,8076,5,2024-08-28,2025-08-28,Annual,True,Active,False,,23
8077,8077,3,2024-09-07,2024-10-07,Monthly,True,Active,False,,22
8078,8078,3,2025-07-23,2025-08-23,Monthly,True,Active,False,,12
8079,8079,2,2025-07-26,2025-12-31,Monthly,False,Expired,True,2025-12-31,12
8080,8080,5,2024-07-04,2025-07-04,Annual,True,Active,False,,24
8081,8081,3,2025-12-12,2026-01-12,Monthly,True,Active,False,,7
8082,8082,2,2025-11-29,2025-12-29,Monthly,True,Active,False,,8
8083,8083,5,2024-06-13,2025-02-08,Annual,True,Cancelled,True,2025-02-08,25
8084,8084,4,2024-11-18,2024-12-18,Monthly,True,Active,False,,20
8085,8085,4,2024-07-16,2024-08-16,Monthly,True,Active,False,,24
8086,8086,3,2024-08-29,2024-09-29,Monthly,True,Active,False,,23
8087,8087,3,2025-04-14,2025-05-14,Monthly,True,Active,False,,15
8088,8088,2,2024-06-09,2024-07-09,Monthly,True,Active,False,,25
8089,8089,4,2024-06-09,2024-07-09,Monthly,True,Active,False,,25
8090,8090,1,2025-10-02,2025-11-02,Monthly,True,Active,False,,9
8091,8091,2,2025-01-04,2025-02-04,Monthly,True,Active,False,,18
8092,8092,5,2024-08-01,2025-08-01,Annual,True,Active,False,,23
8093,8093,6,2024-08-03,2025-08-03,Annual,True,Active,False,,23
8094,8094,5,2024-04-17,2025-04-17,Annual,False,Active,False,,27
8095,8095,2,2024-04-27,2024-05-27,Monthly,True,Active,False,,27
8096,8096,3,2025-12-30,2026-01-30,Monthly,True,Active,False,,7
8097,8097,5,2024-12-03,2025-12-03,Annual,True,Active,False,,19
8098,8098,5,2024-11-27,2025-11-27,Annual,True,Active,False,,20
8099,8099,2,2025-06-15,2025-07-15,Monthly,True,Active,False,,13
8100,8100,3,2024-06-05,2024-07-05,Monthly,True,Active,False,,25
8101,8101,1,2024-05-13,2024-06-13,Monthly,True,Active,False,,26
8102,8102,3,2025-03-04,2025-04-04,Monthly,True,Active,False,,16
8103,8103,6,2025-10-29,2026-10-29,Annual,True,Active,False,,9
8104,8104,4,2024-08-24,2024-09-27,Monthly,False,Cancelled,True,2024-09-27,23
8105,8105,2,2024-05-05,2024-06-05,Monthly,True,Active,False,,26
8106,8106,3,2026-01-07,2026-02-07,Monthly,True,Active,False,,6
8107,8107,3,2024-02-26,2024-03-26,Monthly,True,Active,False,,29
8108,8108,4,2024-06-03,2024-07-03,Monthly,True,Active,False,,25
8109,8109,4,2025-02-03,2025-03-03,Monthly,True,Active,False,,17
8110,8110,4,2025-09-01,2025-10-01,Monthly,True,Active,False,,10
8111,8111,2,2025-07-10,2025-08-10,Monthly,True,Active,False,,12
8112,8112,4,2024-03-21,2024-04-21,Monthly,True,Active,False,,28
8113,8113,3,2025-01-11,2025-02-11,Monthly,True,Active,False,,18
8114,8114,2,2025-06-25,2025-07-25,Monthly,True,Active,False,,13
8115,8115,3,2025-10-27,2025-11-27,Monthly,True,Active,False,,9
8116,8116,2,2024-12-27,2025-01-27,Monthly,True,Active,False,,19
8117,8117,3,2024-06-26,2024-07-26,Monthly,True,Active,False,,25
8118,8118,1,2025-06-14,2025-07-14,Monthly,True,Active,False,,13
8119,8119,3,2024-12-07,2025-01-07,Monthly,True,Active,False,,19
8120,8120,1,2025-01-07,2025-02-07,Monthly,True,Active,False,,18
8121,8121,4,2024-09-07,2024-10-07,Monthly,False,Active,False,,22
8122,8122,1,2024-07-02,2024-08-02,Monthly,True,Active,False,,24
8123,8123,2,2025-11-17,2025-12-17,Monthly,True,Active,False,,8
8124,8124,3,2025-07-06,2025-08-06,Monthly,True,Active,False,,12
8125,8125,3,2025-06-25,2025-11-06,Monthly,False,Cancelled,True,2025-11-06,13
8126,8126,3,2024-06-24,2024-07-24,Monthly,False,Active,False,,25
8127,8127,5,2025-10-24,2026-10-24,Annual,True,Active,False,,9
8128,8128,6,2025-02-25,2026-02-25,Annual,True,Active,False,,17
8129,8129,2,2026-01-03,2026-02-03,Monthly,True,Active,False,,6
8130,8130,2,2024-07-11,2024-08-11,Monthly,True,Active,False,,24
8131,8131,3,2025-08-27,2025-09-27,Monthly,True,Active,False,,11
8132,8132,2,2024-08-06,2024-09-06,Monthly,True,Active,False,,23
8133,8133,2,2024-12-14,2025-01-14,Monthly,True,Active,False,,19
8134,8134,5,2025-01-11,2025-11-15,Annual,False,Expired,True,2025-11-15,18
8135,8135,2,2024-07-14,2024-08-14,Monthly,True,Active,False,,24
8136,8136,2,2024-05-15,2024-06-15,Monthly,True,Active,False,,26
8137,8137,2,2025-08-14,2025-09-14,Monthly,True,Active,False,,11
8138,8138,4,2024-11-23,2024-12-23,Monthly,True,Active,False,,20
8139,8139,2,2024-10-25,2024-11-25,Monthly,True,Active,False,,21
8140,8140,5,2024-11-15,2025-11-15,Annual,True,Active,False,,20
8141,8141,3,2025-03-23,2025-04-23,Monthly,True,Active,False,,16
8142,8142,3,2025-06-07,2025-07-17,Monthly,True,Cancelled,True,2025-07-17,13
8143,8143,5,2025-07-14,2026-07-14,Annual,True,Active,False,,12
8144,8144,5,2024-06-02,2025-06-02,Annual,True,Active,False,,25
8145,8145,2,2024-03-31,2024-04-30,Monthly,True,Active,False,,28
8146,8146,3,2024-07-21,2024-08-21,Monthly,True,Active,False,,24
8147,8147,5,2025-04-21,2026-04-21,Annual,True,Active,False,,15
8148,8148,3,2025-04-23,2025-05-23,Monthly,False,Active,False,,15
8149,8149,5,2025-05-20,2026-05-20,Annual,True,Active,False,,14
8150,8150,5,2024-03-31,2025-03-31,Annual,True,Active,False,,28
8151,8151,6,2024-09-21,2025-09-21,Annual,True,Active,False,,22
8152,8152,3,2024-09-10,2024-10-10,Monthly,True,Active,False,,22
8153,8153,5,2025-09-11,2026-09-11,Annual,True,Active,False,,10
8154,8154,1,2025-03-26,2025-04-26,Monthly,True,Active,False,,16
8155,8155,5,2024-06-09,2025-06-09,Annual,True,Active,False,,25
8156,8156,2,2025-09-17,2025-10-17,Monthly,True,Active,False,,10
8157,8157,2,2025-03-03,2025-04-03,Monthly,True,Active,False,,16
8158,8158,1,2025-11-12,2025-12-12,Monthly,True,Active,False,,8
8159,8159,5,2025-11-08,2026-11-08,Annual,True,Active,False,,8
8160,8160,6,2025-06-02,2026-06-02,Annual,True,Active,False,,13
8161,8161,1,2024-10-31,2024-11-30,Monthly,True,Active,False,,21
8162,8162,5,2025-03-03,2026-03-03,Annual,True,Active,False,,16
8163,8163,5,2024-02-21,2025-02-21,Annual,True,Active,False,,29
8164,8164,4,2024-04-07,2024-05-07,Monthly,True,Active,False,,27
8165,8165,5,2024-07-11,2025-07-11,Annual,True,Active,False,,24
8166,8166,2,2025-11-09,2025-12-09,Monthly,True,Active,False,,8
8167,8167,2,2024-03-18,2024-04-18,Monthly,True,Active,False,,28
8168,8168,6,2024-06-07,2025-06-07,Annual,True,Active,False,,25
8169,8169,3,2026-01-01,2026-02-01,Monthly,True,Active,False,,6
8170,8170,5,2024-11-13,2025-11-13,Annual,True,Active,False,,20
8171,8171,5,2024-11-30,2025-11-30,Annual,True,Active,False,,20
8172,8172,5,2024-09-18,2025-09-18,Annual,True,Active,False,,22
8173,8173,5,2025-01-28,2026-01-28,Annual,True,Active,False,,18
8174,8174,4,2024-05-07,2024-06-07,Monthly,True,Active,False,,26
8175,8175,4,2024-05-14,2024-06-14,Monthly,True,Active,False,,26
8176,8176,2,2024-03-31,2024-04-30,Monthly,True,Active,False,,28
8177,8177,5,2024-10-23,2025-10-23,Annual,True,Active,False,,21
8178,8178,5,2025-02-25,2026-02-25,Annual,True,Active,False,,17
8179,8179,2,2025-11-19,2025-12-19,Monthly,True,Active,False,,8
8180,8180,2,2024-09-01,2025-02-23,Monthly,True,Cancelled,True,2025-02-23,22
8181,8181,1,2024-08-17,2025-02-07,Monthly,False,Expired,True,2025-02-07,23
8182,8182,2,2025-06-12,2025-08-24,Monthly,False,Cancelled,True,2025-08-24,13
8183,8183,3,2024-11-02,2024-12-02,Monthly,False,Active,False,,20
8184,8184,2,2024-10-28,2025-02-19,Monthly,False,Expired,True,2025-02-19,21
8185,8185,5,2025-02-28,2026-02-28,Annual,True,Active,False,,17
8186,8186,5,2025-12-09,2026-12-09,Annual,True,Active,False,,7
8187,8187,5,2024-07-30,2025-07-30,Annual,True,Active,False,,24
8188,8188,2,2026-01-11,2026-06-24,Monthly,False,Cancelled,True,2026-06-24,6
8189,8189,6,2025-08-11,2026-08-11,Annual,True,Active,False,,11
8190,8190,5,2025-11-27,2026-11-27,Annual,True,Active,False,,8
8191,8191,5,2024-05-09,2025-05-09,Annual,True,Active,False,,26
8192,8192,5,2025-06-14,2026-06-14,Annual,True,Active,False,,13
8193,8193,1,2025-09-12,2025-10-12,Monthly,True,Active,False,,10
8194,8194,2,2024-01-13,2024-02-13,Monthly,True,Active,False,,30
8195,8195,6,2025-08-13,2026-06-02,Annual,False,Expired,True,2026-06-02,11
8196,8196,5,2025-05-21,2026-05-21,Annual,True,Active,False,,14
8197,8197,1,2024-05-21,2024-06-21,Monthly,True,Active,False,,26
8198,8198,3,2024-05-11,2024-06-11,Monthly,True,Active,False,,26
8199,8199,4,2024-05-20,2024-06-20,Monthly,True,Active,False,,26
8200,8200,2,2024-12-10,2025-01-10,Monthly,True,Active,False,,19
8201,8201,2,2025-05-21,2025-06-21,Monthly,True,Active,False,,14
8202,8202,5,2025-09-20,2026-09-20,Annual,True,Active,False,,10
8203,8203,5,2025-12-13,2026-12-13,Annual,True,Active,False,,7
8204,8204,6,2025-10-08,2026-10-08,Annual,True,Active,False,,9
8205,8205,2,2025-02-08,2025-03-08,Monthly,True,Active,False,,17
8206,8206,4,2024-01-24,2024-02-24,Monthly,True,Active,False,,30
8207,8207,2,2025-08-25,2025-09-25,Monthly,True,Active,False,,11
8208,8208,2,2025-12-17,2026-01-17,Monthly,True,Active,False,,7
8209,8209,6,2024-04-16,2025-04-16,Annual,True,Active,False,,27
8210,8210,5,2024-03-07,2025-03-07,Annual,True,Active,False,,28
8211,8211,3,2025-09-20,2025-10-20,Monthly,True,Active,False,,10
8212,8212,5,2025-07-16,2026-07-16,Annual,True,Active,False,,12
8213,8213,3,2024-07-04,2024-08-04,Monthly,False,Active,False,,24
8214,8214,4,2024-11-22,2024-12-22,Monthly,False,Active,False,,20
8215,8215,4,2024-04-02,2024-05-02,Monthly,True,Active,False,,27
8216,8216,3,2024-07-05,2024-08-05,Monthly,True,Active,False,,24
8217,8217,6,2024-01-23,2025-01-23,Annual,True,Active,False,,30
8218,8218,4,2025-08-04,2025-09-04,Monthly,True,Active,False,,11
8219,8219,3,2024-03-27,2024-05-27,Monthly,True,Cancelled,True,2024-05-27,28
8220,8220,3,2024-11-06,2024-12-06,Monthly,True,Active,False,,20
8221,8221,4,2025-03-03,2025-04-16,Monthly,False,Cancelled,True,2025-04-16,16
8222,8222,6,2025-11-10,2026-11-10,Annual,True,Active,False,,8
8223,8223,4,2024-08-26,2024-09-26,Monthly,False,Active,False,,23
8224,8224,5,2025-05-04,2026-05-04,Annual,True,Active,False,,14
8225,8225,5,2025-12-17,2026-12-17,Annual,True,Active,False,,7
8226,8226,1,2025-10-02,2025-11-02,Monthly,True,Active,False,,9
8227,8227,3,2024-06-15,2024-07-15,Monthly,True,Active,False,,25
8228,8228,2,2025-10-30,2025-11-30,Monthly,True,Active,False,,9
8229,8229,5,2024-04-29,2025-04-29,Annual,True,Active,False,,27
8230,8230,3,2024-09-08,2024-10-08,Monthly,True,Active,False,,22
8231,8231,4,2025-04-01,2025-05-01,Monthly,True,Active,False,,15
8232,8232,5,2025-08-20,2026-08-20,Annual,True,Active,False,,11
8233,8233,2,2025-10-19,2025-11-19,Monthly,True,Active,False,,9
8234,8234,3,2025-09-05,2025-10-05,Monthly,True,Active,False,,10
8235,8235,3,2025-04-14,2025-05-14,Monthly,True,Active,False,,15
8236,8236,4,2025-10-21,2025-11-21,Monthly,True,Active,False,,9
8237,8237,6,2025-08-26,2026-08-26,Annual,True,Active,False,,11
8238,8238,5,2024-04-28,2025-04-28,Annual,True,Active,False,,27
8239,8239,4,2025-10-07,2025-11-07,Monthly,True,Active,False,,9
8240,8240,2,2024-11-02,2024-12-02,Monthly,True,Active,False,,20
8241,8241,5,2025-12-01,2026-12-01,Annual,True,Active,False,,7
8242,8242,3,2024-06-14,2024-07-14,Monthly,False,Active,False,,25
8243,8243,6,2024-06-14,2025-06-14,Annual,True,Active,False,,25
8244,8244,3,2025-08-24,2025-09-24,Monthly,True,Active,False,,11
8245,8245,6,2025-01-14,2026-01-14,Annual,True,Active,False,,18
8246,8246,2,2024-05-21,2024-06-21,Monthly,True,Active,False,,26
8247,8247,4,2024-06-18,2024-07-18,Monthly,True,Active,False,,25
8248,8248,5,2024-11-22,2025-11-22,Annual,True,Active,False,,20
8249,8249,3,2024-02-02,2024-03-02,Monthly,True,Active,False,,29
8250,8250,2,2025-12-10,2026-05-03,Monthly,True,Cancelled,True,2026-05-03,7
8251,8251,2,2024-12-28,2025-01-28,Monthly,True,Active,False,,19
8252,8252,5,2024-12-12,2025-12-12,Annual,True,Active,False,,19
8253,8253,5,2024-04-17,2025-03-06,Annual,True,Cancelled,True,2025-03-06,27
8254,8254,5,2025-10-21,2026-10-21,Annual,True,Active,False,,9
8255,8255,2,2024-05-23,2024-06-23,Monthly,False,Active,False,,26
8256,8256,3,2025-06-17,2025-07-17,Monthly,True,Active,False,,13
8257,8257,3,2026-01-02,2026-02-02,Monthly,True,Active,False,,6
8258,8258,3,2024-12-22,2025-01-22,Monthly,True,Active,False,,19
8259,8259,5,2024-04-02,2025-04-02,Annual,True,Active,False,,27
8260,8260,4,2025-07-06,2025-08-06,Monthly,False,Active,False,,12
8261,8261,2,2025-02-16,2025-06-08,Monthly,True,Cancelled,True,2025-06-08,17
8262,8262,6,2025-12-09,2026-12-09,Annual,True,Active,False,,7
8263,8263,1,2025-05-23,2025-06-23,Monthly,True,Active,False,,14
8264,8264,3,2024-07-16,2024-08-16,Monthly,True,Active,False,,24
8265,8265,2,2024-05-17,2024-06-17,Monthly,True,Active,False,,26
8266,8266,5,2025-06-24,2026-06-24,Annual,False,Active,False,,13
8267,8267,5,2024-08-14,2025-08-14,Annual,True,Active,False,,23
8268,8268,5,2024-04-14,2025-04-14,Annual,True,Active,False,,27
8269,8269,6,2025-04-25,2026-04-25,Annual,True,Active,False,,15
8270,8270,5,2024-11-29,2025-11-29,Annual,True,Active,False,,20
8271,8271,2,2025-01-17,2025-02-17,Monthly,True,Active,False,,18
8272,8272,6,2025-09-28,2026-09-28,Annual,True,Active,False,,10
8273,8273,2,2025-11-16,2025-12-16,Monthly,True,Active,False,,8
8274,8274,2,2025-02-16,2025-03-16,Monthly,True,Active,False,,17
8275,8275,5,2025-04-26,2026-04-26,Annual,True,Active,False,,15
8276,8276,3,2024-02-29,2024-03-29,Monthly,True,Active,False,,29
8277,8277,5,2024-05-01,2025-05-01,Annual,True,Active,False,,26
8278,8278,3,2025-07-07,2025-12-03,Monthly,False,Expired,True,2025-12-03,12
8279,8279,1,2024-09-25,2024-10-25,Monthly,True,Active,False,,22
8280,8280,5,2025-02-25,2026-02-25,Annual,True,Active,False,,17
8281,8281,5,2025-10-13,2026-10-13,Annual,True,Active,False,,9
8282,8282,2,2025-09-06,2025-10-06,Monthly,True,Active,False,,10
8283,8283,2,2025-01-03,2025-02-03,Monthly,True,Active,False,,18
8284,8284,3,2025-01-06,2025-02-06,Monthly,True,Active,False,,18
8285,8285,4,2025-02-19,2025-03-19,Monthly,True,Active,False,,17
8286,8286,2,2025-02-06,2025-03-06,Monthly,True,Active,False,,17
8287,8287,6,2024-09-29,2025-09-29,Annual,True,Active,False,,22
8288,8288,3,2024-02-29,2024-03-29,Monthly,True,Active,False,,29
8289,8289,5,2025-02-08,2026-02-08,Annual,True,Active,False,,17
8290,8290,1,2025-01-06,2025-02-06,Monthly,True,Active,False,,18
8291,8291,6,2024-06-29,2025-06-29,Annual,True,Active,False,,25
8292,8292,2,2025-10-01,2025-11-01,Monthly,True,Active,False,,9
8293,8293,4,2025-02-27,2025-03-27,Monthly,True,Active,False,,17
8294,8294,2,2024-04-02,2024-05-02,Monthly,True,Active,False,,27
8295,8295,5,2024-02-10,2024-12-21,Annual,False,Cancelled,True,2024-12-21,29
8296,8296,4,2024-07-08,2024-08-08,Monthly,True,Active,False,,24
8297,8297,5,2025-08-16,2026-08-16,Annual,True,Active,False,,11
8298,8298,5,2025-06-22,2026-06-22,Annual,True,Active,False,,13
8299,8299,2,2025-03-01,2025-04-01,Monthly,True,Active,False,,16
8300,8300,1,2024-08-04,2024-09-04,Monthly,True,Active,False,,23
8301,8301,4,2024-12-05,2025-01-05,Monthly,False,Active,False,,19
8302,8302,5,2024-08-01,2025-08-01,Annual,True,Active,False,,23
8303,8303,5,2024-03-14,2025-03-14,Annual,True,Active,False,,28
8304,8304,5,2024-05-24,2025-05-24,Annual,True,Active,False,,26
8305,8305,2,2025-09-27,2025-10-27,Monthly,True,Active,False,,10
8306,8306,5,2024-03-09,2025-03-09,Annual,True,Active,False,,28
8307,8307,2,2025-03-15,2025-04-15,Monthly,True,Active,False,,16
8308,8308,6,2025-09-30,2026-09-30,Annual,True,Active,False,,10
8309,8309,2,2024-02-04,2024-03-04,Monthly,True,Active,False,,29
8310,8310,3,2024-07-05,2024-08-05,Monthly,True,Active,False,,24
8311,8311,2,2024-04-05,2024-09-12,Monthly,True,Cancelled,True,2024-09-12,27
8312,8312,5,2025-07-25,2026-07-25,Annual,True,Active,False,,12
8313,8313,2,2025-09-27,2025-10-27,Monthly,True,Active,False,,10
8314,8314,2,2024-05-06,2024-06-06,Monthly,True,Active,False,,26
8315,8315,2,2025-01-16,2025-02-16,Monthly,True,Active,False,,18
8316,8316,4,2025-03-04,2025-04-04,Monthly,False,Active,False,,16
8317,8317,6,2024-09-03,2025-09-03,Annual,True,Active,False,,22
8318,8318,3,2025-12-23,2026-04-27,Monthly,True,Cancelled,True,2026-04-27,7
8319,8319,5,2024-05-04,2025-05-04,Annual,True,Active,False,,26
8320,8320,2,2024-05-02,2024-07-15,Monthly,False,Cancelled,True,2024-07-15,26
8321,8321,3,2025-05-24,2025-06-24,Monthly,True,Active,False,,14
8322,8322,2,2024-12-28,2025-01-28,Monthly,True,Active,False,,19
8323,8323,5,2024-07-01,2025-07-01,Annual,True,Active,False,,24
8324,8324,6,2025-03-08,2026-03-08,Annual,True,Active,False,,16
8325,8325,5,2025-03-01,2026-03-01,Annual,True,Active,False,,16
8326,8326,5,2025-12-04,2026-12-04,Annual,True,Active,False,,7
8327,8327,5,2025-07-09,2026-07-09,Annual,True,Active,False,,12
8328,8328,3,2024-11-08,2024-12-08,Monthly,True,Active,False,,20
8329,8329,2,2025-07-17,2025-08-17,Monthly,True,Active,False,,12
8330,8330,5,2025-02-16,2026-02-16,Annual,True,Active,False,,17
8331,8331,6,2024-09-24,2025-09-24,Annual,True,Active,False,,22
8332,8332,2,2024-04-23,2024-08-07,Monthly,False,Expired,True,2024-08-07,27
8333,8333,5,2025-10-03,2026-10-03,Annual,True,Active,False,,9
8334,8334,1,2024-12-23,2025-01-23,Monthly,True,Active,False,,19
8335,8335,2,2025-12-15,2026-01-15,Monthly,True,Active,False,,7
8336,8336,5,2024-07-02,2025-07-02,Annual,True,Active,False,,24
8337,8337,2,2025-03-04,2025-04-04,Monthly,True,Active,False,,16
8338,8338,2,2024-06-04,2024-07-04,Monthly,False,Active,False,,25
8339,8339,1,2024-10-30,2024-11-30,Monthly,True,Active,False,,21
8340,8340,5,2025-03-05,2026-03-05,Annual,True,Active,False,,16
8341,8341,6,2025-08-30,2026-08-30,Annual,True,Active,False,,11
8342,8342,2,2024-06-08,2024-07-08,Monthly,True,Active,False,,25
8343,8343,2,2024-01-16,2024-02-16,Monthly,False,Active,False,,30
8344,8344,3,2024-10-01,2024-11-01,Monthly,False,Active,False,,21
8345,8345,5,2024-07-11,2025-07-11,Annual,False,Active,False,,24
8346,8346,2,2025-03-05,2025-04-05,Monthly,True,Active,False,,16
8347,8347,2,2024-06-06,2024-07-06,Monthly,True,Active,False,,25
8348,8348,3,2024-05-24,2024-06-24,Monthly,True,Active,False,,26
8349,8349,1,2025-12-06,2026-01-06,Monthly,True,Active,False,,7
8350,8350,2,2025-01-29,2025-02-28,Monthly,True,Active,False,,18
8351,8351,5,2025-08-29,2026-08-29,Annual,True,Active,False,,11
8352,8352,3,2024-11-10,2024-12-10,Monthly,True,Active,False,,20
8353,8353,4,2024-02-28,2024-03-28,Monthly,True,Active,False,,29
8354,8354,3,2025-12-02,2026-01-02,Monthly,True,Active,False,,7
8355,8355,3,2025-04-09,2025-05-09,Monthly,False,Active,False,,15
8356,8356,2,2024-02-15,2024-03-15,Monthly,True,Active,False,,29
8357,8357,3,2024-03-12,2024-04-12,Monthly,True,Active,False,,28
8358,8358,2,2024-04-24,2024-10-17,Monthly,False,Expired,True,2024-10-17,27
8359,8359,2,2024-06-06,2024-07-06,Monthly,True,Active,False,,25
8360,8360,5,2025-11-14,2026-11-14,Annual,True,Active,False,,8
8361,8361,6,2026-01-11,2027-01-11,Annual,True,Active,False,,6
8362,8362,3,2024-07-16,2024-08-16,Monthly,True,Active,False,,24
8363,8363,3,2024-02-23,2024-03-23,Monthly,True,Active,False,,29
8364,8364,4,2024-11-16,2024-12-16,Monthly,True,Active,False,,20
8365,8365,6,2024-04-18,2025-04-18,Annual,True,Active,False,,27
8366,8366,2,2024-02-12,2024-03-12,Monthly,True,Active,False,,29
8367,8367,5,2025-03-01,2026-03-01,Annual,True,Active,False,,16
8368,8368,5,2024-08-21,2025-08-21,Annual,True,Active,False,,23
8369,8369,5,2025-06-16,2026-06-16,Annual,False,Active,False,,13
8370,8370,5,2024-07-16,2025-07-16,Annual,True,Active,False,,24
8371,8371,2,2025-01-25,2025-02-25,Monthly,True,Active,False,,18
8372,8372,5,2024-12-14,2025-12-14,Annual,True,Active,False,,19
8373,8373,5,2025-04-07,2026-04-07,Annual,True,Active,False,,15
8374,8374,3,2025-05-18,2025-06-18,Monthly,True,Active,False,,14
8375,8375,4,2025-08-26,2026-01-26,Monthly,False,Expired,True,2026-01-26,11
8376,8376,3,2026-01-14,2026-02-14,Monthly,True,Active,False,,6
8377,8377,3,2024-11-12,2024-12-12,Monthly,True,Active,False,,20
8378,8378,4,2025-05-27,2025-10-14,Monthly,True,Cancelled,True,2025-10-14,14
8379,8379,3,2025-02-11,2025-03-11,Monthly,True,Active,False,,17
8380,8380,3,2024-09-17,2024-10-17,Monthly,True,Active,False,,22
8381,8381,6,2025-12-06,2026-12-06,Annual,True,Active,False,,7
8382,8382,2,2024-08-13,2024-09-13,Monthly,False,Active,False,,23
8383,8383,3,2024-10-26,2024-11-26,Monthly,True,Active,False,,21
8384,8384,3,2024-12-06,2025-01-06,Monthly,True,Active,False,,19
8385,8385,6,2025-03-31,2026-03-31,Annual,True,Active,False,,16
8386,8386,4,2025-05-02,2025-06-02,Monthly,True,Active,False,,14
8387,8387,2,2024-11-30,2024-12-30,Monthly,False,Active,False,,20
8388,8388,5,2024-03-20,2025-03-20,Annual,True,Active,False,,28
8389,8389,5,2026-01-12,2027-01-12,Annual,True,Active,False,,6
8390,8390,1,2024-10-03,2024-11-03,Monthly,True,Active,False,,21
8391,8391,5,2024-07-30,2025-07-30,Annual,True,Active,False,,24
8392,8392,4,2025-04-19,2025-05-19,Monthly,True,Active,False,,15
8393,8393,4,2025-03-21,2025-04-21,Monthly,True,Active,False,,16
8394,8394,5,2025-10-02,2026-10-02,Annual,True,Active,False,,9
8395,8395,5,2025-02-26,2026-02-26,Annual,True,Active,False,,17
8396,8396,5,2025-03-20,2026-03-20,Annual,True,Active,False,,16
8397,8397,2,2024-07-27,2024-11-19,Monthly,False,Cancelled,True,2024-11-19,24
8398,8398,2,2026-01-01,2026-05-10,Monthly,False,Expired,True,2026-05-10,6
8399,8399,3,2025-10-09,2025-11-09,Monthly,True,Active,False,,9
8400,8400,3,2024-01-24,2024-02-24,Monthly,True,Active,False,,30
8401,8401,6,2024-12-01,2025-12-01,Annual,True,Active,False,,19
8402,8402,3,2025-07-29,2025-08-29,Monthly,False,Active,False,,12
8403,8403,6,2025-11-10,2026-11-10,Annual,True,Active,False,,8
8404,8404,4,2025-03-07,2025-04-07,Monthly,True,Active,False,,16
8405,8405,6,2024-12-20,2025-12-20,Annual,True,Active,False,,19
8406,8406,5,2024-10-26,2025-10-26,Annual,True,Active,False,,21
8407,8407,3,2024-05-18,2024-06-18,Monthly,True,Active,False,,26
8408,8408,3,2024-09-30,2024-10-30,Monthly,True,Active,False,,22
8409,8409,4,2025-05-19,2025-06-19,Monthly,True,Active,False,,14
8410,8410,5,2025-05-25,2026-05-25,Annual,True,Active,False,,14
8411,8411,4,2024-10-30,2024-11-30,Monthly,True,Active,False,,21
8412,8412,6,2024-01-12,2025-01-12,Annual,True,Active,False,,30
8413,8413,1,2025-11-09,2025-12-09,Monthly,True,Active,False,,8
8414,8414,3,2025-01-29,2025-02-28,Monthly,False,Active,False,,18
8415,8415,5,2024-05-26,2025-05-26,Annual,True,Active,False,,26
8416,8416,4,2024-05-03,2024-06-03,Monthly,True,Active,False,,26
8417,8417,5,2025-05-07,2026-05-07,Annual,False,Active,False,,14
8418,8418,4,2024-05-22,2024-06-22,Monthly,True,Active,False,,26
8419,8419,2,2024-06-18,2024-07-18,Monthly,True,Active,False,,25
8420,8420,2,2024-06-28,2024-07-28,Monthly,False,Active,False,,25
8421,8421,5,2024-07-19,2025-03-17,Annual,False,Expired,True,2025-03-17,24
8422,8422,4,2024-06-27,2024-07-27,Monthly,True,Active,False,,25
8423,8423,4,2024-12-23,2025-01-23,Monthly,True,Active,False,,19
8424,8424,5,2024-09-12,2025-09-12,Annual,True,Active,False,,22
8425,8425,2,2025-04-07,2025-05-07,Monthly,True,Active,False,,15
8426,8426,4,2024-09-10,2024-10-10,Monthly,False,Active,False,,22
8427,8427,3,2024-08-30,2024-09-30,Monthly,True,Active,False,,23
8428,8428,3,2026-01-17,2026-02-17,Monthly,True,Active,False,,6
8429,8429,2,2024-04-17,2024-05-17,Monthly,True,Active,False,,27
8430,8430,4,2025-03-19,2025-04-19,Monthly,True,Active,False,,16
8431,8431,3,2025-09-08,2025-10-08,Monthly,True,Active,False,,10
8432,8432,3,2024-04-16,2024-05-16,Monthly,True,Active,False,,27
8433,8433,5,2024-12-03,2025-12-03,Annual,True,Active,False,,19
8434,8434,6,2025-11-23,2026-11-23,Annual,True,Active,False,,8
8435,8435,6,2024-10-29,2025-10-29,Annual,True,Active,False,,21
8436,8436,5,2024-07-05,2025-07-05,Annual,True,Active,False,,24
8437,8437,3,2025-06-29,2025-07-29,Monthly,True,Active,False,,13
8438,8438,5,2025-12-29,2026-12-29,Annual,True,Active,False,,7
8439,8439,3,2024-09-25,2024-10-25,Monthly,True,Active,False,,22
8440,8440,5,2025-07-30,2026-07-30,Annual,True,Active,False,,12
8441,8441,5,2024-04-30,2025-04-30,Annual,True,Active,False,,27
8442,8442,5,2025-05-02,2026-05-02,Annual,True,Active,False,,14
8443,8443,2,2025-07-16,2025-08-16,Monthly,True,Active,False,,12
8444,8444,5,2024-04-16,2025-04-16,Annual,True,Active,False,,27
8445,8445,2,2024-06-23,2024-07-23,Monthly,False,Active,False,,25
8446,8446,5,2025-06-07,2026-05-20,Annual,True,Cancelled,True,2026-05-20,13
8447,8447,3,2024-05-07,2024-06-07,Monthly,True,Active,False,,26
8448,8448,6,2024-10-25,2025-10-25,Annual,True,Active,False,,21
8449,8449,2,2024-04-23,2024-05-23,Monthly,True,Active,False,,27
8450,8450,2,2024-01-19,2024-02-29,Monthly,False,Cancelled,True,2024-02-29,30
8451,8451,5,2025-03-24,2026-03-24,Annual,True,Active,False,,16
8452,8452,3,2025-09-23,2025-10-23,Monthly,True,Active,False,,10
8453,8453,6,2025-06-17,2026-06-17,Annual,True,Active,False,,13
8454,8454,2,2025-09-21,2026-02-23,Monthly,False,Cancelled,True,2026-02-23,10
8455,8455,5,2024-05-27,2025-03-02,Annual,False,Expired,True,2025-03-02,26
8456,8456,3,2025-01-14,2025-02-14,Monthly,False,Active,False,,18
8457,8457,2,2025-10-06,2025-11-06,Monthly,True,Active,False,,9
8458,8458,6,2025-02-18,2026-02-18,Annual,True,Active,False,,17
8459,8459,1,2024-05-13,2024-06-13,Monthly,False,Active,False,,26
8460,8460,6,2024-10-09,2025-10-09,Annual,True,Active,False,,21
8461,8461,1,2025-09-26,2025-12-17,Monthly,False,Expired,True,2025-12-17,10
8462,8462,2,2024-12-27,2025-01-27,Monthly,True,Active,False,,19
8463,8463,5,2025-01-24,2026-01-24,Annual,True,Active,False,,18
8464,8464,5,2025-07-02,2026-07-02,Annual,True,Active,False,,12
8465,8465,4,2025-09-20,2025-10-20,Monthly,True,Active,False,,10
8466,8466,2,2024-03-20,2024-09-10,Monthly,False,Expired,True,2024-09-10,28
8467,8467,4,2024-02-28,2024-03-28,Monthly,True,Active,False,,29
8468,8468,5,2025-04-20,2026-04-20,Annual,True,Active,False,,15
8469,8469,5,2024-06-29,2025-06-29,Annual,True,Active,False,,25
8470,8470,4,2025-09-15,2025-10-15,Monthly,True,Active,False,,10
8471,8471,6,2024-01-10,2025-01-10,Annual,True,Active,False,,30
8472,8472,3,2024-12-27,2025-01-27,Monthly,True,Active,False,,19
8473,8473,2,2024-07-18,2024-08-18,Monthly,True,Active,False,,24
8474,8474,5,2024-02-21,2025-02-21,Annual,True,Active,False,,29
8475,8475,2,2024-11-25,2024-12-25,Monthly,True,Active,False,,20
8476,8476,2,2024-10-21,2024-11-21,Monthly,True,Active,False,,21
8477,8477,5,2024-04-26,2025-04-26,Annual,True,Active,False,,27
8478,8478,6,2024-07-17,2025-07-17,Annual,False,Active,False,,24
8479,8479,2,2024-06-29,2024-07-29,Monthly,True,Active,False,,25
8480,8480,5,2025-07-08,2026-07-08,Annual,True,Active,False,,12
8481,8481,3,2024-06-10,2024-07-10,Monthly,True,Active,False,,25
8482,8482,2,2024-08-31,2024-09-30,Monthly,True,Active,False,,23
8483,8483,2,2024-11-10,2024-12-10,Monthly,True,Active,False,,20
8484,8484,5,2024-02-15,2025-02-15,Annual,True,Active,False,,29
8485,8485,1,2024-05-16,2024-06-16,Monthly,True,Active,False,,26
8486,8486,2,2024-04-21,2024-05-21,Monthly,True,Active,False,,27
8487,8487,5,2025-01-28,2026-01-28,Annual,True,Active,False,,18
8488,8488,6,2025-07-26,2026-07-26,Annual,True,Active,False,,12
8489,8489,5,2024-06-05,2025-06-05,Annual,True,Active,False,,25
8490,8490,3,2025-08-24,2025-09-24,Monthly,True,Active,False,,11
8491,8491,4,2024-10-31,2025-01-16,Monthly,True,Cancelled,True,2025-01-16,21
8492,8492,2,2025-10-25,2025-11-25,Monthly,True,Active,False,,9
8493,8493,3,2025-11-28,2025-12-28,Monthly,True,Active,False,,8
8494,8494,2,2025-02-09,2025-03-09,Monthly,True,Active,False,,17
8495,8495,2,2025-03-24,2025-04-24,Monthly,True,Active,False,,16
8496,8496,3,2025-07-30,2025-08-30,Monthly,True,Active,False,,12
8497,8497,3,2025-03-01,2025-04-01,Monthly,True,Active,False,,16
8498,8498,5,2024-02-09,2025-02-09,Annual,True,Active,False,,29
8499,8499,3,2024-04-19,2024-05-19,Monthly,True,Active,False,,27
8500,8500,5,2024-11-20,2025-11-20,Annual,True,Active,False,,20
8501,8501,5,2024-04-02,2025-04-02,Annual,True,Active,False,,27
8502,8502,2,2024-09-24,2024-10-24,Monthly,True,Active,False,,22
8503,8503,2,2025-09-15,2025-10-15,Monthly,True,Active,False,,10
8504,8504,5,2025-03-11,2026-03-11,Annual,True,Active,False,,16
8505,8505,2,2024-10-11,2024-12-09,Monthly,True,Cancelled,True,2024-12-09,21
8506,8506,1,2025-06-04,2025-07-04,Monthly,True,Active,False,,13
8507,8507,2,2024-03-01,2024-04-01,Monthly,True,Active,False,,28
8508,8508,5,2024-06-05,2025-06-05,Annual,True,Active,False,,25
8509,8509,6,2024-04-13,2025-04-13,Annual,True,Active,False,,27
8510,8510,5,2025-08-03,2026-08-03,Annual,True,Active,False,,11
8511,8511,2,2025-08-27,2025-09-27,Monthly,True,Active,False,,11
8512,8512,2,2025-03-07,2025-05-14,Monthly,True,Cancelled,True,2025-05-14,16
8513,8513,5,2024-10-07,2025-10-07,Annual,True,Active,False,,21
8514,8514,3,2024-05-22,2024-06-22,Monthly,True,Active,False,,26
8515,8515,5,2024-10-12,2025-10-12,Annual,True,Active,False,,21
8516,8516,5,2025-06-04,2026-06-04,Annual,True,Active,False,,13
8517,8517,2,2024-03-04,2024-04-04,Monthly,True,Active,False,,28
8518,8518,2,2024-11-04,2024-12-04,Monthly,True,Active,False,,20
8519,8519,5,2024-02-12,2024-09-30,Annual,False,Cancelled,True,2024-09-30,29
8520,8520,5,2025-09-21,2026-09-21,Annual,True,Active,False,,10
8521,8521,3,2025-01-10,2025-02-10,Monthly,True,Active,False,,18
8522,8522,2,2024-11-27,2024-12-27,Monthly,True,Active,False,,20
8523,8523,3,2025-11-18,2026-05-08,Monthly,True,Cancelled,True,2026-05-08,8
8524,8524,5,2025-06-30,2026-06-30,Annual,True,Active,False,,13
8525,8525,5,2024-12-12,2025-12-12,Annual,True,Active,False,,19
8526,8526,5,2025-07-06,2026-07-06,Annual,True,Active,False,,12
8527,8527,3,2025-06-08,2025-07-08,Monthly,True,Active,False,,13
8528,8528,2,2025-04-07,2025-05-07,Monthly,True,Active,False,,15
8529,8529,5,2024-10-21,2025-10-21,Annual,True,Active,False,,21
8530,8530,2,2025-03-06,2025-04-06,Monthly,True,Active,False,,16
8531,8531,1,2025-10-30,2025-11-30,Monthly,True,Active,False,,9
8532,8532,2,2025-07-10,2025-08-10,Monthly,True,Active,False,,12
8533,8533,4,2025-07-02,2025-08-02,Monthly,True,Active,False,,12
8534,8534,5,2025-12-16,2026-12-16,Annual,True,Active,False,,7
8535,8535,6,2025-09-11,2026-09-11,Annual,True,Active,False,,10
8536,8536,6,2024-01-23,2025-01-23,Annual,True,Active,False,,30
8537,8537,4,2025-10-21,2025-11-21,Monthly,True,Active,False,,9
8538,8538,3,2025-04-17,2025-05-17,Monthly,True,Active,False,,15
8539,8539,5,2025-02-10,2026-02-10,Annual,False,Active,False,,17
8540,8540,3,2024-04-17,2024-05-17,Monthly,True,Active,False,,27
8541,8541,2,2025-06-03,2025-10-21,Monthly,False,Expired,True,2025-10-21,13
8542,8542,4,2024-10-11,2024-11-11,Monthly,True,Active,False,,21
8543,8543,2,2024-11-08,2024-12-08,Monthly,True,Active,False,,20
8544,8544,4,2024-07-31,2024-08-31,Monthly,True,Active,False,,24
8545,8545,5,2024-06-01,2025-06-01,Annual,True,Active,False,,25
8546,8546,5,2024-10-25,2025-10-25,Annual,True,Active,False,,21
8547,8547,4,2024-10-15,2025-01-16,Monthly,False,Cancelled,True,2025-01-16,21
8548,8548,6,2024-05-30,2025-05-30,Annual,True,Active,False,,26
8549,8549,4,2026-01-21,2026-02-21,Monthly,True,Active,False,,6
8550,8550,2,2025-05-22,2025-06-22,Monthly,True,Active,False,,14
8551,8551,5,2025-10-22,2026-10-22,Annual,True,Active,False,,9
8552,8552,5,2025-05-27,2026-05-27,Annual,True,Active,False,,14
8553,8553,3,2024-04-09,2024-05-09,Monthly,True,Active,False,,27
8554,8554,4,2025-09-13,2025-10-13,Monthly,True,Active,False,,10
8555,8555,3,2024-06-23,2024-07-23,Monthly,True,Active,False,,25
8556,8556,2,2025-04-29,2025-05-29,Monthly,True,Active,False,,15
8557,8557,4,2025-01-01,2025-02-01,Monthly,True,Active,False,,18
8558,8558,2,2025-11-11,2025-12-11,Monthly,True,Active,False,,8
8559,8559,1,2025-11-22,2025-12-23,Monthly,False,Cancelled,True,2025-12-23,8
8560,8560,5,2025-12-30,2026-07-06,Annual,True,Cancelled,True,2026-07-06,7
8561,8561,2,2024-02-16,2024-03-16,Monthly,True,Active,False,,29
8562,8562,4,2025-10-24,2025-11-24,Monthly,True,Active,False,,9
8563,8563,2,2024-10-04,2024-11-04,Monthly,True,Active,False,,21
8564,8564,3,2025-03-05,2025-04-05,Monthly,False,Active,False,,16
8565,8565,2,2024-12-16,2025-01-16,Monthly,False,Active,False,,19
8566,8566,6,2024-02-15,2025-02-15,Annual,True,Active,False,,29
8567,8567,5,2025-10-15,2026-10-15,Annual,True,Active,False,,9
8568,8568,3,2024-12-20,2025-03-21,Monthly,False,Cancelled,True,2025-03-21,19
8569,8569,3,2025-06-13,2025-07-13,Monthly,False,Active,False,,13
8570,8570,4,2024-01-13,2024-02-13,Monthly,True,Active,False,,30
8571,8571,2,2025-09-27,2026-02-28,Monthly,False,Cancelled,True,2026-02-28,10
8572,8572,6,2024-02-22,2025-02-22,Annual,True,Active,False,,29
8573,8573,3,2025-11-02,2025-12-02,Monthly,True,Active,False,,8
8574,8574,5,2024-04-29,2025-04-29,Annual,True,Active,False,,27
8575,8575,3,2024-07-29,2024-08-29,Monthly,True,Active,False,,24
8576,8576,6,2024-09-29,2025-09-29,Annual,True,Active,False,,22
8577,8577,2,2025-11-03,2025-12-03,Monthly,True,Active,False,,8
8578,8578,5,2026-01-05,2027-01-05,Annual,True,Active,False,,6
8579,8579,5,2025-06-16,2026-06-16,Annual,True,Active,False,,13
8580,8580,5,2024-05-19,2025-05-19,Annual,True,Active,False,,26
8581,8581,5,2024-04-13,2025-04-13,Annual,True,Active,False,,27
8582,8582,5,2024-04-18,2025-04-18,Annual,True,Active,False,,27
8583,8583,6,2024-04-10,2025-04-10,Annual,True,Active,False,,27
8584,8584,5,2024-07-06,2025-07-06,Annual,True,Active,False,,24
8585,8585,6,2025-02-25,2026-02-25,Annual,True,Active,False,,17
8586,8586,4,2025-12-26,2026-01-26,Monthly,True,Active,False,,7
8587,8587,5,2024-03-05,2025-03-05,Annual,True,Active,False,,28
8588,8588,1,2025-07-31,2025-08-31,Monthly,True,Active,False,,12
8589,8589,4,2025-11-02,2025-12-02,Monthly,True,Active,False,,8
8590,8590,1,2024-07-17,2024-08-17,Monthly,True,Active,False,,24
8591,8591,4,2025-01-22,2025-02-22,Monthly,True,Active,False,,18
8592,8592,5,2025-06-20,2026-06-20,Annual,True,Active,False,,13
8593,8593,2,2024-06-14,2024-07-14,Monthly,True,Active,False,,25
8594,8594,1,2024-01-28,2024-02-28,Monthly,True,Active,False,,30
8595,8595,5,2024-02-28,2024-10-22,Annual,True,Cancelled,True,2024-10-22,29
8596,8596,3,2025-12-21,2026-01-21,Monthly,True,Active,False,,7
8597,8597,4,2024-08-30,2024-09-30,Monthly,True,Active,False,,23
8598,8598,2,2025-05-11,2025-06-11,Monthly,True,Active,False,,14
8599,8599,3,2025-04-06,2025-05-06,Monthly,True,Active,False,,15
8600,8600,3,2025-01-29,2025-02-28,Monthly,True,Active,False,,18
8601,8601,2,2025-08-13,2025-09-13,Monthly,True,Active,False,,11
8602,8602,2,2024-03-18,2024-04-18,Monthly,True,Active,False,,28
8603,8603,1,2025-01-06,2025-02-06,Monthly,True,Active,False,,18
8604,8604,4,2025-11-08,2025-12-08,Monthly,True,Active,False,,8
8605,8605,1,2024-11-17,2025-04-24,Monthly,False,Cancelled,True,2025-04-24,20
8606,8606,2,2024-02-21,2024-03-21,Monthly,True,Active,False,,29
8607,8607,5,2024-07-09,2025-07-09,Annual,True,Active,False,,24
8608,8608,3,2024-10-07,2024-11-07,Monthly,True,Active,False,,21
8609,8609,3,2024-06-27,2024-07-27,Monthly,True,Active,False,,25
8610,8610,2,2024-08-04,2024-09-04,Monthly,True,Active,False,,23
8611,8611,2,2025-04-18,2025-05-18,Monthly,True,Active,False,,15
8612,8612,5,2025-06-07,2026-06-07,Annual,True,Active,False,,13
8613,8613,5,2025-02-28,2026-02-28,Annual,True,Active,False,,17
8614,8614,3,2025-11-08,2025-12-08,Monthly,True,Active,False,,8
8615,8615,5,2024-12-16,2025-12-16,Annual,True,Active,False,,19
8616,8616,5,2025-09-19,2026-09-19,Annual,True,Active,False,,10
8617,8617,5,2025-11-16,2026-11-16,Annual,True,Active,False,,8
8618,8618,4,2025-12-22,2026-01-22,Monthly,True,Active,False,,7
8619,8619,2,2025-06-27,2025-07-27,Monthly,True,Active,False,,13
8620,8620,4,2025-03-04,2025-04-04,Monthly,True,Active,False,,16
8621,8621,1,2024-06-17,2024-07-17,Monthly,True,Active,False,,25
8622,8622,2,2024-08-26,2024-09-26,Monthly,True,Active,False,,23
8623,8623,2,2024-09-05,2024-10-05,Monthly,True,Active,False,,22
8624,8624,2,2025-07-19,2025-08-19,Monthly,True,Active,False,,12
8625,8625,2,2024-06-22,2024-12-04,Monthly,False,Expired,True,2024-12-04,25
8626,8626,5,2024-03-16,2025-03-16,Annual,True,Active,False,,28
8627,8627,2,2024-02-12,2024-03-12,Monthly,True,Active,False,,29
8628,8628,1,2024-05-27,2024-10-30,Monthly,False,Cancelled,True,2024-10-30,26
8629,8629,5,2024-11-30,2025-11-30,Annual,True,Active,False,,20
8630,8630,5,2024-06-24,2025-06-24,Annual,True,Active,False,,25
8631,8631,1,2024-06-03,2024-07-03,Monthly,True,Active,False,,25
8632,8632,5,2025-12-20,2026-12-20,Annual,True,Active,False,,7
8633,8633,5,2025-02-25,2026-02-25,Annual,True,Active,False,,17
8634,8634,5,2024-07-24,2025-07-24,Annual,True,Active,False,,24
8635,8635,5,2025-07-05,2026-07-05,Annual,True,Active,False,,12
8636,8636,5,2024-04-18,2025-04-18,Annual,True,Active,False,,27
8637,8637,5,2025-10-08,2026-10-08,Annual,True,Active,False,,9
8638,8638,4,2025-12-13,2026-01-13,Monthly,True,Active,False,,7
8639,8639,6,2025-12-05,2026-12-05,Annual,True,Active,False,,7
8640,8640,5,2025-10-27,2026-10-27,Annual,True,Active,False,,9
8641,8641,4,2025-10-05,2025-11-05,Monthly,True,Active,False,,9
8642,8642,3,2025-10-22,2025-11-22,Monthly,True,Active,False,,9
8643,8643,4,2024-03-25,2024-04-25,Monthly,True,Active,False,,28
8644,8644,5,2025-10-30,2026-10-30,Annual,True,Active,False,,9
8645,8645,2,2024-02-01,2024-03-01,Monthly,True,Active,False,,29
8646,8646,2,2024-07-22,2024-10-25,Monthly,False,Cancelled,True,2024-10-25,24
8647,8647,6,2025-06-14,2026-06-14,Annual,True,Active,False,,13
8648,8648,3,2025-09-10,2025-10-10,Monthly,False,Active,False,,10
8649,8649,2,2024-06-11,2024-07-11,Monthly,True,Active,False,,25
8650,8650,5,2025-07-07,2026-07-07,Annual,True,Active,False,,12
8651,8651,5,2024-08-08,2025-08-08,Annual,True,Active,False,,23
8652,8652,2,2024-08-11,2024-09-11,Monthly,True,Active,False,,23
8653,8653,2,2024-03-04,2024-04-04,Monthly,True,Active,False,,28
8654,8654,4,2024-09-22,2025-02-02,Monthly,False,Expired,True,2025-02-02,22
8655,8655,5,2025-05-06,2026-05-06,Annual,True,Active,False,,14
8656,8656,4,2025-11-23,2025-12-23,Monthly,True,Active,False,,8
8657,8657,5,2025-09-12,2026-09-12,Annual,True,Active,False,,10
8658,8658,4,2025-07-28,2025-08-28,Monthly,False,Active,False,,12
8659,8659,5,2024-05-27,2025-05-27,Annual,False,Active,False,,26
8660,8660,4,2024-07-06,2024-08-06,Monthly,True,Active,False,,24
8661,8661,3,2025-08-06,2025-09-06,Monthly,True,Active,False,,11
8662,8662,2,2025-02-16,2025-03-16,Monthly,False,Active,False,,17
8663,8663,5,2025-12-31,2026-12-31,Annual,True,Active,False,,7
8664,8664,5,2025-05-06,2026-05-06,Annual,True,Active,False,,14
8665,8665,3,2026-01-11,2026-02-11,Monthly,True,Active,False,,6
8666,8666,5,2025-04-15,2026-04-15,Annual,True,Active,False,,15
8667,8667,2,2024-09-30,2024-10-30,Monthly,True,Active,False,,22
8668,8668,3,2024-10-07,2024-11-07,Monthly,True,Active,False,,21
8669,8669,5,2025-05-01,2026-05-01,Annual,True,Active,False,,14
8670,8670,2,2025-11-07,2025-12-07,Monthly,True,Active,False,,8
8671,8671,2,2024-11-09,2024-12-09,Monthly,True,Active,False,,20
8672,8672,5,2025-06-18,2026-06-18,Annual,True,Active,False,,13
8673,8673,2,2024-12-14,2025-01-14,Monthly,False,Active,False,,19
8674,8674,2,2024-09-12,2024-10-12,Monthly,True,Active,False,,22
8675,8675,2,2024-08-10,2024-09-10,Monthly,True,Active,False,,23
8676,8676,5,2025-02-17,2026-02-17,Annual,True,Active,False,,17
8677,8677,5,2024-06-01,2025-06-01,Annual,True,Active,False,,25
8678,8678,2,2024-09-30,2024-10-30,Monthly,True,Active,False,,22
8679,8679,4,2024-02-03,2024-03-03,Monthly,True,Active,False,,29
8680,8680,5,2025-04-14,2026-04-14,Annual,True,Active,False,,15
8681,8681,4,2025-04-05,2025-05-05,Monthly,True,Active,False,,15
8682,8682,2,2025-12-05,2026-02-27,Monthly,True,Cancelled,True,2026-02-27,7
8683,8683,3,2024-03-22,2024-04-22,Monthly,True,Active,False,,28
8684,8684,2,2024-03-27,2024-04-27,Monthly,True,Active,False,,28
8685,8685,5,2024-12-27,2025-12-27,Annual,True,Active,False,,19
8686,8686,6,2025-10-22,2026-10-22,Annual,True,Active,False,,9
8687,8687,3,2025-03-08,2025-04-08,Monthly,True,Active,False,,16
8688,8688,5,2024-02-28,2025-02-28,Annual,True,Active,False,,29
8689,8689,3,2024-03-12,2024-04-12,Monthly,True,Active,False,,28
8690,8690,3,2025-06-14,2025-07-14,Monthly,True,Active,False,,13
8691,8691,6,2024-12-16,2025-08-11,Annual,False,Cancelled,True,2025-08-11,19
8692,8692,4,2024-10-10,2024-11-10,Monthly,True,Active,False,,21
8693,8693,5,2026-01-08,2027-01-08,Annual,True,Active,False,,6
8694,8694,1,2024-07-15,2024-08-15,Monthly,True,Active,False,,24
8695,8695,2,2025-11-27,2026-05-16,Monthly,True,Cancelled,True,2026-05-16,8
8696,8696,3,2024-07-05,2024-08-05,Monthly,True,Active,False,,24
8697,8697,6,2025-11-01,2026-11-01,Annual,True,Active,False,,8
8698,8698,5,2025-10-16,2026-10-16,Annual,True,Active,False,,9
8699,8699,6,2024-04-19,2025-04-19,Annual,True,Active,False,,27
8700,8700,3,2025-12-03,2026-01-03,Monthly,True,Active,False,,7
8701,8701,5,2025-10-13,2026-10-13,Annual,True,Active,False,,9
8702,8702,2,2025-07-23,2025-08-23,Monthly,True,Active,False,,12
8703,8703,6,2024-01-25,2025-01-25,Annual,True,Active,False,,30
8704,8704,2,2025-07-10,2025-08-10,Monthly,True,Active,False,,12
8705,8705,4,2024-03-08,2024-04-08,Monthly,True,Active,False,,28
8706,8706,3,2024-01-29,2024-02-29,Monthly,True,Active,False,,30
8707,8707,5,2025-12-23,2026-12-23,Annual,True,Active,False,,7
8708,8708,4,2025-06-16,2025-07-16,Monthly,True,Active,False,,13
8709,8709,4,2025-12-22,2026-01-22,Monthly,True,Active,False,,7
8710,8710,5,2025-04-18,2026-04-18,Annual,True,Active,False,,15
8711,8711,3,2024-08-19,2025-02-09,Monthly,False,Cancelled,True,2025-02-09,23
8712,8712,2,2024-09-03,2024-10-03,Monthly,True,Active,False,,22
8713,8713,6,2025-11-19,2026-11-19,Annual,True,Active,False,,8
8714,8714,4,2024-05-04,2024-06-04,Monthly,True,Active,False,,26
8715,8715,3,2025-07-03,2025-08-03,Monthly,True,Active,False,,12
8716,8716,2,2025-02-05,2025-03-05,Monthly,True,Active,False,,17
8717,8717,2,2024-11-14,2024-12-14,Monthly,True,Active,False,,20
8718,8718,2,2025-08-25,2025-09-25,Monthly,True,Active,False,,11
8719,8719,4,2024-04-24,2024-05-24,Monthly,True,Active,False,,27
8720,8720,3,2025-10-02,2026-03-25,Monthly,True,Cancelled,True,2026-03-25,9
8721,8721,5,2025-02-04,2026-02-04,Annual,True,Active,False,,17
8722,8722,3,2024-11-24,2024-12-24,Monthly,True,Active,False,,20
8723,8723,5,2024-08-09,2025-08-09,Annual,True,Active,False,,23
8724,8724,5,2024-06-23,2025-06-23,Annual,True,Active,False,,25
8725,8725,3,2025-11-10,2026-01-21,Monthly,False,Expired,True,2026-01-21,8
8726,8726,2,2024-07-26,2024-08-26,Monthly,False,Active,False,,24
8727,8727,5,2024-09-18,2025-09-18,Annual,True,Active,False,,22
8728,8728,6,2024-04-27,2025-04-27,Annual,True,Active,False,,27
8729,8729,3,2024-07-10,2024-11-14,Monthly,False,Expired,True,2024-11-14,24
8730,8730,5,2025-11-15,2026-11-15,Annual,True,Active,False,,8
8731,8731,2,2025-04-13,2025-05-13,Monthly,True,Active,False,,15
8732,8732,5,2025-01-20,2026-01-20,Annual,True,Active,False,,18
8733,8733,3,2024-11-21,2024-12-21,Monthly,True,Active,False,,20
8734,8734,3,2026-01-08,2026-02-08,Monthly,True,Active,False,,6
8735,8735,2,2025-09-08,2025-10-08,Monthly,True,Active,False,,10
8736,8736,3,2025-11-20,2025-12-20,Monthly,True,Active,False,,8
8737,8737,6,2024-01-27,2025-01-27,Annual,True,Active,False,,30
8738,8738,2,2025-02-15,2025-03-15,Monthly,True,Active,False,,17
8739,8739,2,2024-02-05,2024-03-05,Monthly,True,Active,False,,29
8740,8740,4,2025-08-17,2025-09-17,Monthly,False,Active,False,,11
8741,8741,2,2025-09-09,2025-10-09,Monthly,True,Active,False,,10
8742,8742,4,2025-10-12,2025-11-12,Monthly,True,Active,False,,9
8743,8743,5,2024-04-15,2025-04-15,Annual,True,Active,False,,27
8744,8744,5,2025-10-22,2026-10-22,Annual,True,Active,False,,9
8745,8745,2,2025-12-25,2026-01-25,Monthly,True,Active,False,,7
8746,8746,3,2025-10-14,2025-11-14,Monthly,True,Active,False,,9
8747,8747,2,2025-11-23,2026-03-08,Monthly,False,Cancelled,True,2026-03-08,8
8748,8748,5,2025-01-29,2026-01-29,Annual,True,Active,False,,18
8749,8749,6,2024-04-11,2025-04-11,Annual,True,Active,False,,27
8750,8750,4,2025-08-11,2025-09-11,Monthly,True,Active,False,,11
8751,8751,2,2024-06-24,2024-11-14,Monthly,False,Cancelled,True,2024-11-14,25
8752,8752,5,2024-03-19,2025-03-19,Annual,True,Active,False,,28
8753,8753,2,2024-03-05,2024-04-05,Monthly,True,Active,False,,28
8754,8754,5,2025-06-04,2026-06-04,Annual,True,Active,False,,13
8755,8755,5,2024-12-23,2025-12-23,Annual,True,Active,False,,19
8756,8756,2,2025-01-17,2025-02-17,Monthly,True,Active,False,,18
8757,8757,6,2024-11-27,2025-11-27,Annual,True,Active,False,,20
8758,8758,5,2025-11-14,2026-07-30,Annual,True,Cancelled,True,2026-07-30,8
8759,8759,2,2024-04-22,2024-05-22,Monthly,True,Active,False,,27
8760,8760,5,2024-09-08,2025-09-08,Annual,True,Active,False,,22
8761,8761,3,2024-06-17,2024-07-17,Monthly,True,Active,False,,25
8762,8762,2,2024-01-31,2024-02-29,Monthly,True,Active,False,,30
8763,8763,3,2024-12-13,2025-01-13,Monthly,True,Active,False,,19
8764,8764,2,2025-09-05,2025-12-14,Monthly,True,Cancelled,True,2025-12-14,10
8765,8765,2,2024-09-26,2025-03-17,Monthly,True,Cancelled,True,2025-03-17,22
8766,8766,5,2024-11-08,2025-11-08,Annual,True,Active,False,,20
8767,8767,1,2024-07-16,2024-08-16,Monthly,True,Active,False,,24
8768,8768,4,2025-07-02,2025-08-02,Monthly,True,Active,False,,12
8769,8769,6,2024-09-22,2025-09-22,Annual,True,Active,False,,22
8770,8770,2,2025-08-16,2025-09-16,Monthly,True,Active,False,,11
8771,8771,6,2025-12-02,2026-07-30,Annual,True,Cancelled,True,2026-07-30,7
8772,8772,5,2025-10-12,2026-10-12,Annual,True,Active,False,,9
8773,8773,2,2025-03-30,2025-04-30,Monthly,True,Active,False,,16
8774,8774,2,2024-09-27,2024-11-04,Monthly,True,Cancelled,True,2024-11-04,22
8775,8775,1,2025-01-06,2025-02-06,Monthly,True,Active,False,,18
8776,8776,5,2025-07-16,2026-07-16,Annual,True,Active,False,,12
8777,8777,1,2025-05-07,2025-06-07,Monthly,False,Active,False,,14
8778,8778,5,2025-04-21,2026-04-21,Annual,True,Active,False,,15
8779,8779,2,2024-09-16,2024-10-16,Monthly,True,Active,False,,22
8780,8780,5,2025-08-31,2026-08-31,Annual,True,Active,False,,11
8781,8781,5,2024-04-14,2025-04-14,Annual,True,Active,False,,27
8782,8782,4,2025-08-31,2025-09-30,Monthly,True,Active,False,,11
8783,8783,5,2026-01-11,2027-01-11,Annual,True,Active,False,,6
8784,8784,5,2025-09-01,2026-09-01,Annual,True,Active,False,,10
8785,8785,2,2025-09-30,2025-10-30,Monthly,True,Active,False,,10
8786,8786,5,2024-06-01,2025-06-01,Annual,True,Active,False,,25
8787,8787,2,2024-06-20,2024-07-20,Monthly,True,Active,False,,25
8788,8788,2,2024-04-07,2024-05-07,Monthly,True,Active,False,,27
8789,8789,3,2024-08-22,2025-02-10,Monthly,True,Cancelled,True,2025-02-10,23
8790,8790,5,2026-01-17,2027-01-17,Annual,True,Active,False,,6
8791,8791,4,2024-05-16,2024-06-16,Monthly,True,Active,False,,26
8792,8792,5,2025-01-26,2026-01-26,Annual,True,Active,False,,18
8793,8793,4,2024-09-26,2024-10-26,Monthly,True,Active,False,,22
8794,8794,5,2024-03-26,2025-03-26,Annual,True,Active,False,,28
8795,8795,2,2025-05-21,2025-07-11,Monthly,True,Cancelled,True,2025-07-11,14
8796,8796,2,2024-09-24,2024-10-24,Monthly,False,Active,False,,22
8797,8797,2,2024-09-16,2024-10-16,Monthly,True,Active,False,,22
8798,8798,4,2025-04-23,2025-05-23,Monthly,True,Active,False,,15
8799,8799,2,2024-11-02,2024-12-02,Monthly,True,Active,False,,20
8800,8800,1,2025-07-01,2025-08-01,Monthly,True,Active,False,,12
8801,8801,2,2025-10-13,2025-11-13,Monthly,True,Active,False,,9
8802,8802,2,2025-10-05,2025-11-05,Monthly,True,Active,False,,9
8803,8803,2,2025-03-07,2025-04-07,Monthly,True,Active,False,,16
8804,8804,5,2024-03-25,2025-03-25,Annual,True,Active,False,,28
8805,8805,5,2026-01-05,2027-01-05,Annual,True,Active,False,,6
8806,8806,3,2025-07-25,2025-08-25,Monthly,True,Active,False,,12
8807,8807,5,2025-05-23,2026-05-23,Annual,True,Active,False,,14
8808,8808,5,2024-07-03,2025-07-03,Annual,True,Active,False,,24
8809,8809,5,2025-02-15,2026-02-15,Annual,True,Active,False,,17
8810,8810,2,2025-12-30,2026-06-16,Monthly,False,Expired,True,2026-06-16,7
8811,8811,2,2024-11-07,2024-12-07,Monthly,True,Active,False,,20
8812,8812,3,2025-07-17,2025-11-05,Monthly,False,Expired,True,2025-11-05,12
8813,8813,3,2025-05-17,2025-06-17,Monthly,True,Active,False,,14
8814,8814,3,2025-08-14,2025-09-14,Monthly,True,Active,False,,11
8815,8815,3,2024-04-19,2024-09-19,Monthly,False,Cancelled,True,2024-09-19,27
8816,8816,1,2025-09-21,2025-10-21,Monthly,True,Active,False,,10
8817,8817,3,2025-07-03,2025-08-03,Monthly,True,Active,False,,12
8818,8818,5,2026-01-24,2027-01-24,Annual,False,Active,False,,6
8819,8819,2,2024-12-21,2025-01-21,Monthly,True,Active,False,,19
8820,8820,5,2024-05-20,2025-05-20,Annual,True,Active,False,,26
8821,8821,5,2024-08-06,2025-08-06,Annual,True,Active,False,,23
8822,8822,3,2026-01-16,2026-02-16,Monthly,True,Active,False,,6
8823,8823,4,2025-04-26,2025-05-26,Monthly,True,Active,False,,15
8824,8824,4,2024-11-27,2024-12-27,Monthly,True,Active,False,,20
8825,8825,6,2025-05-02,2026-05-02,Annual,True,Active,False,,14
8826,8826,4,2024-08-31,2024-09-30,Monthly,True,Active,False,,23
8827,8827,5,2025-05-31,2026-05-31,Annual,True,Active,False,,14
8828,8828,3,2024-01-11,2024-02-11,Monthly,True,Active,False,,30
8829,8829,3,2024-06-20,2024-07-20,Monthly,False,Active,False,,25
8830,8830,3,2024-03-30,2024-04-30,Monthly,True,Active,False,,28
8831,8831,5,2024-03-23,2025-03-23,Annual,True,Active,False,,28
8832,8832,3,2024-06-26,2024-07-26,Monthly,True,Active,False,,25
8833,8833,2,2024-01-26,2024-02-26,Monthly,True,Active,False,,30
8834,8834,4,2024-03-02,2024-04-02,Monthly,True,Active,False,,28
8835,8835,3,2024-11-05,2024-12-05,Monthly,True,Active,False,,20
8836,8836,5,2024-08-07,2025-08-07,Annual,True,Active,False,,23
8837,8837,5,2025-05-09,2026-05-09,Annual,True,Active,False,,14
8838,8838,5,2025-09-27,2026-09-27,Annual,True,Active,False,,10
8839,8839,2,2025-03-14,2025-04-14,Monthly,True,Active,False,,16
8840,8840,5,2025-01-28,2026-01-28,Annual,True,Active,False,,18
8841,8841,5,2024-05-17,2025-05-17,Annual,True,Active,False,,26
8842,8842,5,2025-02-19,2026-02-19,Annual,True,Active,False,,17
8843,8843,6,2024-12-02,2025-12-02,Annual,True,Active,False,,19
8844,8844,2,2024-07-29,2024-08-29,Monthly,True,Active,False,,24
8845,8845,5,2024-10-30,2025-10-30,Annual,True,Active,False,,21
8846,8846,2,2025-06-30,2025-07-30,Monthly,True,Active,False,,13
8847,8847,2,2025-11-23,2025-12-23,Monthly,True,Active,False,,8
8848,8848,6,2024-07-21,2025-07-21,Annual,True,Active,False,,24
8849,8849,3,2024-04-12,2024-07-29,Monthly,False,Expired,True,2024-07-29,27
8850,8850,3,2025-01-24,2025-02-24,Monthly,True,Active,False,,18
8851,8851,5,2025-11-22,2026-11-22,Annual,True,Active,False,,8
8852,8852,3,2024-02-21,2024-03-21,Monthly,True,Active,False,,29
8853,8853,2,2025-09-03,2025-10-03,Monthly,True,Active,False,,10
8854,8854,5,2025-07-20,2026-07-20,Annual,True,Active,False,,12
8855,8855,2,2025-07-25,2025-08-25,Monthly,True,Active,False,,12
8856,8856,5,2024-07-01,2025-07-01,Annual,True,Active,False,,24
8857,8857,5,2024-03-23,2025-03-23,Annual,False,Active,False,,28
8858,8858,5,2025-04-28,2026-04-28,Annual,True,Active,False,,15
8859,8859,2,2024-12-10,2025-01-10,Monthly,True,Active,False,,19
8860,8860,6,2024-09-02,2025-09-02,Annual,True,Active,False,,22
8861,8861,2,2025-11-02,2025-12-02,Monthly,True,Active,False,,8
8862,8862,5,2024-06-09,2025-06-09,Annual,True,Active,False,,25
8863,8863,6,2025-04-23,2026-04-23,Annual,True,Active,False,,15
8864,8864,2,2025-01-04,2025-02-04,Monthly,True,Active,False,,18
8865,8865,2,2025-09-26,2025-10-26,Monthly,True,Active,False,,10
8866,8866,1,2024-02-12,2024-03-12,Monthly,True,Active,False,,29
8867,8867,3,2025-11-29,2025-12-29,Monthly,True,Active,False,,8
8868,8868,2,2024-03-24,2024-04-24,Monthly,True,Active,False,,28
8869,8869,4,2025-12-24,2026-01-24,Monthly,True,Active,False,,7
8870,8870,2,2024-12-12,2025-01-12,Monthly,True,Active,False,,19
8871,8871,5,2025-09-12,2026-09-12,Annual,True,Active,False,,10
8872,8872,2,2024-06-10,2024-07-10,Monthly,False,Active,False,,25
8873,8873,5,2024-01-10,2025-01-10,Annual,True,Active,False,,30
8874,8874,3,2025-03-17,2025-04-17,Monthly,True,Active,False,,16
8875,8875,2,2025-11-25,2025-12-25,Monthly,True,Active,False,,8
8876,8876,4,2025-08-13,2025-09-13,Monthly,True,Active,False,,11
8877,8877,6,2024-08-30,2025-05-04,Annual,True,Cancelled,True,2025-05-04,23
8878,8878,2,2024-11-22,2024-12-22,Monthly,True,Active,False,,20
8879,8879,3,2025-09-19,2025-10-19,Monthly,True,Active,False,,10
8880,8880,4,2025-11-01,2025-12-01,Monthly,True,Active,False,,8
8881,8881,3,2024-09-08,2024-10-08,Monthly,True,Active,False,,22
8882,8882,3,2025-02-26,2025-03-26,Monthly,True,Active,False,,17
8883,8883,5,2024-01-14,2024-10-17,Annual,False,Expired,True,2024-10-17,30
8884,8884,6,2024-02-11,2025-02-11,Annual,True,Active,False,,29
8885,8885,2,2025-11-01,2025-12-01,Monthly,True,Active,False,,8
8886,8886,5,2024-08-31,2025-08-31,Annual,False,Active,False,,23
8887,8887,5,2024-09-08,2025-09-08,Annual,True,Active,False,,22
8888,8888,4,2024-11-05,2024-12-05,Monthly,True,Active,False,,20
8889,8889,1,2024-12-24,2025-01-24,Monthly,True,Active,False,,19
8890,8890,5,2025-05-12,2026-05-12,Annual,True,Active,False,,14
8891,8891,2,2025-10-16,2025-11-16,Monthly,True,Active,False,,9
8892,8892,3,2024-04-22,2024-05-22,Monthly,True,Active,False,,27
8893,8893,2,2025-02-26,2025-03-26,Monthly,True,Active,False,,17
8894,8894,5,2025-01-29,2026-01-29,Annual,True,Active,False,,18
8895,8895,1,2025-02-19,2025-03-19,Monthly,True,Active,False,,17
8896,8896,6,2025-07-21,2026-07-21,Annual,True,Active,False,,12
8897,8897,2,2025-07-02,2025-08-02,Monthly,True,Active,False,,12
8898,8898,5,2025-02-22,2026-02-22,Annual,True,Active,False,,17
8899,8899,2,2024-09-05,2024-10-05,Monthly,True,Active,False,,22
8900,8900,2,2025-06-18,2025-07-18,Monthly,True,Active,False,,13
8901,8901,5,2025-05-31,2026-05-31,Annual,True,Active,False,,14
8902,8902,2,2025-04-18,2025-05-18,Monthly,True,Active,False,,15
8903,8903,5,2025-06-20,2026-06-20,Annual,True,Active,False,,13
8904,8904,2,2025-11-15,2025-12-15,Monthly,True,Active,False,,8
8905,8905,5,2025-07-22,2026-07-22,Annual,True,Active,False,,12
8906,8906,5,2024-09-01,2025-09-01,Annual,True,Active,False,,22
8907,8907,2,2025-04-08,2025-05-08,Monthly,True,Active,False,,15
8908,8908,2,2024-03-29,2024-04-29,Monthly,True,Active,False,,28
8909,8909,2,2025-01-01,2025-04-02,Monthly,True,Cancelled,True,2025-04-02,18
8910,8910,6,2025-12-23,2026-12-23,Annual,True,Active,False,,7
8911,8911,5,2025-04-03,2026-04-03,Annual,True,Active,False,,15
8912,8912,5,2025-06-30,2026-06-30,Annual,True,Active,False,,13
8913,8913,2,2024-04-18,2024-05-18,Monthly,True,Active,False,,27
8914,8914,4,2025-09-25,2025-10-25,Monthly,True,Active,False,,10
8915,8915,5,2025-02-18,2026-02-18,Annual,True,Active,False,,17
8916,8916,6,2025-09-29,2026-09-29,Annual,True,Active,False,,10
8917,8917,3,2024-05-30,2024-06-30,Monthly,True,Active,False,,26
8918,8918,2,2024-05-07,2024-06-07,Monthly,True,Active,False,,26
8919,8919,2,2024-04-24,2024-05-24,Monthly,True,Active,False,,27
8920,8920,4,2025-07-26,2025-08-26,Monthly,True,Active,False,,12
8921,8921,1,2024-11-08,2024-12-08,Monthly,True,Active,False,,20
8922,8922,3,2024-03-07,2024-04-07,Monthly,True,Active,False,,28
8923,8923,5,2025-07-31,2026-07-31,Annual,True,Active,False,,12
8924,8924,6,2025-04-02,2026-04-02,Annual,True,Active,False,,15
8925,8925,5,2025-06-17,2026-06-17,Annual,True,Active,False,,13
8926,8926,4,2024-04-05,2024-05-05,Monthly,True,Active,False,,27
8927,8927,5,2025-11-10,2026-11-10,Annual,True,Active,False,,8
8928,8928,3,2024-12-11,2025-01-11,Monthly,True,Active,False,,19
8929,8929,6,2025-01-18,2026-01-18,Annual,True,Active,False,,18
8930,8930,6,2025-02-21,2026-02-21,Annual,True,Active,False,,17
8931,8931,2,2024-10-27,2024-11-27,Monthly,True,Active,False,,21
8932,8932,2,2024-10-05,2024-11-05,Monthly,True,Active,False,,21
8933,8933,2,2025-06-07,2025-07-07,Monthly,True,Active,False,,13
8934,8934,1,2025-03-26,2025-04-26,Monthly,True,Active,False,,16
8935,8935,5,2024-07-31,2025-07-31,Annual,True,Active,False,,24
8936,8936,6,2025-05-06,2026-05-06,Annual,True,Active,False,,14
8937,8937,4,2024-11-07,2024-12-07,Monthly,True,Active,False,,20
8938,8938,2,2025-12-16,2026-01-16,Monthly,True,Active,False,,7
8939,8939,5,2024-06-18,2025-06-18,Annual,True,Active,False,,25
8940,8940,1,2024-05-06,2024-06-06,Monthly,True,Active,False,,26
8941,8941,5,2024-11-18,2025-05-24,Annual,False,Expired,True,2025-05-24,20
8942,8942,2,2025-10-29,2025-11-29,Monthly,True,Active,False,,9
8943,8943,4,2024-11-07,2024-12-07,Monthly,True,Active,False,,20
8944,8944,3,2025-10-30,2025-11-30,Monthly,True,Active,False,,9
8945,8945,5,2024-03-27,2025-03-27,Annual,True,Active,False,,28
8946,8946,4,2024-09-24,2024-10-24,Monthly,True,Active,False,,22
8947,8947,1,2026-01-09,2026-02-09,Monthly,True,Active,False,,6
8948,8948,5,2024-08-04,2025-08-04,Annual,True,Active,False,,23
8949,8949,5,2025-08-19,2026-08-19,Annual,True,Active,False,,11
8950,8950,5,2024-09-03,2025-09-03,Annual,True,Active,False,,22
8951,8951,4,2024-05-17,2024-06-17,Monthly,True,Active,False,,26
8952,8952,2,2025-11-22,2025-12-22,Monthly,True,Active,False,,8
8953,8953,2,2024-09-29,2025-02-09,Monthly,True,Cancelled,True,2025-02-09,22
8954,8954,5,2025-02-25,2026-02-25,Annual,True,Active,False,,17
8955,8955,1,2024-03-17,2024-04-17,Monthly,True,Active,False,,28
8956,8956,4,2025-10-12,2025-11-12,Monthly,True,Active,False,,9
8957,8957,5,2024-10-20,2025-10-20,Annual,True,Active,False,,21
8958,8958,2,2025-12-25,2026-04-13,Monthly,True,Cancelled,True,2026-04-13,7
8959,8959,6,2024-03-22,2025-03-22,Annual,False,Active,False,,28
8960,8960,4,2024-11-01,2024-12-01,Monthly,False,Active,False,,20
8961,8961,2,2025-03-05,2025-04-05,Monthly,True,Active,False,,16
8962,8962,5,2025-08-03,2026-08-03,Annual,True,Active,False,,11
8963,8963,4,2025-12-22,2026-01-22,Monthly,True,Active,False,,7
8964,8964,4,2024-02-08,2024-03-08,Monthly,True,Active,False,,29
8965,8965,2,2024-02-26,2024-03-26,Monthly,True,Active,False,,29
8966,8966,5,2025-11-25,2026-11-25,Annual,True,Active,False,,8
8967,8967,4,2025-05-15,2025-06-15,Monthly,True,Active,False,,14
8968,8968,5,2024-09-19,2025-09-19,Annual,True,Active,False,,22
8969,8969,5,2025-05-15,2026-05-15,Annual,True,Active,False,,14
8970,8970,5,2025-05-08,2026-05-08,Annual,True,Active,False,,14
8971,8971,2,2025-03-14,2025-04-14,Monthly,False,Active,False,,16
8972,8972,2,2024-12-09,2025-01-09,Monthly,True,Active,False,,19
8973,8973,2,2025-09-05,2025-10-05,Monthly,True,Active,False,,10
8974,8974,2,2025-11-29,2025-12-29,Monthly,True,Active,False,,8
8975,8975,2,2024-12-21,2025-01-21,Monthly,True,Active,False,,19
8976,8976,2,2025-10-11,2025-11-11,Monthly,True,Active,False,,9
8977,8977,3,2024-07-04,2024-11-30,Monthly,False,Expired,True,2024-11-30,24
8978,8978,2,2025-05-28,2025-06-28,Monthly,True,Active,False,,14
8979,8979,2,2024-09-30,2024-10-30,Monthly,True,Active,False,,22
8980,8980,2,2024-02-18,2024-03-18,Monthly,True,Active,False,,29
8981,8981,5,2024-07-03,2025-07-03,Annual,True,Active,False,,24
8982,8982,1,2025-01-08,2025-02-15,Monthly,True,Cancelled,True,2025-02-15,18
8983,8983,5,2025-04-07,2026-04-07,Annual,True,Active,False,,15
8984,8984,5,2025-04-30,2026-04-30,Annual,True,Active,False,,15
8985,8985,2,2025-04-29,2025-05-29,Monthly,True,Active,False,,15
8986,8986,5,2024-07-03,2025-07-03,Annual,True,Active,False,,24
8987,8987,5,2024-10-04,2025-09-27,Annual,True,Cancelled,True,2025-09-27,21
8988,8988,4,2024-04-08,2024-05-08,Monthly,True,Active,False,,27
8989,8989,3,2025-09-11,2025-10-11,Monthly,True,Active,False,,10
8990,8990,5,2024-12-08,2025-12-08,Annual,True,Active,False,,19
8991,8991,2,2026-01-01,2026-06-01,Monthly,True,Cancelled,True,2026-06-01,6
8992,8992,2,2025-11-25,2025-12-25,Monthly,True,Active,False,,8
8993,8993,5,2025-10-14,2026-10-14,Annual,True,Active,False,,9
8994,8994,2,2025-04-10,2025-05-10,Monthly,True,Active,False,,15
8995,8995,5,2024-03-03,2025-03-03,Annual,True,Active,False,,28
8996,8996,6,2025-09-20,2026-09-20,Annual,False,Active,False,,10
8997,8997,2,2024-07-20,2024-08-20,Monthly,True,Active,False,,24
8998,8998,4,2024-04-15,2024-05-15,Monthly,True,Active,False,,27
8999,8999,5,2024-04-13,2025-04-13,Annual,True,Active,False,,27
9000,9000,6,2025-02-03,2026-02-03,Annual,True,Active,False,,17
9001,9001,2,2025-10-23,2025-12-07,Monthly,False,Expired,True,2025-12-07,9
9002,9002,4,2025-10-11,2025-11-11,Monthly,True,Active,False,,9
9003,9003,1,2024-02-07,2024-03-07,Monthly,True,Active,False,,29
9004,9004,5,2025-05-26,2026-01-16,Annual,True,Cancelled,True,2026-01-16,14
9005,9005,5,2024-10-30,2025-10-30,Annual,True,Active,False,,21
9006,9006,6,2025-08-23,2026-08-23,Annual,True,Active,False,,11
9007,9007,6,2025-02-18,2026-02-18,Annual,True,Active,False,,17
9008,9008,2,2024-02-03,2024-03-03,Monthly,True,Active,False,,29
9009,9009,5,2026-01-15,2027-01-15,Annual,True,Active,False,,6
9010,9010,6,2024-11-25,2025-11-25,Annual,False,Active,False,,20
9011,9011,5,2024-01-24,2025-01-24,Annual,True,Active,False,,30
9012,9012,1,2024-08-07,2024-09-07,Monthly,True,Active,False,,23
9013,9013,2,2024-02-17,2024-03-17,Monthly,True,Active,False,,29
9014,9014,5,2024-08-29,2025-08-29,Annual,True,Active,False,,23
9015,9015,2,2024-11-11,2024-12-11,Monthly,True,Active,False,,20
9016,9016,2,2024-06-14,2024-07-14,Monthly,True,Active,False,,25
9017,9017,5,2025-09-20,2026-09-20,Annual,True,Active,False,,10
9018,9018,3,2025-03-13,2025-04-13,Monthly,True,Active,False,,16
9019,9019,1,2025-09-16,2025-10-16,Monthly,True,Active,False,,10
9020,9020,1,2025-06-06,2025-07-06,Monthly,True,Active,False,,13
9021,9021,5,2024-06-29,2025-06-29,Annual,True,Active,False,,25
9022,9022,4,2024-04-17,2024-05-17,Monthly,True,Active,False,,27
9023,9023,2,2025-03-09,2025-04-09,Monthly,True,Active,False,,16
9024,9024,3,2024-09-17,2024-10-17,Monthly,True,Active,False,,22
9025,9025,2,2024-04-23,2024-05-23,Monthly,False,Active,False,,27
9026,9026,5,2024-07-22,2025-07-22,Annual,True,Active,False,,24
9027,9027,4,2025-02-02,2025-03-02,Monthly,True,Active,False,,17
9028,9028,2,2024-05-24,2024-06-24,Monthly,True,Active,False,,26
9029,9029,6,2025-06-25,2026-06-25,Annual,True,Active,False,,13
9030,9030,4,2024-08-09,2024-09-09,Monthly,True,Active,False,,23
9031,9031,5,2026-01-07,2027-01-07,Annual,True,Active,False,,6
9032,9032,2,2025-11-21,2025-12-21,Monthly,True,Active,False,,8
9033,9033,2,2024-08-23,2024-09-23,Monthly,True,Active,False,,23
9034,9034,5,2025-02-04,2026-02-04,Annual,True,Active,False,,17
9035,9035,3,2024-04-10,2024-05-10,Monthly,False,Active,False,,27
9036,9036,2,2025-11-06,2025-12-06,Monthly,True,Active,False,,8
9037,9037,5,2024-02-17,2025-02-17,Annual,True,Active,False,,29
9038,9038,6,2024-03-27,2025-03-27,Annual,True,Active,False,,28
9039,9039,2,2024-11-03,2024-12-03,Monthly,True,Active,False,,20
9040,9040,2,2025-02-17,2025-03-17,Monthly,True,Active,False,,17
9041,9041,2,2024-12-22,2025-01-22,Monthly,True,Active,False,,19
9042,9042,2,2024-01-16,2024-06-01,Monthly,False,Expired,True,2024-06-01,30
9043,9043,6,2025-12-24,2026-12-24,Annual,True,Active,False,,7
9044,9044,4,2025-10-28,2025-11-28,Monthly,True,Active,False,,9
9045,9045,5,2024-02-28,2025-02-28,Annual,True,Active,False,,29
9046,9046,4,2025-11-27,2025-12-27,Monthly,True,Active,False,,8
9047,9047,2,2024-12-18,2025-01-18,Monthly,True,Active,False,,19
9048,9048,2,2025-09-19,2025-10-19,Monthly,True,Active,False,,10
9049,9049,4,2025-10-30,2025-11-30,Monthly,True,Active,False,,9
9050,9050,2,2025-11-01,2025-12-01,Monthly,True,Active,False,,8
9051,9051,4,2025-01-12,2025-02-12,Monthly,True,Active,False,,18
9052,9052,2,2025-09-28,2025-10-28,Monthly,True,Active,False,,10
9053,9053,2,2024-02-06,2024-03-06,Monthly,True,Active,False,,29
9054,9054,5,2024-07-17,2025-07-17,Annual,True,Active,False,,24
9055,9055,2,2025-04-05,2025-05-05,Monthly,True,Active,False,,15
9056,9056,4,2024-07-13,2024-08-25,Monthly,False,Expired,True,2024-08-25,24
9057,9057,2,2025-03-27,2025-04-27,Monthly,True,Active,False,,16
9058,9058,2,2025-07-26,2025-08-26,Monthly,True,Active,False,,12
9059,9059,2,2024-07-25,2024-08-25,Monthly,True,Active,False,,24
9060,9060,2,2024-10-26,2024-11-26,Monthly,True,Active,False,,21
9061,9061,3,2025-11-15,2025-12-15,Monthly,True,Active,False,,8
9062,9062,5,2025-01-15,2026-01-15,Annual,False,Active,False,,18
9063,9063,5,2025-08-19,2026-08-19,Annual,True,Active,False,,11
9064,9064,2,2024-03-15,2024-04-15,Monthly,True,Active,False,,28
9065,9065,2,2025-11-16,2025-12-16,Monthly,True,Active,False,,8
9066,9066,2,2025-12-18,2026-01-18,Monthly,True,Active,False,,7
9067,9067,3,2024-07-20,2024-08-20,Monthly,True,Active,False,,24
9068,9068,6,2024-04-04,2025-04-04,Annual,True,Active,False,,27
9069,9069,5,2025-07-25,2026-07-25,Annual,True,Active,False,,12
9070,9070,2,2024-08-11,2024-09-11,Monthly,True,Active,False,,23
9071,9071,3,2024-10-24,2024-11-24,Monthly,True,Active,False,,21
9072,9072,3,2024-06-20,2024-07-20,Monthly,True,Active,False,,25
9073,9073,3,2025-03-06,2025-04-06,Monthly,True,Active,False,,16
9074,9074,5,2025-01-06,2026-01-06,Annual,True,Active,False,,18
9075,9075,6,2025-06-27,2026-06-27,Annual,True,Active,False,,13
9076,9076,2,2025-08-18,2025-09-18,Monthly,True,Active,False,,11
9077,9077,2,2025-09-14,2026-01-19,Monthly,False,Expired,True,2026-01-19,10
9078,9078,5,2024-06-14,2025-06-14,Annual,True,Active,False,,25
9079,9079,2,2024-01-30,2024-02-29,Monthly,False,Active,False,,30
9080,9080,5,2024-03-14,2025-03-14,Annual,True,Active,False,,28
9081,9081,5,2024-05-19,2025-05-19,Annual,True,Active,False,,26
9082,9082,6,2024-06-07,2025-06-07,Annual,True,Active,False,,25
9083,9083,4,2025-07-03,2025-08-03,Monthly,True,Active,False,,12
9084,9084,2,2025-09-16,2025-10-16,Monthly,True,Active,False,,10
9085,9085,4,2024-03-20,2024-04-20,Monthly,True,Active,False,,28
9086,9086,5,2024-12-03,2025-12-03,Annual,True,Active,False,,19
9087,9087,5,2025-03-20,2026-03-20,Annual,True,Active,False,,16
9088,9088,2,2025-06-29,2025-09-28,Monthly,False,Cancelled,True,2025-09-28,13
9089,9089,5,2025-10-04,2026-07-30,Annual,True,Cancelled,True,2026-07-30,9
9090,9090,2,2025-07-16,2025-08-16,Monthly,True,Active,False,,12
9091,9091,2,2025-10-30,2026-03-13,Monthly,False,Cancelled,True,2026-03-13,9
9092,9092,5,2025-07-07,2026-07-07,Annual,True,Active,False,,12
9093,9093,6,2025-05-29,2026-05-29,Annual,True,Active,False,,14
9094,9094,4,2025-07-26,2025-08-26,Monthly,True,Active,False,,12
9095,9095,5,2025-07-13,2026-07-13,Annual,True,Active,False,,12
9096,9096,3,2024-10-09,2024-11-09,Monthly,True,Active,False,,21
9097,9097,4,2024-03-09,2024-04-09,Monthly,False,Active,False,,28
9098,9098,5,2025-01-20,2026-01-20,Annual,True,Active,False,,18
9099,9099,6,2024-01-28,2025-01-28,Annual,True,Active,False,,30
9100,9100,2,2024-11-06,2024-12-06,Monthly,True,Active,False,,20
9101,9101,2,2025-11-07,2026-02-28,Monthly,False,Cancelled,True,2026-02-28,8
9102,9102,6,2024-05-23,2025-05-23,Annual,True,Active,False,,26
9103,9103,5,2024-09-21,2025-09-21,Annual,True,Active,False,,22
9104,9104,3,2024-04-28,2024-07-28,Monthly,True,Cancelled,True,2024-07-28,27
9105,9105,4,2024-02-10,2024-03-10,Monthly,True,Active,False,,29
9106,9106,2,2024-07-30,2024-08-30,Monthly,True,Active,False,,24
9107,9107,5,2025-12-25,2026-12-25,Annual,True,Active,False,,7
9108,9108,5,2024-02-15,2025-02-15,Annual,True,Active,False,,29
9109,9109,5,2025-06-06,2026-06-06,Annual,True,Active,False,,13
9110,9110,2,2024-10-20,2024-11-20,Monthly,True,Active,False,,21
9111,9111,2,2025-12-02,2026-01-02,Monthly,True,Active,False,,7
9112,9112,2,2025-07-04,2025-08-04,Monthly,True,Active,False,,12
9113,9113,5,2024-10-09,2025-10-09,Annual,True,Active,False,,21
9114,9114,5,2025-11-09,2026-11-09,Annual,True,Active,False,,8
9115,9115,2,2025-03-31,2025-04-30,Monthly,True,Active,False,,16
9116,9116,5,2024-05-20,2025-05-20,Annual,True,Active,False,,26
9117,9117,6,2025-12-20,2026-12-20,Annual,True,Active,False,,7
9118,9118,2,2024-09-27,2024-10-27,Monthly,True,Active,False,,22
9119,9119,2,2025-07-13,2025-08-13,Monthly,True,Active,False,,12
9120,9120,2,2025-02-14,2025-03-14,Monthly,True,Active,False,,17
9121,9121,2,2024-06-14,2024-07-14,Monthly,True,Active,False,,25
9122,9122,2,2024-06-09,2024-07-09,Monthly,True,Active,False,,25
9123,9123,2,2024-02-11,2024-03-11,Monthly,True,Active,False,,29
9124,9124,5,2025-12-18,2026-12-18,Annual,True,Active,False,,7
9125,9125,5,2025-11-30,2026-11-30,Annual,True,Active,False,,8
9126,9126,6,2024-04-26,2025-04-26,Annual,True,Active,False,,27
9127,9127,2,2024-01-26,2024-02-26,Monthly,True,Active,False,,30
9128,9128,5,2025-11-17,2026-11-17,Annual,True,Active,False,,8
9129,9129,2,2024-08-30,2024-09-30,Monthly,True,Active,False,,23
9130,9130,2,2025-06-12,2025-07-12,Monthly,True,Active,False,,13
9131,9131,5,2024-04-16,2025-04-16,Annual,False,Active,False,,27
9132,9132,2,2024-05-18,2024-06-23,Monthly,True,Cancelled,True,2024-06-23,26
9133,9133,2,2025-09-12,2025-10-12,Monthly,True,Active,False,,10
9134,9134,6,2025-02-04,2026-02-04,Annual,True,Active,False,,17
9135,9135,2,2024-01-06,2024-02-06,Monthly,True,Active,False,,30
9136,9136,2,2024-11-14,2024-12-14,Monthly,True,Active,False,,20
9137,9137,4,2024-08-27,2024-09-27,Monthly,True,Active,False,,23
9138,9138,1,2024-02-14,2024-03-14,Monthly,True,Active,False,,29
9139,9139,4,2025-05-24,2025-11-05,Monthly,True,Cancelled,True,2025-11-05,14
9140,9140,3,2025-05-05,2025-06-05,Monthly,False,Active,False,,14
9141,9141,5,2024-06-27,2025-06-27,Annual,True,Active,False,,25
9142,9142,5,2025-08-01,2026-08-01,Annual,True,Active,False,,11
9143,9143,3,2024-12-08,2025-01-08,Monthly,True,Active,False,,19
9144,9144,3,2024-11-12,2024-12-12,Monthly,True,Active,False,,20
9145,9145,3,2025-08-07,2025-09-07,Monthly,True,Active,False,,11
9146,9146,6,2024-11-12,2025-11-12,Annual,True,Active,False,,20
9147,9147,2,2024-01-23,2024-02-23,Monthly,True,Active,False,,30
9148,9148,2,2025-07-31,2025-08-31,Monthly,True,Active,False,,12
9149,9149,6,2025-12-18,2026-12-18,Annual,True,Active,False,,7
9150,9150,5,2025-09-18,2026-09-18,Annual,True,Active,False,,10
9151,9151,2,2025-12-25,2026-06-10,Monthly,False,Cancelled,True,2026-06-10,7
9152,9152,5,2025-11-14,2026-11-14,Annual,True,Active,False,,8
9153,9153,2,2025-11-26,2025-12-26,Monthly,False,Active,False,,8
9154,9154,5,2024-02-16,2025-02-16,Annual,True,Active,False,,29
9155,9155,2,2025-03-08,2025-04-08,Monthly,True,Active,False,,16
9156,9156,5,2024-01-29,2025-01-29,Annual,True,Active,False,,30
9157,9157,1,2024-09-17,2024-10-17,Monthly,True,Active,False,,22
9158,9158,3,2024-05-07,2024-06-07,Monthly,True,Active,False,,26
9159,9159,2,2025-11-18,2025-12-18,Monthly,True,Active,False,,8
9160,9160,3,2024-03-10,2024-04-10,Monthly,True,Active,False,,28
9161,9161,6,2024-11-24,2025-11-24,Annual,True,Active,False,,20
9162,9162,2,2024-02-03,2024-03-03,Monthly,True,Active,False,,29
9163,9163,5,2025-08-18,2026-08-18,Annual,True,Active,False,,11
9164,9164,2,2025-12-12,2026-01-12,Monthly,True,Active,False,,7
9165,9165,3,2025-08-20,2025-09-20,Monthly,True,Active,False,,11
9166,9166,5,2024-04-09,2024-10-15,Annual,False,Cancelled,True,2024-10-15,27
9167,9167,2,2024-01-24,2024-02-24,Monthly,True,Active,False,,30
9168,9168,5,2025-01-03,2026-01-03,Annual,True,Active,False,,18
9169,9169,1,2024-09-08,2024-10-08,Monthly,True,Active,False,,22
9170,9170,2,2024-01-11,2024-02-11,Monthly,True,Active,False,,30
9171,9171,6,2024-02-05,2025-02-05,Annual,True,Active,False,,29
9172,9172,2,2025-10-01,2025-11-01,Monthly,True,Active,False,,9
9173,9173,2,2024-07-08,2024-08-08,Monthly,True,Active,False,,24
9174,9174,1,2024-05-04,2024-06-04,Monthly,True,Active,False,,26
9175,9175,2,2025-01-08,2025-02-08,Monthly,True,Active,False,,18
9176,9176,5,2025-09-04,2026-09-04,Annual,True,Active,False,,10
9177,9177,6,2024-07-14,2025-07-14,Annual,True,Active,False,,24
9178,9178,6,2025-10-16,2026-10-16,Annual,True,Active,False,,9
9179,9179,4,2025-06-20,2025-07-20,Monthly,True,Active,False,,13
9180,9180,5,2024-11-16,2025-11-16,Annual,True,Active,False,,20
9181,9181,2,2026-01-01,2026-02-16,Monthly,True,Cancelled,True,2026-02-16,6
9182,9182,1,2024-09-05,2024-12-18,Monthly,True,Cancelled,True,2024-12-18,22
9183,9183,5,2025-08-18,2026-08-18,Annual,True,Active,False,,11
9184,9184,6,2026-01-08,2027-01-08,Annual,True,Active,False,,6
9185,9185,6,2025-09-05,2026-09-05,Annual,True,Active,False,,10
9186,9186,3,2025-02-03,2025-03-03,Monthly,True,Active,False,,17
9187,9187,5,2025-06-12,2026-06-12,Annual,True,Active,False,,13
9188,9188,2,2024-11-21,2024-12-21,Monthly,True,Active,False,,20
9189,9189,1,2024-11-24,2024-12-24,Monthly,False,Active,False,,20
9190,9190,6,2024-06-04,2025-06-04,Annual,True,Active,False,,25
9191,9191,2,2026-01-11,2026-02-11,Monthly,True,Active,False,,6
9192,9192,3,2025-11-27,2025-12-27,Monthly,True,Active,False,,8
9193,9193,2,2025-09-21,2025-10-21,Monthly,True,Active,False,,10
9194,9194,3,2024-04-12,2024-05-12,Monthly,True,Active,False,,27
9195,9195,6,2025-12-23,2026-12-23,Annual,True,Active,False,,7
9196,9196,4,2025-04-29,2025-05-29,Monthly,True,Active,False,,15
9197,9197,3,2025-07-21,2025-08-21,Monthly,True,Active,False,,12
9198,9198,3,2025-03-29,2025-04-29,Monthly,False,Active,False,,16
9199,9199,1,2025-06-24,2025-07-24,Monthly,True,Active,False,,13
9200,9200,2,2025-02-12,2025-03-12,Monthly,True,Active,False,,17
9201,9201,4,2024-08-03,2024-09-03,Monthly,True,Active,False,,23
9202,9202,5,2025-11-16,2026-11-16,Annual,True,Active,False,,8
9203,9203,2,2025-01-02,2025-02-02,Monthly,True,Active,False,,18
9204,9204,4,2025-03-01,2025-04-01,Monthly,True,Active,False,,16
9205,9205,2,2024-07-06,2024-08-06,Monthly,True,Active,False,,24
9206,9206,2,2024-11-10,2025-01-19,Monthly,True,Cancelled,True,2025-01-19,20
9207,9207,5,2024-10-20,2025-10-20,Annual,True,Active,False,,21
9208,9208,4,2024-12-20,2025-01-20,Monthly,True,Active,False,,19
9209,9209,3,2025-03-16,2025-04-16,Monthly,True,Active,False,,16
9210,9210,3,2025-04-13,2025-05-13,Monthly,False,Active,False,,15
9211,9211,3,2024-07-31,2024-08-31,Monthly,True,Active,False,,24
9212,9212,2,2024-02-01,2024-07-18,Monthly,False,Expired,True,2024-07-18,29
9213,9213,3,2025-01-01,2025-02-01,Monthly,False,Active,False,,18
9214,9214,6,2024-03-28,2025-03-28,Annual,True,Active,False,,28
9215,9215,3,2025-05-21,2025-06-21,Monthly,True,Active,False,,14
9216,9216,1,2025-01-13,2025-02-13,Monthly,True,Active,False,,18
9217,9217,2,2025-11-14,2025-12-14,Monthly,True,Active,False,,8
9218,9218,5,2024-07-26,2025-07-26,Annual,True,Active,False,,24
9219,9219,5,2024-05-19,2025-05-19,Annual,True,Active,False,,26
9220,9220,2,2025-06-18,2025-07-18,Monthly,True,Active,False,,13
9221,9221,2,2026-01-17,2026-02-17,Monthly,True,Active,False,,6
9222,9222,5,2024-01-14,2025-01-14,Annual,True,Active,False,,30
9223,9223,5,2025-05-22,2026-05-22,Annual,True,Active,False,,14
9224,9224,2,2024-05-16,2024-09-29,Monthly,False,Cancelled,True,2024-09-29,26
9225,9225,5,2024-12-18,2025-12-18,Annual,True,Active,False,,19
9226,9226,6,2025-04-26,2026-04-26,Annual,True,Active,False,,15
9227,9227,5,2025-10-18,2026-10-18,Annual,True,Active,False,,9
9228,9228,3,2024-05-06,2024-06-06,Monthly,True,Active,False,,26
9229,9229,5,2025-04-06,2026-04-06,Annual,True,Active,False,,15
9230,9230,5,2024-06-18,2025-06-18,Annual,True,Active,False,,25
9231,9231,5,2025-07-01,2026-07-01,Annual,True,Active,False,,12
9232,9232,3,2025-10-15,2025-11-15,Monthly,True,Active,False,,9
9233,9233,5,2025-03-27,2026-03-27,Annual,True,Active,False,,16
9234,9234,2,2025-08-25,2025-09-25,Monthly,True,Active,False,,11
9235,9235,5,2025-12-18,2026-12-18,Annual,True,Active,False,,7
9236,9236,6,2024-11-13,2025-11-13,Annual,True,Active,False,,20
9237,9237,6,2025-01-31,2026-01-31,Annual,True,Active,False,,18
9238,9238,5,2024-10-17,2025-10-17,Annual,True,Active,False,,21
9239,9239,3,2025-06-14,2025-07-14,Monthly,True,Active,False,,13
9240,9240,3,2024-10-26,2024-11-26,Monthly,True,Active,False,,21
9241,9241,2,2024-08-15,2024-09-15,Monthly,True,Active,False,,23
9242,9242,5,2026-01-12,2027-01-12,Annual,True,Active,False,,6
9243,9243,2,2025-10-09,2025-11-09,Monthly,True,Active,False,,9
9244,9244,3,2025-09-20,2025-10-20,Monthly,True,Active,False,,10
9245,9245,2,2025-08-29,2026-01-07,Monthly,False,Cancelled,True,2026-01-07,11
9246,9246,5,2025-10-26,2026-10-26,Annual,True,Active,False,,9
9247,9247,4,2025-09-24,2025-10-24,Monthly,True,Active,False,,10
9248,9248,2,2024-11-26,2024-12-26,Monthly,True,Active,False,,20
9249,9249,2,2024-03-06,2024-04-06,Monthly,True,Active,False,,28
9250,9250,5,2024-04-14,2025-04-14,Annual,True,Active,False,,27
9251,9251,1,2025-01-09,2025-02-09,Monthly,True,Active,False,,18
9252,9252,3,2025-09-02,2025-10-02,Monthly,True,Active,False,,10
9253,9253,2,2025-10-08,2025-11-08,Monthly,False,Active,False,,9
9254,9254,2,2025-08-17,2025-09-17,Monthly,True,Active,False,,11
9255,9255,2,2025-12-27,2026-01-27,Monthly,True,Active,False,,7
9256,9256,3,2024-08-26,2024-09-26,Monthly,True,Active,False,,23
9257,9257,2,2025-07-09,2025-08-09,Monthly,False,Active,False,,12
9258,9258,2,2024-09-05,2024-10-05,Monthly,True,Active,False,,22
9259,9259,5,2026-01-07,2027-01-07,Annual,True,Active,False,,6
9260,9260,4,2024-12-04,2025-01-04,Monthly,True,Active,False,,19
9261,9261,2,2024-01-07,2024-02-07,Monthly,True,Active,False,,30
9262,9262,6,2025-10-26,2026-10-26,Annual,True,Active,False,,9
9263,9263,5,2025-11-07,2026-11-07,Annual,True,Active,False,,8
9264,9264,3,2025-08-31,2025-09-30,Monthly,True,Active,False,,11
9265,9265,6,2024-07-16,2025-07-16,Annual,True,Active,False,,24
9266,9266,5,2024-04-12,2025-04-12,Annual,True,Active,False,,27
9267,9267,3,2024-08-08,2024-09-08,Monthly,True,Active,False,,23
9268,9268,2,2025-04-04,2025-05-04,Monthly,True,Active,False,,15
9269,9269,4,2024-10-24,2024-11-24,Monthly,True,Active,False,,21
9270,9270,2,2024-06-30,2024-07-30,Monthly,True,Active,False,,25
9271,9271,2,2025-03-11,2025-04-11,Monthly,False,Active,False,,16
9272,9272,6,2025-03-10,2026-03-10,Annual,True,Active,False,,16
9273,9273,2,2024-10-31,2024-11-30,Monthly,False,Active,False,,21
9274,9274,4,2025-01-08,2025-02-08,Monthly,True,Active,False,,18
9275,9275,2,2024-11-24,2024-12-24,Monthly,True,Active,False,,20
9276,9276,5,2024-11-12,2025-11-12,Annual,True,Active,False,,20
9277,9277,2,2025-09-25,2025-10-25,Monthly,True,Active,False,,10
9278,9278,6,2026-01-02,2027-01-02,Annual,True,Active,False,,6
9279,9279,3,2025-09-22,2026-01-02,Monthly,False,Expired,True,2026-01-02,10
9280,9280,5,2025-03-24,2026-03-24,Annual,True,Active,False,,16
9281,9281,2,2024-05-05,2024-06-05,Monthly,True,Active,False,,26
9282,9282,4,2024-09-09,2024-10-09,Monthly,True,Active,False,,22
9283,9283,4,2024-07-24,2024-08-24,Monthly,True,Active,False,,24
9284,9284,4,2025-10-14,2025-11-14,Monthly,True,Active,False,,9
9285,9285,5,2025-11-11,2026-11-11,Annual,True,Active,False,,8
9286,9286,2,2025-08-16,2025-09-16,Monthly,True,Active,False,,11
9287,9287,2,2024-05-11,2024-06-11,Monthly,False,Active,False,,26
9288,9288,3,2025-06-10,2025-10-24,Monthly,False,Cancelled,True,2025-10-24,13
9289,9289,5,2024-09-25,2025-09-25,Annual,True,Active,False,,22
9290,9290,2,2025-03-01,2025-04-01,Monthly,True,Active,False,,16
9291,9291,3,2024-04-12,2024-05-12,Monthly,True,Active,False,,27
9292,9292,1,2025-06-03,2025-07-03,Monthly,True,Active,False,,13
9293,9293,2,2024-11-02,2024-12-02,Monthly,False,Active,False,,20
9294,9294,2,2024-06-06,2024-07-06,Monthly,True,Active,False,,25
9295,9295,5,2024-02-24,2025-02-24,Annual,True,Active,False,,29
9296,9296,2,2024-06-29,2024-07-29,Monthly,True,Active,False,,25
9297,9297,5,2024-03-02,2025-03-02,Annual,True,Active,False,,28
9298,9298,2,2025-08-29,2025-09-29,Monthly,False,Active,False,,11
9299,9299,5,2024-06-26,2025-06-26,Annual,True,Active,False,,25
9300,9300,2,2025-06-03,2025-08-23,Monthly,True,Cancelled,True,2025-08-23,13
9301,9301,2,2024-06-30,2024-07-30,Monthly,True,Active,False,,25
9302,9302,3,2024-12-14,2025-01-14,Monthly,True,Active,False,,19
9303,9303,2,2024-01-29,2024-02-29,Monthly,True,Active,False,,30
9304,9304,2,2025-07-17,2025-08-17,Monthly,True,Active,False,,12
9305,9305,3,2025-08-18,2025-09-18,Monthly,True,Active,False,,11
9306,9306,4,2024-03-25,2024-04-25,Monthly,True,Active,False,,28
9307,9307,5,2024-09-26,2025-09-26,Annual,True,Active,False,,22
9308,9308,4,2025-07-03,2025-08-03,Monthly,True,Active,False,,12
9309,9309,3,2025-07-26,2025-08-26,Monthly,True,Active,False,,12
9310,9310,5,2024-04-08,2025-04-08,Annual,True,Active,False,,27
9311,9311,5,2025-02-08,2026-02-08,Annual,True,Active,False,,17
9312,9312,4,2024-02-09,2024-03-09,Monthly,True,Active,False,,29
9313,9313,5,2024-02-10,2025-02-10,Annual,True,Active,False,,29
9314,9314,6,2025-07-14,2026-07-14,Annual,True,Active,False,,12
9315,9315,2,2025-02-27,2025-03-27,Monthly,True,Active,False,,17
9316,9316,5,2024-10-03,2025-10-03,Annual,True,Active,False,,21
9317,9317,4,2024-12-03,2025-01-03,Monthly,True,Active,False,,19
9318,9318,2,2024-09-29,2024-10-29,Monthly,True,Active,False,,22
9319,9319,4,2024-10-18,2024-11-18,Monthly,True,Active,False,,21
9320,9320,5,2025-10-23,2026-10-23,Annual,True,Active,False,,9
9321,9321,5,2024-07-12,2025-07-12,Annual,True,Active,False,,24
9322,9322,5,2025-11-19,2026-11-19,Annual,True,Active,False,,8
9323,9323,6,2024-08-10,2025-08-10,Annual,True,Active,False,,23
9324,9324,5,2025-05-25,2026-05-25,Annual,True,Active,False,,14
9325,9325,5,2024-12-11,2025-12-11,Annual,True,Active,False,,19
9326,9326,3,2025-05-26,2025-06-26,Monthly,True,Active,False,,14
9327,9327,5,2025-03-03,2026-03-03,Annual,True,Active,False,,16
9328,9328,5,2024-01-10,2025-01-10,Annual,True,Active,False,,30
9329,9329,3,2025-03-30,2025-04-30,Monthly,True,Active,False,,16
9330,9330,3,2025-12-29,2026-01-29,Monthly,True,Active,False,,7
9331,9331,2,2025-02-15,2025-03-15,Monthly,True,Active,False,,17
9332,9332,2,2024-12-20,2025-01-20,Monthly,True,Active,False,,19
9333,9333,5,2024-10-18,2025-10-18,Annual,True,Active,False,,21
9334,9334,3,2024-04-17,2024-05-17,Monthly,True,Active,False,,27
9335,9335,3,2025-07-06,2025-08-06,Monthly,True,Active,False,,12
9336,9336,5,2025-03-28,2026-03-28,Annual,True,Active,False,,16
9337,9337,6,2025-04-22,2026-04-22,Annual,True,Active,False,,15
9338,9338,3,2024-02-09,2024-03-09,Monthly,True,Active,False,,29
9339,9339,3,2024-12-26,2025-01-26,Monthly,True,Active,False,,19
9340,9340,4,2024-04-02,2024-05-02,Monthly,True,Active,False,,27
9341,9341,6,2024-04-27,2025-04-27,Annual,True,Active,False,,27
9342,9342,3,2025-01-22,2025-02-22,Monthly,True,Active,False,,18
9343,9343,2,2024-08-15,2024-09-15,Monthly,True,Active,False,,23
9344,9344,2,2024-03-27,2024-04-27,Monthly,True,Active,False,,28
9345,9345,2,2024-04-19,2024-05-19,Monthly,True,Active,False,,27
9346,9346,5,2025-06-15,2026-06-15,Annual,True,Active,False,,13
9347,9347,3,2025-09-21,2025-10-21,Monthly,True,Active,False,,10
9348,9348,5,2024-08-17,2025-08-17,Annual,True,Active,False,,23
9349,9349,2,2025-08-07,2025-09-07,Monthly,True,Active,False,,11
9350,9350,4,2024-04-26,2024-05-26,Monthly,True,Active,False,,27
9351,9351,2,2025-02-06,2025-03-06,Monthly,True,Active,False,,17
9352,9352,3,2024-04-21,2024-05-21,Monthly,True,Active,False,,27
9353,9353,5,2024-03-07,2025-03-07,Annual,True,Active,False,,28
9354,9354,3,2024-05-12,2024-09-05,Monthly,True,Cancelled,True,2024-09-05,26
9355,9355,1,2024-07-31,2024-08-31,Monthly,True,Active,False,,24
9356,9356,1,2024-03-04,2024-04-04,Monthly,True,Active,False,,28
9357,9357,5,2024-08-28,2025-08-28,Annual,True,Active,False,,23
9358,9358,3,2025-07-31,2025-08-31,Monthly,False,Active,False,,12
9359,9359,2,2025-01-14,2025-02-14,Monthly,True,Active,False,,18
9360,9360,6,2025-09-20,2026-09-20,Annual,True,Active,False,,10
9361,9361,5,2024-03-24,2025-03-24,Annual,True,Active,False,,28
9362,9362,5,2025-05-12,2026-05-12,Annual,True,Active,False,,14
9363,9363,4,2024-04-13,2024-05-13,Monthly,True,Active,False,,27
9364,9364,2,2024-07-22,2024-08-22,Monthly,True,Active,False,,24
9365,9365,3,2025-06-18,2025-07-18,Monthly,True,Active,False,,13
9366,9366,2,2024-03-26,2024-04-26,Monthly,True,Active,False,,28
9367,9367,5,2024-12-20,2025-12-20,Annual,True,Active,False,,19
9368,9368,5,2025-12-02,2026-07-30,Annual,False,Expired,True,2026-07-30,7
9369,9369,2,2024-07-12,2024-08-12,Monthly,True,Active,False,,24
9370,9370,6,2024-05-27,2025-05-27,Annual,True,Active,False,,26
9371,9371,5,2024-09-09,2025-09-09,Annual,True,Active,False,,22
9372,9372,2,2026-01-22,2026-02-22,Monthly,False,Active,False,,6
9373,9373,3,2025-07-25,2025-08-25,Monthly,True,Active,False,,12
9374,9374,5,2024-10-16,2025-10-16,Annual,True,Active,False,,21
9375,9375,5,2024-05-25,2025-05-25,Annual,False,Active,False,,26
9376,9376,5,2024-01-27,2025-01-27,Annual,True,Active,False,,30
9377,9377,2,2025-05-22,2025-06-22,Monthly,True,Active,False,,14
9378,9378,3,2025-09-24,2025-10-24,Monthly,True,Active,False,,10
9379,9379,5,2024-09-11,2025-09-11,Annual,True,Active,False,,22
9380,9380,5,2025-02-22,2026-02-22,Annual,False,Active,False,,17
9381,9381,4,2024-09-28,2025-02-15,Monthly,False,Cancelled,True,2025-02-15,22
9382,9382,2,2025-08-31,2025-09-30,Monthly,True,Active,False,,11
9383,9383,4,2025-01-26,2025-02-26,Monthly,True,Active,False,,18
9384,9384,6,2024-01-30,2025-01-30,Annual,True,Active,False,,30
9385,9385,2,2025-11-15,2025-12-15,Monthly,True,Active,False,,8
9386,9386,5,2026-01-09,2027-01-09,Annual,True,Active,False,,6
9387,9387,2,2025-12-16,2026-06-04,Monthly,True,Cancelled,True,2026-06-04,7
9388,9388,3,2024-06-08,2024-07-20,Monthly,False,Cancelled,True,2024-07-20,25
9389,9389,5,2025-02-13,2026-02-13,Annual,True,Active,False,,17
9390,9390,2,2025-12-08,2026-01-13,Monthly,False,Cancelled,True,2026-01-13,7
9391,9391,5,2024-05-09,2025-05-09,Annual,True,Active,False,,26
9392,9392,2,2024-07-27,2024-08-27,Monthly,True,Active,False,,24
9393,9393,4,2025-04-19,2025-05-19,Monthly,True,Active,False,,15
9394,9394,6,2024-06-25,2025-06-25,Annual,False,Active,False,,25
9395,9395,6,2024-12-12,2025-12-12,Annual,True,Active,False,,19
9396,9396,5,2025-03-31,2026-03-31,Annual,True,Active,False,,16
9397,9397,3,2024-12-31,2025-01-31,Monthly,False,Active,False,,19
9398,9398,3,2024-12-14,2025-01-14,Monthly,True,Active,False,,19
9399,9399,5,2024-12-25,2025-12-25,Annual,False,Active,False,,19
9400,9400,1,2024-07-13,2024-11-22,Monthly,False,Cancelled,True,2024-11-22,24
9401,9401,5,2025-10-22,2026-10-22,Annual,True,Active,False,,9
9402,9402,2,2024-08-02,2024-09-02,Monthly,True,Active,False,,23
9403,9403,2,2025-06-19,2025-07-19,Monthly,False,Active,False,,13
9404,9404,2,2025-05-02,2025-06-02,Monthly,True,Active,False,,14
9405,9405,5,2025-05-28,2026-05-28,Annual,True,Active,False,,14
9406,9406,3,2025-04-07,2025-05-07,Monthly,True,Active,False,,15
9407,9407,3,2024-11-18,2024-12-18,Monthly,True,Active,False,,20
9408,9408,5,2024-01-14,2025-01-14,Annual,True,Active,False,,30
9409,9409,3,2025-10-19,2025-11-19,Monthly,True,Active,False,,9
9410,9410,5,2024-05-25,2025-05-25,Annual,True,Active,False,,26
9411,9411,3,2024-11-30,2024-12-30,Monthly,True,Active,False,,20
9412,9412,4,2024-05-12,2024-06-12,Monthly,True,Active,False,,26
9413,9413,5,2025-12-01,2026-12-01,Annual,True,Active,False,,7
9414,9414,2,2025-10-02,2025-11-02,Monthly,True,Active,False,,9
9415,9415,2,2024-12-12,2025-05-17,Monthly,True,Cancelled,True,2025-05-17,19
9416,9416,6,2025-05-23,2026-05-23,Annual,False,Active,False,,14
9417,9417,2,2025-08-08,2025-09-08,Monthly,True,Active,False,,11
9418,9418,4,2024-04-15,2024-05-15,Monthly,False,Active,False,,27
9419,9419,2,2024-04-25,2024-05-25,Monthly,True,Active,False,,27
9420,9420,2,2024-12-08,2025-03-25,Monthly,True,Cancelled,True,2025-03-25,19
9421,9421,4,2024-07-15,2024-08-15,Monthly,True,Active,False,,24
9422,9422,6,2024-09-29,2025-09-29,Annual,True,Active,False,,22
9423,9423,2,2025-08-04,2025-09-04,Monthly,True,Active,False,,11
9424,9424,2,2025-05-14,2025-06-14,Monthly,True,Active,False,,14
9425,9425,2,2024-11-19,2025-03-17,Monthly,False,Expired,True,2025-03-17,20
9426,9426,2,2024-09-14,2024-10-14,Monthly,True,Active,False,,22
9427,9427,2,2024-04-20,2024-09-14,Monthly,False,Expired,True,2024-09-14,27
9428,9428,2,2024-10-31,2024-11-30,Monthly,True,Active,False,,21
9429,9429,6,2024-12-02,2025-12-02,Annual,True,Active,False,,19
9430,9430,1,2025-04-06,2025-05-06,Monthly,True,Active,False,,15
9431,9431,2,2024-01-26,2024-02-26,Monthly,True,Active,False,,30
9432,9432,2,2025-02-18,2025-03-18,Monthly,True,Active,False,,17
9433,9433,5,2024-12-17,2025-12-17,Annual,True,Active,False,,19
9434,9434,6,2024-08-26,2025-08-26,Annual,True,Active,False,,23
9435,9435,3,2024-07-03,2024-08-25,Monthly,True,Cancelled,True,2024-08-25,24
9436,9436,3,2025-03-02,2025-04-02,Monthly,True,Active,False,,16
9437,9437,5,2024-12-15,2025-12-15,Annual,True,Active,False,,19
9438,9438,3,2025-09-24,2025-10-24,Monthly,True,Active,False,,10
9439,9439,2,2024-02-10,2024-03-10,Monthly,True,Active,False,,29
9440,9440,3,2025-04-05,2025-05-05,Monthly,True,Active,False,,15
9441,9441,3,2025-09-16,2025-10-16,Monthly,True,Active,False,,10
9442,9442,1,2024-10-26,2024-11-26,Monthly,True,Active,False,,21
9443,9443,5,2024-09-08,2025-09-08,Annual,True,Active,False,,22
9444,9444,3,2024-06-06,2024-10-23,Monthly,False,Cancelled,True,2024-10-23,25
9445,9445,5,2025-01-11,2026-01-11,Annual,True,Active,False,,18
9446,9446,2,2025-07-17,2025-08-17,Monthly,True,Active,False,,12
9447,9447,5,2025-09-01,2026-09-01,Annual,True,Active,False,,10
9448,9448,3,2024-07-06,2024-08-06,Monthly,False,Active,False,,24
9449,9449,5,2024-05-07,2025-05-07,Annual,True,Active,False,,26
9450,9450,3,2025-06-07,2025-07-07,Monthly,True,Active,False,,13
9451,9451,3,2025-01-12,2025-02-12,Monthly,True,Active,False,,18
9452,9452,3,2024-05-19,2024-06-19,Monthly,True,Active,False,,26
9453,9453,4,2025-10-04,2025-11-04,Monthly,True,Active,False,,9
9454,9454,5,2024-11-24,2025-11-24,Annual,True,Active,False,,20
9455,9455,2,2025-05-19,2025-06-19,Monthly,True,Active,False,,14
9456,9456,4,2024-06-13,2024-07-13,Monthly,True,Active,False,,25
9457,9457,5,2024-06-03,2025-06-03,Annual,True,Active,False,,25
9458,9458,2,2024-03-29,2024-04-29,Monthly,True,Active,False,,28
9459,9459,5,2025-08-07,2026-08-07,Annual,True,Active,False,,11
9460,9460,6,2025-02-28,2026-02-28,Annual,True,Active,False,,17
9461,9461,3,2025-03-12,2025-04-12,Monthly,True,Active,False,,16
9462,9462,5,2025-05-10,2026-05-10,Annual,True,Active,False,,14
9463,9463,6,2024-05-31,2025-05-31,Annual,True,Active,False,,26
9464,9464,2,2025-08-22,2025-09-22,Monthly,True,Active,False,,11
9465,9465,4,2024-03-02,2024-04-02,Monthly,False,Active,False,,28
9466,9466,2,2025-02-25,2025-03-25,Monthly,True,Active,False,,17
9467,9467,5,2025-08-30,2026-08-30,Annual,True,Active,False,,11
9468,9468,4,2025-01-25,2025-04-05,Monthly,False,Expired,True,2025-04-05,18
9469,9469,5,2025-10-03,2026-10-03,Annual,True,Active,False,,9
9470,9470,5,2025-04-30,2026-04-30,Annual,True,Active,False,,15
9471,9471,5,2024-11-03,2025-11-03,Annual,True,Active,False,,20
9472,9472,2,2024-07-20,2024-08-20,Monthly,True,Active,False,,24
9473,9473,4,2026-01-03,2026-02-03,Monthly,True,Active,False,,6
9474,9474,2,2025-06-28,2025-07-28,Monthly,True,Active,False,,13
9475,9475,4,2025-10-20,2025-11-20,Monthly,True,Active,False,,9
9476,9476,3,2024-04-02,2024-05-02,Monthly,True,Active,False,,27
9477,9477,3,2024-10-05,2024-11-05,Monthly,False,Active,False,,21
9478,9478,5,2024-02-16,2025-02-16,Annual,True,Active,False,,29
9479,9479,2,2025-02-26,2025-03-26,Monthly,True,Active,False,,17
9480,9480,2,2024-12-13,2025-01-13,Monthly,True,Active,False,,19
9481,9481,5,2024-08-20,2025-08-20,Annual,True,Active,False,,23
9482,9482,2,2025-12-17,2026-01-17,Monthly,True,Active,False,,7
9483,9483,3,2024-09-14,2024-10-14,Monthly,True,Active,False,,22
9484,9484,5,2024-07-14,2025-07-14,Annual,True,Active,False,,24
9485,9485,5,2024-08-05,2025-08-05,Annual,True,Active,False,,23
9486,9486,5,2025-03-19,2026-03-19,Annual,True,Active,False,,16
9487,9487,4,2025-09-12,2025-10-12,Monthly,True,Active,False,,10
9488,9488,5,2025-07-23,2026-07-23,Annual,True,Active,False,,12
9489,9489,5,2024-06-19,2025-06-19,Annual,True,Active,False,,25
9490,9490,4,2024-02-29,2024-04-14,Monthly,False,Expired,True,2024-04-14,29
9491,9491,2,2024-09-30,2024-10-30,Monthly,True,Active,False,,22
9492,9492,4,2024-11-23,2024-12-23,Monthly,True,Active,False,,20
9493,9493,3,2024-01-18,2024-02-18,Monthly,True,Active,False,,30
9494,9494,2,2025-03-10,2025-04-10,Monthly,True,Active,False,,16
9495,9495,3,2024-10-31,2025-03-20,Monthly,True,Cancelled,True,2025-03-20,21
9496,9496,6,2025-05-22,2026-02-27,Annual,True,Cancelled,True,2026-02-27,14
9497,9497,3,2024-07-16,2024-08-16,Monthly,True,Active,False,,24
9498,9498,2,2024-10-06,2024-11-06,Monthly,True,Active,False,,21
9499,9499,5,2025-08-24,2026-08-24,Annual,True,Active,False,,11
9500,9500,6,2025-12-01,2026-12-01,Annual,True,Active,False,,7
9501,9501,1,2025-07-26,2025-08-26,Monthly,True,Active,False,,12
9502,9502,5,2025-03-26,2026-03-26,Annual,True,Active,False,,16
9503,9503,2,2025-02-19,2025-03-19,Monthly,True,Active,False,,17
9504,9504,5,2024-05-04,2025-05-04,Annual,True,Active,False,,26
9505,9505,2,2025-11-12,2025-12-12,Monthly,True,Active,False,,8
9506,9506,5,2024-10-04,2025-10-04,Annual,True,Active,False,,21
9507,9507,1,2025-01-01,2025-02-01,Monthly,True,Active,False,,18
9508,9508,2,2025-05-06,2025-06-06,Monthly,True,Active,False,,14
9509,9509,5,2024-10-31,2025-10-31,Annual,True,Active,False,,21
9510,9510,2,2024-05-16,2024-06-16,Monthly,True,Active,False,,26
9511,9511,5,2024-12-13,2025-12-13,Annual,True,Active,False,,19
9512,9512,2,2025-07-21,2025-08-21,Monthly,True,Active,False,,12
9513,9513,5,2024-12-03,2025-12-03,Annual,True,Active,False,,19
9514,9514,6,2025-01-20,2026-01-20,Annual,True,Active,False,,18
9515,9515,2,2025-10-01,2025-11-01,Monthly,True,Active,False,,9
9516,9516,3,2024-03-11,2024-04-11,Monthly,True,Active,False,,28
9517,9517,3,2025-09-27,2025-10-27,Monthly,True,Active,False,,10
9518,9518,6,2024-06-08,2025-06-08,Annual,True,Active,False,,25
9519,9519,5,2025-08-31,2026-08-31,Annual,False,Active,False,,11
9520,9520,2,2024-01-14,2024-02-14,Monthly,False,Active,False,,30
9521,9521,5,2026-01-03,2026-07-30,Annual,False,Expired,True,2026-07-30,6
9522,9522,5,2025-03-22,2026-03-22,Annual,True,Active,False,,16
9523,9523,2,2024-02-28,2024-05-19,Monthly,True,Cancelled,True,2024-05-19,29
9524,9524,3,2025-07-24,2025-09-23,Monthly,True,Cancelled,True,2025-09-23,12
9525,9525,5,2024-04-05,2025-04-05,Annual,True,Active,False,,27
9526,9526,6,2024-10-30,2025-10-30,Annual,True,Active,False,,21
9527,9527,5,2025-07-21,2026-01-22,Annual,False,Expired,True,2026-01-22,12
9528,9528,3,2024-01-28,2024-02-28,Monthly,True,Active,False,,30
9529,9529,1,2024-09-28,2024-10-28,Monthly,False,Active,False,,22
9530,9530,5,2025-04-08,2026-04-08,Annual,True,Active,False,,15
9531,9531,5,2024-08-28,2025-08-28,Annual,True,Active,False,,23
9532,9532,2,2024-05-30,2024-06-30,Monthly,True,Active,False,,26
9533,9533,5,2025-03-24,2026-03-24,Annual,True,Active,False,,16
9534,9534,2,2025-03-08,2025-04-08,Monthly,True,Active,False,,16
9535,9535,5,2025-11-04,2026-11-04,Annual,True,Active,False,,8
9536,9536,6,2025-08-04,2026-08-04,Annual,True,Active,False,,11
9537,9537,6,2025-01-22,2026-01-22,Annual,True,Active,False,,18
9538,9538,2,2025-04-29,2025-05-29,Monthly,True,Active,False,,15
9539,9539,6,2024-11-02,2025-11-02,Annual,True,Active,False,,20
9540,9540,5,2024-06-09,2025-06-09,Annual,True,Active,False,,25
9541,9541,5,2024-09-23,2025-09-23,Annual,True,Active,False,,22
9542,9542,3,2025-11-03,2025-12-03,Monthly,True,Active,False,,8
9543,9543,5,2025-04-13,2026-04-13,Annual,True,Active,False,,15
9544,9544,5,2024-07-29,2025-04-18,Annual,True,Cancelled,True,2025-04-18,24
9545,9545,2,2024-12-01,2025-01-01,Monthly,True,Active,False,,19
9546,9546,4,2024-12-29,2025-01-29,Monthly,True,Active,False,,19
9547,9547,2,2025-10-03,2026-03-24,Monthly,True,Cancelled,True,2026-03-24,9
9548,9548,2,2024-04-20,2024-05-20,Monthly,True,Active,False,,27
9549,9549,2,2024-05-30,2024-06-30,Monthly,True,Active,False,,26
9550,9550,5,2025-03-27,2026-03-27,Annual,True,Active,False,,16
9551,9551,3,2024-06-22,2024-07-22,Monthly,True,Active,False,,25
9552,9552,6,2024-10-27,2025-10-27,Annual,True,Active,False,,21
9553,9553,2,2025-11-16,2025-12-16,Monthly,True,Active,False,,8
9554,9554,4,2025-01-31,2025-02-28,Monthly,True,Active,False,,18
9555,9555,2,2024-11-09,2025-03-20,Monthly,False,Cancelled,True,2025-03-20,20
9556,9556,2,2025-05-25,2025-10-17,Monthly,False,Expired,True,2025-10-17,14
9557,9557,2,2025-02-16,2025-05-31,Monthly,False,Cancelled,True,2025-05-31,17
9558,9558,2,2024-02-11,2024-03-11,Monthly,True,Active,False,,29
9559,9559,2,2025-01-15,2025-02-15,Monthly,True,Active,False,,18
9560,9560,6,2025-11-10,2026-11-10,Annual,True,Active,False,,8
9561,9561,3,2024-06-23,2024-07-23,Monthly,False,Active,False,,25
9562,9562,2,2025-07-04,2025-08-04,Monthly,True,Active,False,,12
9563,9563,2,2025-05-29,2025-06-29,Monthly,True,Active,False,,14
9564,9564,2,2024-07-15,2024-08-15,Monthly,True,Active,False,,24
9565,9565,3,2025-11-25,2025-12-25,Monthly,True,Active,False,,8
9566,9566,6,2024-07-27,2025-07-27,Annual,True,Active,False,,24
9567,9567,3,2025-08-02,2025-09-02,Monthly,True,Active,False,,11
9568,9568,5,2025-07-15,2026-07-15,Annual,True,Active,False,,12
9569,9569,3,2024-10-02,2024-11-02,Monthly,True,Active,False,,21
9570,9570,5,2024-11-15,2025-11-15,Annual,True,Active,False,,20
9571,9571,4,2024-07-12,2024-08-12,Monthly,True,Active,False,,24
9572,9572,2,2024-08-13,2024-09-13,Monthly,True,Active,False,,23
9573,9573,5,2024-10-09,2025-10-09,Annual,True,Active,False,,21
9574,9574,6,2025-11-11,2026-11-11,Annual,True,Active,False,,8
9575,9575,3,2025-01-19,2025-02-19,Monthly,True,Active,False,,18
9576,9576,2,2024-07-19,2024-08-19,Monthly,True,Active,False,,24
9577,9577,4,2025-09-13,2025-10-13,Monthly,False,Active,False,,10
9578,9578,5,2024-02-18,2025-02-18,Annual,False,Active,False,,29
9579,9579,3,2024-11-29,2024-12-29,Monthly,True,Active,False,,20
9580,9580,6,2025-02-05,2026-02-05,Annual,True,Active,False,,17
9581,9581,5,2025-10-03,2026-10-03,Annual,True,Active,False,,9
9582,9582,5,2024-07-23,2025-07-23,Annual,True,Active,False,,24
9583,9583,2,2024-06-16,2024-07-16,Monthly,False,Active,False,,25
9584,9584,2,2025-11-10,2025-12-10,Monthly,True,Active,False,,8
9585,9585,5,2025-02-01,2026-02-01,Annual,True,Active,False,,17
9586,9586,2,2024-11-19,2024-12-19,Monthly,True,Active,False,,20
9587,9587,5,2024-07-12,2025-07-12,Annual,True,Active,False,,24
9588,9588,2,2025-11-20,2025-12-20,Monthly,True,Active,False,,8
9589,9589,2,2025-03-19,2025-04-19,Monthly,True,Active,False,,16
9590,9590,6,2024-04-09,2025-01-03,Annual,False,Expired,True,2025-01-03,27
9591,9591,3,2025-10-26,2025-11-26,Monthly,True,Active,False,,9
9592,9592,1,2025-02-26,2025-03-26,Monthly,True,Active,False,,17
9593,9593,2,2025-07-23,2025-08-23,Monthly,True,Active,False,,12
9594,9594,3,2024-02-08,2024-03-08,Monthly,True,Active,False,,29
9595,9595,2,2025-03-27,2025-04-27,Monthly,False,Active,False,,16
9596,9596,2,2025-10-21,2025-11-21,Monthly,True,Active,False,,9
9597,9597,2,2025-07-12,2025-08-12,Monthly,True,Active,False,,12
9598,9598,4,2024-05-30,2024-06-30,Monthly,True,Active,False,,26
9599,9599,4,2025-01-27,2025-02-27,Monthly,True,Active,False,,18
9600,9600,2,2024-04-27,2024-05-27,Monthly,True,Active,False,,27
9601,9601,6,2024-06-27,2025-06-27,Annual,True,Active,False,,25
9602,9602,2,2025-04-30,2025-05-30,Monthly,True,Active,False,,15
9603,9603,2,2025-01-24,2025-02-24,Monthly,True,Active,False,,18
9604,9604,4,2024-03-12,2024-04-12,Monthly,True,Active,False,,28
9605,9605,3,2025-06-11,2025-07-11,Monthly,True,Active,False,,13
9606,9606,5,2024-02-19,2025-02-19,Annual,True,Active,False,,29
9607,9607,4,2024-08-15,2024-09-15,Monthly,True,Active,False,,23
9608,9608,5,2025-03-03,2026-03-03,Annual,True,Active,False,,16
9609,9609,2,2024-11-20,2024-12-20,Monthly,True,Active,False,,20
9610,9610,5,2025-09-08,2026-09-08,Annual,True,Active,False,,10
9611,9611,2,2024-12-22,2025-01-22,Monthly,True,Active,False,,19
9612,9612,1,2024-03-12,2024-04-12,Monthly,False,Active,False,,28
9613,9613,2,2025-01-16,2025-02-16,Monthly,True,Active,False,,18
9614,9614,3,2025-10-14,2025-11-14,Monthly,True,Active,False,,9
9615,9615,2,2025-02-17,2025-03-17,Monthly,True,Active,False,,17
9616,9616,2,2024-02-10,2024-03-10,Monthly,True,Active,False,,29
9617,9617,3,2024-10-17,2024-11-17,Monthly,True,Active,False,,21
9618,9618,5,2024-09-30,2025-09-30,Annual,True,Active,False,,22
9619,9619,5,2024-07-25,2025-07-25,Annual,True,Active,False,,24
9620,9620,5,2024-06-22,2025-06-22,Annual,True,Active,False,,25
9621,9621,3,2024-09-21,2024-10-21,Monthly,True,Active,False,,22
9622,9622,5,2025-12-24,2026-12-24,Annual,True,Active,False,,7
9623,9623,1,2024-12-02,2025-01-02,Monthly,True,Active,False,,19
9624,9624,2,2025-07-11,2025-11-27,Monthly,False,Cancelled,True,2025-11-27,12
9625,9625,6,2024-06-01,2025-06-01,Annual,True,Active,False,,25
9626,9626,1,2025-12-01,2026-01-01,Monthly,True,Active,False,,7
9627,9627,3,2024-07-19,2024-08-19,Monthly,True,Active,False,,24
9628,9628,6,2024-11-24,2025-08-18,Annual,True,Cancelled,True,2025-08-18,20
9629,9629,5,2024-04-15,2024-10-18,Annual,True,Cancelled,True,2024-10-18,27
9630,9630,2,2025-07-14,2025-08-14,Monthly,True,Active,False,,12
9631,9631,2,2024-11-12,2024-12-12,Monthly,True,Active,False,,20
9632,9632,4,2024-10-25,2024-11-25,Monthly,True,Active,False,,21
9633,9633,2,2024-05-30,2024-06-30,Monthly,False,Active,False,,26
9634,9634,5,2024-08-21,2025-08-21,Annual,True,Active,False,,23
9635,9635,5,2025-11-17,2026-11-17,Annual,True,Active,False,,8
9636,9636,5,2024-03-27,2025-03-27,Annual,True,Active,False,,28
9637,9637,5,2024-10-11,2025-10-11,Annual,True,Active,False,,21
9638,9638,3,2024-12-02,2025-01-02,Monthly,True,Active,False,,19
9639,9639,6,2025-02-28,2026-02-28,Annual,True,Active,False,,17
9640,9640,3,2024-01-16,2024-02-16,Monthly,True,Active,False,,30
9641,9641,5,2024-09-12,2025-09-12,Annual,True,Active,False,,22
9642,9642,3,2024-12-18,2025-01-18,Monthly,True,Active,False,,19
9643,9643,2,2025-04-22,2025-05-22,Monthly,True,Active,False,,15
9644,9644,4,2025-04-13,2025-05-13,Monthly,True,Active,False,,15
9645,9645,4,2025-06-17,2025-12-10,Monthly,False,Expired,True,2025-12-10,13
9646,9646,3,2025-07-26,2025-08-26,Monthly,True,Active,False,,12
9647,9647,2,2024-02-01,2024-05-29,Monthly,False,Expired,True,2024-05-29,29
9648,9648,5,2025-12-20,2026-07-02,Annual,False,Cancelled,True,2026-07-02,7
9649,9649,3,2024-03-09,2024-04-09,Monthly,True,Active,False,,28
9650,9650,2,2025-02-23,2025-03-23,Monthly,True,Active,False,,17
9651,9651,2,2025-02-20,2025-03-20,Monthly,True,Active,False,,17
9652,9652,4,2025-12-23,2026-01-23,Monthly,True,Active,False,,7
9653,9653,4,2024-08-08,2024-09-08,Monthly,True,Active,False,,23
9654,9654,2,2025-11-24,2025-12-24,Monthly,True,Active,False,,8
9655,9655,5,2025-09-07,2026-09-07,Annual,True,Active,False,,10
9656,9656,2,2025-06-24,2025-07-24,Monthly,True,Active,False,,13
9657,9657,2,2025-01-19,2025-02-19,Monthly,True,Active,False,,18
9658,9658,5,2025-01-28,2026-01-28,Annual,True,Active,False,,18
9659,9659,5,2024-04-13,2025-04-13,Annual,True,Active,False,,27
9660,9660,2,2025-05-29,2025-06-29,Monthly,True,Active,False,,14
9661,9661,1,2024-07-13,2024-08-13,Monthly,True,Active,False,,24
9662,9662,5,2025-02-08,2026-02-08,Annual,True,Active,False,,17
9663,9663,1,2024-05-20,2024-06-20,Monthly,False,Active,False,,26
9664,9664,5,2025-11-23,2026-11-23,Annual,False,Active,False,,8
9665,9665,6,2025-06-18,2026-06-09,Annual,False,Expired,True,2026-06-09,13
9666,9666,4,2025-05-23,2025-06-23,Monthly,True,Active,False,,14
9667,9667,5,2025-12-25,2026-12-25,Annual,True,Active,False,,7
9668,9668,2,2025-08-05,2025-09-05,Monthly,True,Active,False,,11
9669,9669,2,2024-09-15,2024-10-15,Monthly,True,Active,False,,22
9670,9670,1,2025-02-03,2025-03-03,Monthly,True,Active,False,,17
9671,9671,2,2025-03-08,2025-04-08,Monthly,True,Active,False,,16
9672,9672,2,2024-02-05,2024-03-05,Monthly,True,Active,False,,29
9673,9673,3,2025-07-24,2025-08-24,Monthly,False,Active,False,,12
9674,9674,5,2025-05-17,2026-05-17,Annual,True,Active,False,,14
9675,9675,2,2024-03-23,2024-04-23,Monthly,True,Active,False,,28
9676,9676,1,2025-07-04,2025-08-04,Monthly,True,Active,False,,12
9677,9677,5,2025-03-05,2026-03-05,Annual,True,Active,False,,16
9678,9678,5,2025-02-26,2026-02-26,Annual,True,Active,False,,17
9679,9679,3,2025-03-24,2025-04-24,Monthly,True,Active,False,,16
9680,9680,2,2024-08-12,2024-09-12,Monthly,True,Active,False,,23
9681,9681,4,2024-04-03,2024-05-03,Monthly,False,Active,False,,27
9682,9682,2,2025-02-13,2025-03-13,Monthly,True,Active,False,,17
9683,9683,3,2025-07-18,2025-08-18,Monthly,True,Active,False,,12
9684,9684,5,2024-03-14,2025-03-14,Annual,True,Active,False,,28
9685,9685,4,2025-10-19,2025-12-30,Monthly,False,Expired,True,2025-12-30,9
9686,9686,2,2024-08-05,2024-09-05,Monthly,True,Active,False,,23
9687,9687,4,2024-11-13,2024-12-13,Monthly,True,Active,False,,20
9688,9688,2,2024-09-20,2024-10-20,Monthly,True,Active,False,,22
9689,9689,2,2026-01-04,2026-02-04,Monthly,True,Active,False,,6
9690,9690,2,2025-10-12,2025-11-12,Monthly,True,Active,False,,9
9691,9691,2,2025-08-19,2025-09-19,Monthly,True,Active,False,,11
9692,9692,5,2025-08-07,2026-08-07,Annual,True,Active,False,,11
9693,9693,4,2024-04-17,2024-05-17,Monthly,True,Active,False,,27
9694,9694,2,2025-06-06,2025-07-06,Monthly,True,Active,False,,13
9695,9695,2,2025-01-13,2025-05-17,Monthly,True,Cancelled,True,2025-05-17,18
9696,9696,5,2026-01-29,2027-01-29,Annual,True,Active,False,,6
9697,9697,2,2024-03-12,2024-04-12,Monthly,True,Active,False,,28
9698,9698,5,2025-04-19,2026-04-19,Annual,True,Active,False,,15
9699,9699,4,2025-01-28,2025-02-28,Monthly,True,Active,False,,18
9700,9700,2,2024-09-29,2024-10-29,Monthly,True,Active,False,,22
9701,9701,2,2024-05-06,2024-06-06,Monthly,True,Active,False,,26
9702,9702,2,2025-02-05,2025-03-05,Monthly,True,Active,False,,17
9703,9703,3,2024-05-11,2024-06-11,Monthly,True,Active,False,,26
9704,9704,2,2025-04-22,2025-05-22,Monthly,True,Active,False,,15
9705,9705,2,2025-10-29,2025-11-29,Monthly,False,Active,False,,9
9706,9706,6,2024-10-05,2025-06-12,Annual,False,Cancelled,True,2025-06-12,21
9707,9707,4,2025-01-12,2025-02-12,Monthly,True,Active,False,,18
9708,9708,5,2024-02-05,2025-02-05,Annual,True,Active,False,,29
9709,9709,2,2024-06-25,2024-07-25,Monthly,True,Active,False,,25
9710,9710,5,2025-08-24,2026-08-24,Annual,True,Active,False,,11
9711,9711,5,2024-04-03,2025-04-03,Annual,True,Active,False,,27
9712,9712,5,2026-01-24,2027-01-24,Annual,True,Active,False,,6
9713,9713,6,2025-12-30,2026-07-30,Annual,True,Cancelled,True,2026-07-30,7
9714,9714,3,2025-09-24,2025-10-24,Monthly,True,Active,False,,10
9715,9715,2,2025-02-19,2025-03-19,Monthly,True,Active,False,,17
9716,9716,1,2024-05-06,2024-06-06,Monthly,True,Active,False,,26
9717,9717,5,2025-04-04,2026-04-04,Annual,True,Active,False,,15
9718,9718,5,2024-02-27,2025-02-27,Annual,True,Active,False,,29
9719,9719,2,2025-07-09,2025-08-09,Monthly,False,Active,False,,12
9720,9720,5,2024-09-19,2025-09-19,Annual,True,Active,False,,22
9721,9721,2,2025-09-05,2025-10-05,Monthly,True,Active,False,,10
9722,9722,5,2024-02-27,2025-02-27,Annual,True,Active,False,,29
9723,9723,6,2024-07-14,2025-07-14,Annual,True,Active,False,,24
9724,9724,5,2025-04-08,2026-04-08,Annual,True,Active,False,,15
9725,9725,2,2024-11-24,2024-12-24,Monthly,True,Active,False,,20
9726,9726,6,2025-11-12,2026-11-12,Annual,True,Active,False,,8
9727,9727,5,2025-10-22,2026-10-22,Annual,True,Active,False,,9
9728,9728,5,2024-12-26,2025-12-26,Annual,True,Active,False,,19
9729,9729,6,2025-04-23,2026-04-23,Annual,True,Active,False,,15
9730,9730,6,2025-06-22,2026-06-22,Annual,True,Active,False,,13
9731,9731,2,2025-11-26,2025-12-26,Monthly,True,Active,False,,8
9732,9732,2,2024-03-02,2024-04-02,Monthly,True,Active,False,,28
9733,9733,3,2024-12-16,2025-01-16,Monthly,True,Active,False,,19
9734,9734,5,2025-07-02,2026-07-02,Annual,True,Active,False,,12
9735,9735,3,2024-06-19,2024-07-19,Monthly,True,Active,False,,25
9736,9736,4,2026-01-03,2026-02-03,Monthly,True,Active,False,,6
9737,9737,4,2025-11-15,2025-12-15,Monthly,True,Active,False,,8
9738,9738,5,2025-12-24,2026-12-24,Annual,False,Active,False,,7
9739,9739,3,2024-02-19,2024-03-19,Monthly,True,Active,False,,29
9740,9740,2,2025-06-04,2025-07-04,Monthly,True,Active,False,,13
9741,9741,4,2024-12-25,2025-01-25,Monthly,True,Active,False,,19
9742,9742,5,2024-11-20,2025-05-20,Annual,True,Cancelled,True,2025-05-20,20
9743,9743,2,2025-10-27,2025-11-27,Monthly,True,Active,False,,9
9744,9744,2,2024-05-10,2024-06-10,Monthly,True,Active,False,,26
9745,9745,2,2024-06-11,2024-07-11,Monthly,True,Active,False,,25
9746,9746,3,2025-08-08,2025-09-08,Monthly,False,Active,False,,11
9747,9747,5,2024-09-14,2025-09-14,Annual,True,Active,False,,22
9748,9748,1,2025-09-17,2025-10-17,Monthly,True,Active,False,,10
9749,9749,5,2025-03-14,2026-03-14,Annual,True,Active,False,,16
9750,9750,5,2024-09-02,2025-09-02,Annual,True,Active,False,,22
9751,9751,4,2024-07-29,2024-08-29,Monthly,False,Active,False,,24
9752,9752,1,2025-10-30,2026-03-30,Monthly,False,Cancelled,True,2026-03-30,9
9753,9753,4,2025-03-02,2025-04-02,Monthly,True,Active,False,,16
9754,9754,5,2025-02-17,2026-02-17,Annual,True,Active,False,,17
9755,9755,5,2024-10-23,2025-10-23,Annual,True,Active,False,,21
9756,9756,3,2024-02-01,2024-03-01,Monthly,True,Active,False,,29
9757,9757,2,2025-10-23,2025-11-23,Monthly,True,Active,False,,9
9758,9758,6,2024-01-29,2025-01-29,Annual,True,Active,False,,30
9759,9759,4,2024-07-04,2024-10-07,Monthly,False,Expired,True,2024-10-07,24
9760,9760,6,2024-12-02,2025-12-02,Annual,True,Active,False,,19
9761,9761,1,2024-09-03,2024-10-03,Monthly,True,Active,False,,22
9762,9762,2,2025-11-09,2025-12-09,Monthly,False,Active,False,,8
9763,9763,4,2025-08-20,2025-09-20,Monthly,False,Active,False,,11
9764,9764,5,2025-03-03,2025-09-24,Annual,True,Cancelled,True,2025-09-24,16
9765,9765,2,2024-08-11,2024-09-11,Monthly,False,Active,False,,23
9766,9766,3,2025-02-19,2025-03-19,Monthly,True,Active,False,,17
9767,9767,5,2024-03-07,2025-03-07,Annual,True,Active,False,,28
9768,9768,2,2025-07-02,2025-08-02,Monthly,True,Active,False,,12
9769,9769,3,2025-05-25,2025-06-25,Monthly,True,Active,False,,14
9770,9770,3,2024-01-15,2024-02-15,Monthly,True,Active,False,,30
9771,9771,6,2025-10-06,2026-10-06,Annual,True,Active,False,,9
9772,9772,5,2024-11-07,2025-11-07,Annual,True,Active,False,,20
9773,9773,2,2024-02-21,2024-03-21,Monthly,True,Active,False,,29
9774,9774,1,2024-04-16,2024-05-16,Monthly,True,Active,False,,27
9775,9775,6,2025-10-21,2026-10-21,Annual,True,Active,False,,9
9776,9776,5,2024-03-10,2025-03-10,Annual,True,Active,False,,28
9777,9777,3,2025-12-09,2026-01-09,Monthly,True,Active,False,,7
9778,9778,2,2024-06-29,2024-07-29,Monthly,True,Active,False,,25
9779,9779,5,2025-12-29,2026-12-29,Annual,True,Active,False,,7
9780,9780,3,2025-02-02,2025-03-02,Monthly,True,Active,False,,17
9781,9781,4,2025-12-02,2026-01-02,Monthly,True,Active,False,,7
9782,9782,3,2024-07-28,2024-08-28,Monthly,True,Active,False,,24
9783,9783,2,2024-05-20,2024-06-20,Monthly,True,Active,False,,26
9784,9784,6,2024-01-24,2025-01-24,Annual,True,Active,False,,30
9785,9785,3,2024-03-15,2024-04-15,Monthly,True,Active,False,,28
9786,9786,2,2024-03-10,2024-04-10,Monthly,True,Active,False,,28
9787,9787,2,2025-06-22,2025-07-22,Monthly,True,Active,False,,13
9788,9788,3,2024-01-06,2024-06-08,Monthly,True,Cancelled,True,2024-06-08,30
9789,9789,3,2025-04-05,2025-05-05,Monthly,True,Active,False,,15
9790,9790,5,2025-11-14,2026-11-14,Annual,False,Active,False,,8
9791,9791,6,2025-08-17,2026-08-17,Annual,True,Active,False,,11
9792,9792,2,2025-03-27,2025-04-27,Monthly,False,Active,False,,16
9793,9793,5,2024-07-04,2025-07-04,Annual,True,Active,False,,24
9794,9794,2,2024-02-08,2024-03-08,Monthly,True,Active,False,,29
9795,9795,2,2024-08-30,2024-09-30,Monthly,False,Active,False,,23
9796,9796,6,2024-11-21,2025-11-21,Annual,True,Active,False,,20
9797,9797,3,2025-04-12,2025-05-12,Monthly,True,Active,False,,15
9798,9798,6,2024-11-02,2025-11-02,Annual,True,Active,False,,20
9799,9799,1,2025-06-25,2025-07-25,Monthly,True,Active,False,,13
9800,9800,3,2025-08-25,2026-01-04,Monthly,True,Cancelled,True,2026-01-04,11
9801,9801,6,2025-08-17,2026-08-17,Annual,True,Active,False,,11
9802,9802,2,2024-07-03,2024-08-03,Monthly,False,Active,False,,24
9803,9803,2,2025-12-23,2026-01-23,Monthly,True,Active,False,,7
9804,9804,5,2024-02-08,2025-02-08,Annual,True,Active,False,,29
9805,9805,5,2025-05-20,2026-05-20,Annual,True,Active,False,,14
9806,9806,2,2024-10-20,2024-11-20,Monthly,False,Active,False,,21
9807,9807,5,2024-06-26,2025-06-26,Annual,True,Active,False,,25
9808,9808,2,2025-03-07,2025-04-07,Monthly,True,Active,False,,16
9809,9809,5,2024-10-14,2025-10-14,Annual,True,Active,False,,21
9810,9810,5,2024-05-21,2025-05-21,Annual,True,Active,False,,26
9811,9811,2,2024-12-13,2025-01-13,Monthly,True,Active,False,,19
9812,9812,2,2025-11-18,2025-12-20,Monthly,True,Cancelled,True,2025-12-20,8
9813,9813,2,2025-04-01,2025-05-19,Monthly,False,Expired,True,2025-05-19,15
9814,9814,5,2024-12-15,2025-12-15,Annual,True,Active,False,,19
9815,9815,5,2024-08-14,2025-08-14,Annual,False,Active,False,,23
9816,9816,3,2025-02-18,2025-03-18,Monthly,True,Active,False,,17
9817,9817,2,2024-10-27,2025-03-14,Monthly,True,Cancelled,True,2025-03-14,21
9818,9818,4,2026-01-18,2026-02-18,Monthly,True,Active,False,,6
9819,9819,4,2025-12-15,2026-01-15,Monthly,False,Active,False,,7
9820,9820,2,2024-05-12,2024-06-12,Monthly,True,Active,False,,26
9821,9821,2,2024-10-31,2024-11-30,Monthly,True,Active,False,,21
9822,9822,5,2025-06-02,2026-06-02,Annual,True,Active,False,,13
9823,9823,5,2025-10-30,2026-10-30,Annual,True,Active,False,,9
9824,9824,5,2024-04-12,2025-04-12,Annual,True,Active,False,,27
9825,9825,2,2025-07-03,2025-08-03,Monthly,True,Active,False,,12
9826,9826,2,2024-07-27,2024-08-27,Monthly,True,Active,False,,24
9827,9827,3,2025-04-28,2025-05-28,Monthly,True,Active,False,,15
9828,9828,2,2024-10-15,2024-11-15,Monthly,True,Active,False,,21
9829,9829,6,2024-07-13,2025-07-13,Annual,True,Active,False,,24
9830,9830,2,2024-08-18,2024-09-18,Monthly,False,Active,False,,23
9831,9831,2,2024-10-29,2024-11-29,Monthly,True,Active,False,,21
9832,9832,4,2024-06-07,2024-08-12,Monthly,False,Cancelled,True,2024-08-12,25
9833,9833,3,2024-01-19,2024-02-19,Monthly,True,Active,False,,30
9834,9834,2,2024-05-16,2024-06-16,Monthly,True,Active,False,,26
9835,9835,5,2024-02-21,2025-02-21,Annual,True,Active,False,,29
9836,9836,4,2025-03-11,2025-04-11,Monthly,True,Active,False,,16
9837,9837,4,2024-11-09,2024-12-09,Monthly,True,Active,False,,20
9838,9838,3,2025-12-24,2026-01-24,Monthly,True,Active,False,,7
9839,9839,3,2025-10-14,2025-11-14,Monthly,False,Active,False,,9
9840,9840,5,2024-05-18,2025-05-18,Annual,True,Active,False,,26
9841,9841,4,2024-07-03,2024-08-03,Monthly,True,Active,False,,24
9842,9842,5,2024-11-04,2025-11-04,Annual,True,Active,False,,20
9843,9843,5,2024-11-11,2025-11-11,Annual,True,Active,False,,20
9844,9844,2,2025-09-09,2025-10-09,Monthly,False,Active,False,,10
9845,9845,5,2024-01-23,2025-01-23,Annual,True,Active,False,,30
9846,9846,5,2024-08-17,2025-08-17,Annual,True,Active,False,,23
9847,9847,2,2025-07-09,2025-08-09,Monthly,True,Active,False,,12
9848,9848,5,2024-03-16,2025-03-16,Annual,True,Active,False,,28
9849,9849,5,2025-03-29,2026-03-29,Annual,True,Active,False,,16
9850,9850,4,2024-10-30,2024-11-30,Monthly,True,Active,False,,21
9851,9851,2,2024-08-09,2024-09-09,Monthly,True,Active,False,,23
9852,9852,6,2025-08-01,2026-08-01,Annual,True,Active,False,,11
9853,9853,3,2024-06-24,2024-07-24,Monthly,False,Active,False,,25
9854,9854,1,2025-02-06,2025-03-06,Monthly,False,Active,False,,17
9855,9855,6,2025-09-02,2026-04-26,Annual,True,Cancelled,True,2026-04-26,10
9856,9856,6,2024-08-20,2025-08-20,Annual,True,Active,False,,23
9857,9857,4,2024-02-10,2024-04-03,Monthly,True,Cancelled,True,2024-04-03,29
9858,9858,5,2025-03-13,2026-03-13,Annual,True,Active,False,,16
9859,9859,2,2025-03-20,2025-04-20,Monthly,True,Active,False,,16
9860,9860,6,2025-09-22,2026-09-22,Annual,False,Active,False,,10
9861,9861,2,2025-11-28,2026-03-18,Monthly,False,Expired,True,2026-03-18,8
9862,9862,5,2025-12-18,2026-12-18,Annual,True,Active,False,,7
9863,9863,1,2024-10-27,2024-11-27,Monthly,True,Active,False,,21
9864,9864,2,2025-12-18,2026-01-18,Monthly,False,Active,False,,7
9865,9865,2,2024-09-16,2024-10-16,Monthly,True,Active,False,,22
9866,9866,5,2025-08-17,2026-08-17,Annual,True,Active,False,,11
9867,9867,5,2025-06-30,2026-06-30,Annual,True,Active,False,,13
9868,9868,2,2024-04-25,2024-05-25,Monthly,True,Active,False,,27
9869,9869,5,2025-11-23,2026-11-23,Annual,True,Active,False,,8
9870,9870,2,2024-04-05,2024-07-15,Monthly,False,Cancelled,True,2024-07-15,27
9871,9871,5,2024-07-14,2025-07-14,Annual,True,Active,False,,24
9872,9872,3,2024-08-27,2024-09-27,Monthly,False,Active,False,,23
9873,9873,5,2025-07-11,2026-07-11,Annual,True,Active,False,,12
9874,9874,3,2025-06-20,2025-07-20,Monthly,True,Active,False,,13
9875,9875,5,2024-10-29,2025-10-29,Annual,True,Active,False,,21
9876,9876,3,2024-10-12,2024-12-18,Monthly,False,Cancelled,True,2024-12-18,21
9877,9877,2,2024-07-23,2024-08-23,Monthly,True,Active,False,,24
9878,9878,5,2024-03-21,2025-03-21,Annual,True,Active,False,,28
9879,9879,5,2024-06-25,2025-06-25,Annual,True,Active,False,,25
9880,9880,2,2025-08-27,2025-09-27,Monthly,True,Active,False,,11
9881,9881,3,2024-05-22,2024-10-16,Monthly,False,Expired,True,2024-10-16,26
9882,9882,5,2024-05-20,2025-05-20,Annual,True,Active,False,,26
9883,9883,2,2025-11-11,2025-12-11,Monthly,True,Active,False,,8
9884,9884,2,2025-12-30,2026-06-04,Monthly,False,Cancelled,True,2026-06-04,7
9885,9885,3,2024-06-30,2024-09-10,Monthly,True,Cancelled,True,2024-09-10,25
9886,9886,2,2025-08-10,2025-09-10,Monthly,True,Active,False,,11
9887,9887,5,2024-04-01,2025-04-01,Annual,True,Active,False,,27
9888,9888,5,2024-04-03,2024-12-22,Annual,True,Cancelled,True,2024-12-22,27
9889,9889,3,2025-08-24,2025-09-24,Monthly,True,Active,False,,11
9890,9890,1,2024-12-28,2025-01-28,Monthly,True,Active,False,,19
9891,9891,2,2025-07-24,2025-08-24,Monthly,True,Active,False,,12
9892,9892,3,2024-06-20,2024-07-20,Monthly,True,Active,False,,25
9893,9893,2,2024-10-12,2024-11-12,Monthly,True,Active,False,,21
9894,9894,4,2024-01-26,2024-02-26,Monthly,True,Active,False,,30
9895,9895,3,2025-09-20,2025-10-20,Monthly,False,Active,False,,10
9896,9896,5,2025-08-12,2026-08-12,Annual,True,Active,False,,11
9897,9897,5,2025-02-15,2026-02-15,Annual,False,Active,False,,17
9898,9898,5,2024-07-02,2025-07-02,Annual,True,Active,False,,24
9899,9899,2,2025-07-23,2025-08-23,Monthly,True,Active,False,,12
9900,9900,6,2025-08-20,2026-08-20,Annual,True,Active,False,,11
9901,9901,4,2024-08-05,2024-09-05,Monthly,False,Active,False,,23
9902,9902,1,2026-01-20,2026-02-20,Monthly,False,Active,False,,6
9903,9903,4,2025-11-26,2026-03-01,Monthly,False,Expired,True,2026-03-01,8
9904,9904,6,2024-11-05,2025-11-05,Annual,True,Active,False,,20
9905,9905,2,2025-05-17,2025-06-17,Monthly,True,Active,False,,14
9906,9906,1,2025-10-31,2026-04-07,Monthly,False,Expired,True,2026-04-07,9
9907,9907,5,2025-11-13,2026-11-13,Annual,True,Active,False,,8
9908,9908,2,2024-12-18,2025-01-18,Monthly,True,Active,False,,19
9909,9909,2,2024-01-10,2024-02-10,Monthly,True,Active,False,,30
9910,9910,4,2025-01-19,2025-03-23,Monthly,False,Expired,True,2025-03-23,18
9911,9911,4,2025-11-13,2025-12-13,Monthly,True,Active,False,,8
9912,9912,2,2024-02-17,2024-03-17,Monthly,True,Active,False,,29
9913,9913,3,2024-01-29,2024-02-29,Monthly,True,Active,False,,30
9914,9914,5,2024-04-30,2025-04-30,Annual,True,Active,False,,27
9915,9915,5,2025-07-05,2026-07-05,Annual,True,Active,False,,12
9916,9916,4,2024-10-12,2024-11-12,Monthly,True,Active,False,,21
9917,9917,5,2025-02-05,2026-02-05,Annual,True,Active,False,,17
9918,9918,5,2024-08-28,2025-08-28,Annual,True,Active,False,,23
9919,9919,5,2024-12-18,2025-12-18,Annual,True,Active,False,,19
9920,9920,6,2025-08-03,2026-08-03,Annual,True,Active,False,,11
9921,9921,2,2025-03-07,2025-04-07,Monthly,True,Active,False,,16
9922,9922,5,2025-06-06,2026-06-06,Annual,True,Active,False,,13
9923,9923,1,2025-08-06,2025-09-06,Monthly,True,Active,False,,11
9924,9924,2,2025-08-18,2025-09-18,Monthly,True,Active,False,,11
9925,9925,3,2025-11-13,2025-12-13,Monthly,True,Active,False,,8
9926,9926,5,2024-07-17,2025-07-17,Annual,True,Active,False,,24
9927,9927,4,2025-07-03,2025-08-03,Monthly,True,Active,False,,12
9928,9928,4,2024-11-01,2024-12-01,Monthly,True,Active,False,,20
9929,9929,3,2024-05-04,2024-06-04,Monthly,True,Active,False,,26
9930,9930,3,2024-07-28,2025-01-21,Monthly,True,Cancelled,True,2025-01-21,24
9931,9931,2,2024-10-05,2024-11-05,Monthly,False,Active,False,,21
9932,9932,5,2025-09-03,2026-09-03,Annual,True,Active,False,,10
9933,9933,3,2024-04-23,2024-05-23,Monthly,True,Active,False,,27
9934,9934,6,2024-10-26,2025-10-26,Annual,True,Active,False,,21
9935,9935,2,2025-08-08,2025-09-08,Monthly,True,Active,False,,11
9936,9936,5,2025-04-16,2026-04-16,Annual,True,Active,False,,15
9937,9937,6,2024-12-11,2025-12-11,Annual,True,Active,False,,19
9938,9938,5,2025-03-08,2026-03-08,Annual,True,Active,False,,16
9939,9939,2,2024-05-29,2024-09-21,Monthly,True,Cancelled,True,2024-09-21,26
9940,9940,3,2024-03-07,2024-04-07,Monthly,True,Active,False,,28
9941,9941,2,2024-12-31,2025-01-31,Monthly,True,Active,False,,19
9942,9942,2,2024-04-22,2024-05-22,Monthly,True,Active,False,,27
9943,9943,3,2025-08-28,2025-09-28,Monthly,True,Active,False,,11
9944,9944,3,2024-07-19,2024-08-19,Monthly,True,Active,False,,24
9945,9945,5,2024-08-06,2025-08-06,Annual,True,Active,False,,23
9946,9946,2,2024-01-21,2024-02-21,Monthly,True,Active,False,,30
9947,9947,3,2026-01-03,2026-06-23,Monthly,False,Expired,True,2026-06-23,6
9948,9948,5,2024-10-18,2025-10-18,Annual,True,Active,False,,21
9949,9949,1,2024-04-14,2024-05-14,Monthly,True,Active,False,,27
9950,9950,5,2025-03-10,2026-03-10,Annual,True,Active,False,,16
9951,9951,3,2024-04-30,2024-05-30,Monthly,True,Active,False,,27
9952,9952,2,2024-07-31,2024-08-31,Monthly,True,Active,False,,24
9953,9953,2,2024-12-02,2025-01-02,Monthly,True,Active,False,,19
9954,9954,2,2024-02-11,2024-07-20,Monthly,True,Cancelled,True,2024-07-20,29
9955,9955,3,2025-07-19,2025-08-19,Monthly,True,Active,False,,12
9956,9956,5,2024-06-10,2025-06-10,Annual,True,Active,False,,25
9957,9957,1,2024-04-19,2024-05-19,Monthly,True,Active,False,,27
9958,9958,3,2024-05-16,2024-06-16,Monthly,True,Active,False,,26
9959,9959,6,2025-10-07,2026-10-07,Annual,True,Active,False,,9
9960,9960,3,2024-01-31,2024-02-29,Monthly,True,Active,False,,30
9961,9961,2,2024-07-04,2024-08-04,Monthly,True,Active,False,,24
9962,9962,1,2025-07-08,2025-08-08,Monthly,True,Active,False,,12
9963,9963,2,2024-05-04,2024-06-04,Monthly,True,Active,False,,26
9964,9964,5,2024-05-07,2025-05-07,Annual,True,Active,False,,26
9965,9965,2,2024-03-04,2024-04-04,Monthly,True,Active,False,,28
9966,9966,2,2024-07-29,2024-11-15,Monthly,False,Expired,True,2024-11-15,24
9967,9967,5,2025-05-05,2026-05-05,Annual,True,Active,False,,14
9968,9968,2,2024-07-01,2024-08-01,Monthly,True,Active,False,,24
9969,9969,5,2025-07-01,2026-07-01,Annual,True,Active,False,,12
9970,9970,2,2025-10-28,2025-11-28,Monthly,True,Active,False,,9
9971,9971,2,2025-03-14,2025-04-14,Monthly,True,Active,False,,16
9972,9972,5,2024-10-18,2025-10-18,Annual,True,Active,False,,21
9973,9973,5,2025-01-08,2026-01-08,Annual,True,Active,False,,18
9974,9974,3,2024-12-06,2025-01-06,Monthly,True,Active,False,,19
9975,9975,2,2025-03-26,2025-04-26,Monthly,True,Active,False,,16
9976,9976,2,2024-05-10,2024-06-10,Monthly,False,Active,False,,26
9977,9977,5,2024-06-21,2025-06-21,Annual,True,Active,False,,25
9978,9978,3,2025-10-14,2025-11-14,Monthly,True,Active,False,,9
9979,9979,3,2025-07-24,2025-12-19,Monthly,False,Expired,True,2025-12-19,12
9980,9980,2,2024-12-01,2025-01-01,Monthly,True,Active,False,,19
9981,9981,5,2025-10-07,2026-10-07,Annual,True,Active,False,,9
9982,9982,4,2025-05-27,2025-06-27,Monthly,True,Active,False,,14
9983,9983,5,2024-07-14,2025-07-14,Annual,True,Active,False,,24
9984,9984,3,2025-09-19,2025-10-19,Monthly,True,Active,False,,10
9985,9985,4,2024-01-09,2024-02-09,Monthly,True,Active,False,,30
9986,9986,2,2025-12-20,2026-01-20,Monthly,True,Active,False,,7
9987,9987,2,2024-11-07,2024-12-07,Monthly,True,Active,False,,20
9988,9988,3,2025-09-21,2025-10-21,Monthly,True,Active,False,,10
9989,9989,5,2025-11-06,2026-11-06,Annual,True,Active,False,,8
9990,9990,5,2025-12-04,2026-12-04,Annual,True,Active,False,,7
9991,9991,5,2024-10-22,2025-10-22,Annual,True,Active,False,,21
9992,9992,5,2025-12-10,2026-12-10,Annual,True,Active,False,,7
9993,9993,3,2025-06-27,2025-10-25,Monthly,False,Expired,True,2025-10-25,13
9994,9994,6,2025-03-29,2026-03-29,Annual,True,Active,False,,16
9995,9995,5,2024-10-04,2025-10-04,Annual,True,Active,False,,21
9996,9996,5,2025-01-28,2026-01-28,Annual,True,Active,False,,18
9997,9997,5,2024-07-11,2025-07-11,Annual,True,Active,False,,24
9998,9998,4,2024-10-25,2024-11-25,Monthly,True,Active,False,,21
9999,9999,6,2024-08-27,2025-08-27,Annual,True,Active,False,,23
10000,10000,2,2024-07-21,2024-08-21,Monthly,True,Active,False,,24
